hit_id,question_id,question_text,option_a,option_b,option_c,option_d,correct_answer,condition,facts_json,semantic_distance,distance_bucket
0,157823,What is a primary property of Polyvinylpyrrolidone that makes it useful in pharmaceutical applications?,High electrical conductivity,Water solubility,UV absorption,Magnetic properties,B,without_facts,,15,6-25
1,339255,How many unique enzymes does the nylon-eating bacteria possess for breaking down nylon-related compounds?,"Two (EI, EII)","Three (EI, EII, EIII)","Four (EI, EII, EIII, EIV)",Five (EI through EV),B,without_facts,,388,351-600
2,133058,What was determined regarding Vitamin K presence?,Substantial amounts were identified,No substantial content was found,Optimal levels were confirmed,Concentrated sources were located,B,without_facts,,140,101-200
3,112637,What additional categories does SINPFEMO include compared to SINPO?,"Frequency, Echo, and Modulation","Fading frequency, dEpth, and Modulation","Filter, Enhancement, and Monitoring","Format, Encoding, and Measurement",B,without_facts,,5,1-5
4,317522,In which plant families are toxalbumins primarily found?,Rosaceae and Solanaceae,Brassicaceae and Asteraceae,Leguminosae and Euphorbiaceae,Apiaceae and Malvaceae,C,with_facts,"""Here are the key facts about Toxalbumins:\n\n\u2022 Toxalbumins are toxic plant proteins that disable ribosomes, inhibiting protein synthesis and causing severe cytotoxic effects in multiple organ systems\n\n\u2022 They are dimeric proteins with a lectin component that binds to cell membranes, allowing the toxic part to enter cell contents\n\n\u2022 Toxalbumins are found primarily in the Leguminosae and Euphorbiaceae plant families, with notable examples including abrin and ricin\n\n\u2022 When ingested through intact seeds, toxalbumins are typically harmless, but when injected or inhaled, they can be extremely toxic\n\n\u2022 Toxicity symptoms include a latent period followed by nausea, vomiting, diarrhoea, delirium, seizures, coma, and potentially death\n\n\u2022 They evolved as a defense mechanism to deter consumption of seeds, foliage, bark, and roots by animals\n\n\u2022 Toxalbumins are water-soluble and break down with heat treatment, such as cooking or steaming\n\n\u2022 The lethal dose can be extremely small, potentially as little as two-millionths of body weight\n\n\u2022 Antibodies can be produced to develop resistance, potentially increasing tolerance up to 800 times a normal lethal dose\n\n\u2022 Structurally and functionally, toxalbumins are similar to AB toxins found in bacterial diseases like cholera and tetanus""",185,101-200
5,120050,What is the typical colony size and color of S. hominis?,Large colonies (5-6 mm) that are yellow or golden,Medium colonies (3-4 mm) that are clear or translucent,Small colonies (1-2 mm) that are white or tan,Very small colonies (<1 mm) that are pink or red,C,without_facts,,81,51-100
6,151430,In what year was DPT first documented as a designer drug?,1965,1968,1971,1974,B,with_facts,"""Here are the key facts about Dipropyltryptamine (DPT):\n\n\u2022 DPT is a psychedelic entheogen belonging to the tryptamine family, first documented as a designer drug in 1968\n\n\u2022 Chemically similar to DMT, but with markedly different psychoactive effects\n\n\u2022 Typical intramuscular dosage range is 30 to 70mg\n\n\u2022 Pharmacologically acts primarily through 5-HT2A and 5-HT1A receptors, producing psychedelic-like effects in rodents\n\n\u2022 Potential side effects include nausea, tongue/throat numbness, pupil dilation, increased heart rate, anxiety, and in rare cases, seizures\n\n\u2022 Used as a religious sacrament by the Temple of the True Inner Light in New York City\n\n\u2022 Legal status varies by jurisdiction: Class A drug in the UK, Schedule I in Florida and Maine, potentially prosecutable under Federal Analogue Act in the US\n\n\u2022 Not found to occur endogenously in the human body\n\n\u2022 At least one death has been potentially linked to DPT, though causation is not definitively established\n\n\u2022 Can be found as a crystalline hydrochloride salt or as an oily/crystalline base""",483,351-600
7,237983,What is the typical enforcement threshold for pornography cases on social media platforms in China?,More than 20 pornographic files,More than 30 pornographic files,More than 40 pornographic files,More than 50 pornographic files,C,without_facts,,85,51-100
8,115261,Which patient population is at highest risk for developing septic arthritis?,Healthy teenagers with no medical conditions,Middle-aged adults with normal immune function,Preterm infants and immunocompromised children,Elderly patients with good mobility,C,with_facts,"""\u2022 **Septic arthritis is a joint infection** caused by infectious agents (usually bacteria) that results in joint inflammation, typically presenting with redness, heat, pain, and decreased joint mobility with rapid onset.\n\n\u2022 **Symptoms vary by age group** - children and adults show classic signs of swollen, red, painful joints with fever, but in neonates and infants, symptoms can be deceptive and mimic other conditions.\n\n\u2022 **Bacterial infection through bloodstream is the most common cause** in children, though infection can also occur through direct trauma, nearby abscesses, or joint procedures/surgery.\n\n\u2022 **Large joints are most commonly affected** - hips, knees, and shoulders in children; knee joint most commonly in adults, though spine and other joints can be involved.\n\n\u2022 **High-risk groups include** preterm infants, children with blood disorders or immune compromise, and adults with artificial joints, prior arthritis, diabetes, or poor immune function.\n\n\u2022 **Prosthetic joint infection rates** are 0.86-1.1% for knee implants and 0.3-1.7% for hip implants, occurring in three phases: early, delayed, and late.\n\n\u2022 **Diagnosis relies on clinical correlation** between patient history, physical examination findings, and basic laboratory and imaging studies like joint ultrasound.\n\n\u2022 **Treatment requires immediate intervention** with antibiotics (vancomycin, ceftriaxone, or ceftazidime) and surgical joint drainage as the gold standard for large joints.\n\n\u2022 **Serious long-term consequences** can occur without prompt treatment, including irreversible joint destruction and dislocation, making early diagnosis and treatment critical.""",66,51-100
9,104954,How does dependency grammar differ from phrase structure grammar in its treatment of sentence structure?,It divides sentences into noun phrases and verb phrases,It eliminates verbs from sentence analysis,It places the finite verb as the root without a binary subject-predicate division,It treats all predicates as stage-level predicates,C,without_facts,,577,351-600
10,132282,What is the primary diagnostic method for VUR?,CT scan,MRI,Fluoroscopic voiding cystourethrogram (VCUG),Blood test,C,with_facts,"""\u2022 **Vesicoureteral reflux (VUR) is a condition where urine flows backward from the bladder into the ureters and kidneys**, contrary to the normal one-way flow from kidneys to bladder.\n\n\u2022 **VUR occurs when the ureter enters the bladder without sufficient tunneling**, disrupting the natural valve mechanism that normally prevents backflow of urine.\n\n\u2022 **Most children with VUR are asymptomatic**, but the condition increases the risk of bladder and kidney infections and may be discovered during evaluation of prenatal kidney dilation or after urinary tract infections.\n\n\u2022 **VUR is classified into two main types: Primary VUR (caused by congenital defects in the ureter-bladder junction) and Secondary VUR (caused by increased bladder pressure from obstructions)**.\n\n\u2022 **VUR severity is graded from I to V**, with Grade I being reflux into a non-dilated ureter and Grade V involving gross dilation and structural changes.\n\n\u2022 **Lower grades have higher spontaneous resolution rates**: approximately 85% of Grade I & II cases resolve on their own, while about 50% of Grade III cases resolve spontaneously.\n\n\u2022 **The primary diagnostic method is fluoroscopic voiding cystourethrogram (VCUG)**, though abdominal ultrasound and specialized scans may also be used.\n\n\u2022 **Early diagnosis is crucial because children with VUR who develop urinary tract infections are 2.8 times more likely to develop permanent kidney scarring** compared to children without VUR.\n\n\u2022 **Treatment focuses on minimizing infections rather than treating the reflux itself**, primarily through prophylactic antibiotics in infants and bowel/bladder management in older children.""",146,101-200
11,192989,"According to genetic analysis, when did the two known Alphapithovirus species likely diverge?","30,000 years ago","50,000 years ago","200,000 years ago","500,000 years ago",C,without_facts,,5,1-5
12,273763,"By 1944, the Filter Room system had expanded to track which additional threats?",German U-boats and naval vessels,Paratrooper drops and glider landings,V-1 flying bombs and V-2 rockets,Enemy radio transmissions and communications,C,with_facts,"""Here are the key facts about the Filter Room:\n\n\u2022 Part of RAF Fighter Command's radar defence system during World War II, located at the top of the Dowding system for ground-controlled interception across the United Kingdom\n\n\u2022 Operated seven Filter Rooms, each attached to a Fighter Command Group, to combine and process radar information from coastal radar stations (Chain Home)\n\n\u2022 Staffed by Plotters (mainly WAAF women), Filterers, and Controllers who worked to accurately track and identify aircraft movements\n\n\u2022 Plotters received radar information by telephone, displaying details on gridded map tables using colored counters to indicate aircraft height, number, and identification status\n\n\u2022 Filterers were responsible for correlating radar plots, determining when a track was reliable enough to act upon, and placing directional arrows on the map\n\n\u2022 Controllers, often recruited from the London Stock Exchange, identified tracks as friendly or hostile and communicated information to various military units\n\n\u2022 The system enabled rapid communication about potential air threats, allowing for quick fighter interception and air raid warnings\n\n\u2022 As radar technology improved, the Filter Rooms began receiving additional reports from Chain Home Low (CHL) and Chain Home Extra Low (CHEL) stations\n\n\u2022 By 1944, the system was also used to track and warn about V-1 flying bombs and V-2 rockets""",842,601-1000
13,222973,Who introduced the term 'lectin' and in what year?,Charles Darwin in 1859,Louis Pasteur in 1885,Alexander Fleming in 1928,William C. Boyd in 1954,D,without_facts,,424,351-600
14,308963,Oomycetes are currently classified within which taxonomic group?,Fungi,Bacteria,Stramenopiles,Plantae,C,with_facts,"""Here are the key facts about Oomycetes:\n\n\u2022 Oomycetes are eukaryotic microorganisms within the Stramenopiles, previously misclassified as fungi due to similar morphology\n\n\u2022 They are filamentous, heterotrophic organisms that can reproduce both sexually (via oospores) and asexually (via zoospores)\n\n\u2022 Unlike fungi, oomycetes have cell walls composed of cellulose, diploid nuclei, and possess two distinct flagella for movement\n\n\u2022 They are significant plant pathogens, causing devastating diseases like potato late blight and sudden oak death\n\n\u2022 Oomycetes produce two primary types of spores: motile zoospores for dispersal and oospores for surviving harsh environmental conditions\n\n\u2022 They are now taxonomically classified with brown algae and diatoms in the phylum Heterokonta, not in the fungal kingdom\n\n\u2022 Most oomycetes are terrestrial pathogens, despite being historically called \""water molds\""\n\n\u2022 They can occupy both saprophytic (decomposer) and pathogenic lifestyles, with some species used in biocontrol against plant pathogenic fungi\n\n\u2022 Oomycetes have unique biological characteristics, including different metabolic pathways and mitochondrial structures compared to fungi""",26,26-50
15,178337,Which of the following techniques can be used for summarizing data in descriptive statistics?,Box plots and histograms only,Statistical transformations only,Tabulation and logarithmic conversion only,"Tabulation, box plots, histograms, and statistical transformations",D,without_facts,,938,601-1000
16,69022,Why are guinea pigs particularly valuable as laboratory models for studying vitamin C deficiency?,They require much higher doses of vitamin C than humans,They lost GULO function independently and cannot synthesize vitamin C like humans,They are the only mammals besides humans that can develop scurvy,They have the same vitamin C absorption rate as humans,B,with_facts,"""\u2022 L-gulonolactone oxidase (EC 1.1.3.8) is an enzyme that catalyzes the final step in vitamin C production, converting L-gulono-1,4-lactone with oxygen to form a precursor that spontaneously converts to ascorbic acid.\n\n\u2022 The enzyme is functional in most mammals but is non-functional in humans and other haplorrhine primates, some bats, and guinea pigs due to independent evolutionary losses of the gene.\n\n\u2022 Humans lost GULO activity approximately 63 million years ago when primates split into haplorrhini (which lost the enzyme) and strepsirrhini (which retained it), with the non-functional pseudogene mapped to human chromosome 8p21.\n\n\u2022 GULO deficiency in humans is considered \""a public inborn error of metabolism\"" affecting all humans, and in its severe form manifests as scurvy when vitamin C intake is insufficient.\n\n\u2022 Guinea pigs lost GULO function independently about 20 million years ago and serve as popular laboratory models for studying vitamin C deficiency, since most other lab animals can synthesize their own vitamin C.\n\n\u2022 Genetically engineered GULO knockout mice created in 1999 depend entirely on dietary vitamin C like humans and show compromised vascular integrity, providing valuable research models.\n\n\u2022 Some evolutionary adaptations may have occurred after GULO loss, including unique glucose transporters for vitamin C uptake and potentially beneficial increases in uric acid levels that aided survival during food shortages.\n\n\u2022 The loss and retention of GULO function varies among species, with some passerine birds showing species-to-species variation in vitamin C synthesis ability, suggesting multiple independent evolutionary events.""",193,101-200
17,234249,What does the scientific name 'Ganoderma lucidum' mean when translated from its Greek and Latin origins?,Red fungus,Shining skin bright,Hard mushroom,Tree dwelling,B,without_facts,,61,51-100
18,337761,Who first isolated Neisseria gonorrhoeae and in what year?,Louis Pasteur in 1885,Robert Koch in 1882,Alexander Fleming in 1876,Albert Neisser in 1879,D,with_facts,"""Here are the key facts about Neisseria gonorrhoeae:\n\n\u2022 Neisseria gonorrhoeae is a Gram-negative diplococcus bacteria first isolated in 1879 by Albert Neisser\n\n\u2022 It is an obligate human pathogen that primarily colonizes the urogenital tract, but can also infect the nose, pharynx, rectum, and conjunctiva\n\n\u2022 The bacteria causes gonorrhea, a sexually transmitted infection, and can lead to serious conditions like disseminated gonococcemia and septic arthritis\n\n\u2022 It can evade the immune system through antigenic variation of its surface proteins, which means individuals can be reinfected multiple times\n\n\u2022 Transmission occurs through sexual contact (vaginal, anal, or oral) and can be prevented by barrier protection methods\n\n\u2022 Asymptomatic infection is common in both males and females, making detection challenging\n\n\u2022 Antibiotic resistance is a growing public health concern, with the bacteria rapidly developing resistance to multiple treatment approaches\n\n\u2022 Diagnosis is typically done through cultures, Gram staining, or nucleic acid tests of urine or swab samples\n\n\u2022 The bacteria is unique in its metabolism, capable of using only glucose, pyruvate, and lactate as carbon sources\n\n\u2022 It can survive inside host cells (facultative intracellular pathogen) and is capable of surviving phagocytosis""",328,201-350
19,171047,Who named the Ara genus and in what year?,Carl Linnaeus in 1758,Bernard Germain de Lacépède in 1799,Georges Cuvier in 1817,Alfred Russel Wallace in 1876,B,without_facts,,72,51-100
20,268946,Approximately how long has wheat been cultivated by humans?,"5,000 years","10,000 years","15,000 years",0.4 million years,B,with_facts,"""Here are the key facts about the Taxonomy of Wheat:\n\n\u2022 Wheat has been cultivated for approximately 10,000 years, resulting in numerous hybrid forms developed through artificial and natural selection\n\n\u2022 The genus Triticum includes both wild and domesticated wheat species, with some debate about whether to include the closely related Aegilops genus\n\n\u2022 Wheat species are classified by their ploidy levels: diploid (14 chromosomes), tetraploid (28 chromosomes), and hexaploid (42 chromosomes)\n\n\u2022 Hexaploid wheat (like T. aestivum) developed through hybridization between a tetraploid wheat and a wild goatgrass (Aegilops), occurring approximately 0.4 million years ago\n\n\u2022 Wheat genomes are categorized into distinct types (A, B, D, Am, G), which help scientists understand hybridization and evolutionary relationships\n\n\u2022 Carl Linnaeus originally recognized five wheat species, including T. aestivum, T. spelta, and T. monococcum\n\n\u2022 Polyploidy is significant in wheat classification because it influences plant characteristics like cell size and can introduce new genetic traits (e.g., cold-hardiness)\n\n\u2022 Wild diploid wheats like T. boeoticum and T. urartu are considered ancestral species from which domesticated wheat varieties evolved""",565,351-600
21,131631,Which of the following is NOT a key criterion used for variant classification according to the WHO?,Increased transmissibility,Higher morbidity/mortality,Larger viral particle size,Resistance to treatments,C,without_facts,,15,6-25
22,279082,What is the name of the other cat that lives with Jorts?,Joan,Jane,Jean,June,C,with_facts,"""Here are the key facts about Jorts the cat:\n\n\u2022 Jorts is an orange tabby cat who became an internet sensation in December 2021 through a viral Reddit thread about workplace interactions\n\n\u2022 Originally a stray cat, Jorts was taken in by office workers and lives with another cat named Jean\n\n\u2022 The original Reddit story involved a workplace dispute about Jorts' intelligence, with one employee (Pam) attempting to train him and even applying margarine to him to encourage grooming\n\n\u2022 The incident escalated to human resources involvement and became a widely shared internet story about workplace dynamics and cat behavior\n\n\u2022 A Twitter account was created for Jorts, which quickly gained 170,000 followers and became known for pro-labor and social justice messaging\n\n\u2022 The Twitter account has been endorsed by notable figures like Senator Elizabeth Warren and labor movement leaders\n\n\u2022 Instead of selling merchandise, the Jorts Twitter account encourages followers to adopt shelter cats, donate to strike funds, or create custom clothing\n\n\u2022 The San Diego Humane Society's chief medical officer publicly refuted stereotypes about orange cats' intelligence\n\n\u2022 Jorts has been featured in a Stardew Valley mod as a non-player character, further expanding his internet popularity""",21,6-25
23,336133,What percentage of marine ecosystem microbiomes do baseline populations of oil-degrading microorganisms typically represent?,About 5%,Less than 1%,Approximately 10%,Around 3%,B,without_facts,,298,201-350
24,73575,Which of the following is NOT mentioned as a key biological function of lipids?,Cell membrane composition,Energy storage,Protein synthesis,Signaling pathways,C,with_facts,"""Here are the key facts about Lipidomics:\n\n\u2022 Lipidomics is the large-scale study of cellular lipid pathways and networks in biological systems, focusing on the complete lipid profile (lipidome) within a cell, tissue, or organism\n\n\u2022 The field emerged through advances in technologies like mass spectrometry, nuclear magnetic resonance, and computational methods, driven by recognizing lipids' role in metabolic diseases\n\n\u2022 Lipidomics involves identifying and quantifying thousands of cellular lipid molecular species, examining their structures, functions, interactions, and dynamic changes\n\n\u2022 Lipids are structurally diverse molecules with key biological functions, including cell membrane composition, energy storage, and signaling pathways\n\n\u2022 The field is distinct from general metabolomics due to the unique chemical properties and functional specificity of lipids\n\n\u2022 Lipidomic research helps define biochemical mechanisms of lipid-related disease processes by tracking changes in cellular lipid metabolism and homeostasis\n\n\u2022 Lipid extraction and analysis techniques include thin layer chromatography, solid-phase extraction, and high-performance liquid chromatography\n\n\u2022 Major research initiatives like LIPID MAPS Consortium and The European Lipidomics Initiative are driving forward lipid research\n\n\u2022 The structural complexity of lipids is immense, with glycerophospholipids alone having hundreds of potential molecular species based on different combinations of headgroups and fatty acid chains""",97,51-100
25,290758,What does the research indicate about Juven's documentation?,Rich historical records exist,Limited but reliable information is available,Conflicting accounts were found,No substantial content was discovered,D,without_facts,,66,51-100
26,202190,Which two countries border Western Bahr el Ghazal?,Chad and Central African Republic,Sudan and Central African Republic,Sudan and Chad,Ethiopia and Central African Republic,B,with_facts,"""Here are the key facts about Western Bahr el Ghazal:\n\n\u2022 Western Bahr el Ghazal is a state in South Sudan with an estimated population of 600,000 as of 2020, and its capital is Wau.\n\n\u2022 The state borders Sudan to the north and the Central African Republic to the west, and is part of the Bahr el Ghazal region.\n\n\u2022 Historically, the region was severely impacted by the slave trade, with the population shrinking by 75% in the 1860s and 1870s due to capture, refugee migration, and epidemics.\n\n\u2022 In October 2015, the state was initially split into Lol State and Wau State, but was reestablished in 2020 following a peace agreement.\n\n\u2022 The state is home to diverse ethnic groups, including Luo, Balanda, Ndogo, Kresh, Bai, and Baggara Arabs, with Raga County being the only part of South Sudan with a significant Muslim population.\n\n\u2022 The state has been significantly affected by conflicts, including the second Sudanese civil war (1983-1999), which resulted in two million civilian deaths and hundreds of thousands of refugees.\n\n\u2022 Western Bahr el Ghazal is currently divided into three counties and is administratively led by a governor (as of 2024, Emmanuel Parimo Okello).\n\n\u2022 The state claims the Kafia Kingi area, though this is disputed by Sudan, which asserts it is part of South Darfur.""",510,351-600
27,175740,When was BASE (Bielefeld Academic Search Engine) created?,2002,2007,2005,2000,A,without_facts,,113,101-200
28,9453,Which of the following characteristics makes anaerobic infections particularly difficult to diagnose?,They only cause superficial infections,They grow rapidly in standard culture media,They require specialized collection and transportation methods,They never occur as mixed infections,C,with_facts,"""\u2022 Anaerobic infections are caused by bacteria that cannot grow in normal air conditions (21% oxygen), with strict anaerobes unable to survive in more than 0.5% oxygen and moderate anaerobes tolerating 2-8% oxygen.\n\n\u2022 The most clinically important anaerobic bacteria include Gram-negative rods (Bacteroides, Prevotella, Porphyromonas, Fusobacterium), Gram-positive cocci (Peptostreptococcus), spore-forming bacilli (Clostridium), and non-spore-forming bacilli (Actinomyces, Propionibacterium).\n\n\u2022 Anaerobic bacteria are predominant components of normal skin and mucous membrane flora, making them a common cause of endogenous infections throughout the human body.\n\n\u2022 These infections are often polymicrobial (mixed with aerobic bacteria) and difficult to diagnose because anaerobes are hard to culture, grow slowly, and require specialized collection and transportation methods.\n\n\u2022 Anaerobes cause serious central nervous system infections including brain abscesses, subdural empyema, and rarely meningitis, often originating from adjacent ear, sinus, dental, or lung infections.\n\n\u2022 Brain abscesses typically occur when infections spread from mastoid/ear areas to the temporal lobe or cerebellum, or from facial sinuses to the frontal lobe.\n\n\u2022 Treatment of anaerobic CNS infections requires antimicrobials with good blood-brain barrier penetration (metronidazole, chloramphenicol, penicillins, meropenem) and often surgical drainage with 4-8 weeks of therapy.\n\n\u2022 Anaerobic bacteria commonly cause upper respiratory tract and head/neck infections, particularly chronic conditions like tonsillar abscesses, chronic otitis media, sinusitis, and deep neck space infections.""",224,201-350
29,137005,What type of alignment system do both Tundra and Kolyma Yukaghir feature?,Nominative-accusative alignment,Ergative-absolutive alignment,Split intransitive alignment based on discourse-pragmatic features,Active-stative alignment,C,without_facts,,444,351-600
30,87250,Who developed the concept of mRNA and when?,Watson and Crick in 1953,Sydney Brenner and Francis Crick in 1960,Jacob and Monod in 1961,Mendel and Darwin in 1859,B,with_facts,"""\u2022 **mRNA is a single-stranded RNA molecule that carries genetic information from DNA to ribosomes for protein synthesis**, serving as an intermediary in the central dogma of molecular biology.\n\n\u2022 **mRNA is created through transcription, where RNA polymerase converts genes into pre-mRNA, which is then processed into mature mRNA** by removing non-coding regions (introns) and keeping coding regions (exons).\n\n\u2022 **Genetic information in mRNA is organized into codons - sequences of three nucleotides that each specify a particular amino acid** during protein synthesis, except for stop codons which terminate translation.\n\n\u2022 **mRNA uses uracil (U) instead of thymine (T) found in DNA**, with uracil pairing with adenine during transcription to carry genetic information from DNA to ribosomes.\n\n\u2022 **The concept of mRNA was developed by Sydney Brenner and Francis Crick in 1960**, and the molecule was independently identified and described by research teams in 1961, with the term \""messenger RNA\"" coined by Jacob and Monod.\n\n\u2022 **Eukaryotic mRNA requires extensive processing including RNA splicing, 5' cap addition, and sometimes editing**, while prokaryotic mRNA is essentially mature upon transcription with minimal processing needed.\n\n\u2022 **The 5' cap is a modified guanine nucleotide added to eukaryotic mRNA that is critical for ribosome recognition and protection from degradation** by cellular enzymes.\n\n\u2022 **Translation requires mRNA to work with two other RNA types: transfer RNA (tRNA) which brings amino acids, and ribosomal RNA (rRNA) which forms the ribosome's protein-making machinery**.""",32,26-50
31,105838,What is the standard file format that the PDB transitioned to in 2014?,XML format,80-character punch card format,mmCIF (macromolecular Crystallographic Information File),JSON format,C,without_facts,,56,51-100
32,246556,What is the most common side effect of Nefazodone according to the given statistics?,Nausea (22%),Dizziness (17%),Dry mouth (25%),Blurred vision (16%),C,with_facts,"""Here are the key facts about Nefazodone:\n\n\u2022 Nefazodone is an atypical antidepressant medication used to treat major depressive disorder, anxiety, and panic disorder\n\n\u2022 Originally sold under brand names like Serzone, it was introduced in 1994 and became available generically in 2003\n\n\u2022 The drug was withdrawn from most international markets by 2004 due to rare but serious liver toxicity risks, though it remains available in the United States\n\n\u2022 Common side effects include dry mouth (25%), sleepiness (25%), nausea (22%), dizziness (17%), and blurred vision (16%)\n\n\u2022 Nefazodone has a unique pharmacological profile as a serotonin antagonist and reuptake inhibitor (SARI), with potent antagonism of 5-HT2A and 5-HT2C receptors\n\n\u2022 The risk of severe liver damage is approximately 1 in 250,000 to 300,000 patient-years, with potential for liver transplantation or death\n\n\u2022 It is available in oral tablet forms ranging from 50mg to 250mg\n\n\u2022 Nefazodone is known for having lower sexual side effects compared to SSRIs and is not strongly associated with weight gain\n\n\u2022 The drug is a potent inhibitor of CYP3A4, which can lead to significant interactions with other medications""",662,601-1000
33,280031,What are the two sequences of Chebyshev polynomials commonly denoted as?,Tn(x) and Un(x),Pn(x) and Qn(x),Cn(x) and Sn(x),Ln(x) and Hn(x),A,without_facts,,84,51-100
34,346348,Which of the following metabolic test results is characteristic of Citrobacter freundii?,Positive oxidase test,Negative catalase test,Positive VP test,Positive MR test,D,with_facts,"""Here are the key facts about Citrobacter freundii:\n\n\u2022 Bacterial Classification: A facultative anaerobic, Gram-negative bacteria belonging to the Enterobacteriaceae family, consisting of 13 recognized species\n\n\u2022 Physical Characteristics: Rod-shaped bacteria, typically 1-5 \u03bcm long, with multiple flagella for locomotion (though some strains are non-motile)\n\n\u2022 Habitat: Found in diverse environments including soil, water, sewage, food, and intestinal tracts of animals and humans\n\n\u2022 Unique Capabilities:\n- Can grow on glycerol as a sole carbon and energy source\n- Capable of biodegrading complex compounds like fenvalerate and tannic acid\n- Demonstrates antioxidant properties through exopolysaccharides\n\n\u2022 Biofilm Formation: Capable of forming biofilms, particularly at room temperature, which can contribute to antimicrobial resistance and infection persistence\n\n\u2022 Potential Medical Significance:\n- Shows toxicity against certain cancer cells (e.g., HeLa cells)\n- Exhibits aggressive cell adherence patterns\n- Contains unique fitness genes important for survival in circulatory systems\n\n\u2022 Phylogenetic Characteristics:\n- More diverse than E. coli and Salmonella\n- Contains high nucleotide diversity\n- All strains can utilize citrate\n\n\u2022 Metabolic Testing: Produces positive catalase and MR tests, negative VP and oxidase tests""",12,6-25
35,275339,Which enzyme subunit of the PDC is considered the rate-limiting step?,E2 (dihydrolipoyl transacetylase),E3 (dihydrolipoyl dehydrogenase),E1 (pyruvate dehydrogenase),E3 binding protein,C,without_facts,,33,26-50
36,162563,What are the two major versions of PCRE and their current development status?,PCRE1 (current focus) and PCRE2 (obsolete),PCRE Classic and PCRE Modern (both actively developed),PCRE1 (obsolete) and PCRE2 (current focus),PCRE Basic and PCRE Advanced (merged into single version),C,with_facts,"""Here are the key facts about Perl Compatible Regular Expressions (PCRE):\n\n\u2022 PCRE is a C library for regular expressions, originally created by Philip Hazel in 1997, inspired by Perl's regex capabilities\n\n\u2022 The library offers more powerful and flexible syntax compared to traditional POSIX regular expression formats\n\n\u2022 PCRE has two major versions: the original PCRE1 (1.xx-8.xx series, now considered obsolete) and PCRE2 (10.xx series, current development focus)\n\n\u2022 Many prominent open-source projects use PCRE, including Apache, Nginx, PHP, and R, and it is BSD-licensed for both open-source and proprietary use\n\n\u2022 Key features include:\n   - Just-in-time compiler support for performance optimization\n   - Flexible memory management\n   - Consistent escaping rules\n   - Extended character classes\n   - Minimal/ungreedy matching\n   - Unicode character property matching\n   - Advanced multiline matching options\n\n\u2022 PCRE2 supports multiple UTF encodings (UTF-8, UTF-16, UTF-32) and provides enhanced Unicode character property matching\n\n\u2022 The library can be built on multiple platforms, including Unix and Windows, and comes with utility programs like pcregrep\n\n\u2022 As of Perl 5.10, PCRE can be used as a replacement for Perl's default regular expression engine through the re::engine::PCRE module""",4,1-5
37,199472,"What syndrome can be caused by Shigella dysenteriae that involves anemia, thrombocytopenia, and kidney failure?",Irritable bowel syndrome,Toxic shock syndrome,Hemolytic-uremic syndrome,Guillain-Barré syndrome,C,without_facts,,5,1-5
38,176158,How many amino acids does the active form of BNP (BNP-32) contain?,28 amino acids,32 amino acids,48 amino acids,134 amino acids,B,with_facts,"""Here are the key facts about Brain Natriuretic Peptide (BNP):\n\n\u2022 BNP is a peptide hormone secreted by heart ventricles in response to increased blood volume and stretching, originally discovered in porcine brain tissue in 1988\n\n\u2022 It is a 32-amino acid polypeptide that is part of the natriuretic peptide family, which includes atrial natriuretic peptide (ANP) and C-type natriuretic peptide (CNP)\n\n\u2022 BNP binds to natriuretic peptide receptors (primarily NPRA) and has physiological effects including decreasing systemic vascular resistance, central venous pressure, and blood pressure\n\n\u2022 The hormone is synthesized as a 134-amino acid preprohormone and is cleaved into an active 32-amino acid BNP-32 and an inactive NT-proBNP fragment\n\n\u2022 BNP's primary clinical utility is in helping to rule out chronic heart failure, with levels above 500 pg/mL typically indicating potential heart failure\n\n\u2022 The hormone has a short half-life of about 20 minutes and can be measured through immunoassay\n\n\u2022 BNP decreases sodium reabsorption in the kidney through a cGMP-dependent mechanism\n\n\u2022 It can be used as a predictor for various medical conditions, including cardiovascular mortality in diabetics and cardiac impairment in cancer patients\n\n\u2022 The hormone's production is stimulated by pro-inflammatory factors like interleukin-1\u03b2, interleukin-6, and tumor necrosis factor-\u03b1""",670,601-1000
39,3038,What was the average cost of bedbug extermination per household in Paris in 2023?,Around 800 euros,"Around 1,200 euros","Around 1,500 euros","Around 2,000 euros",B,without_facts,,50,26-50
40,24742,What is the recommended frequency for monitoring blood cell levels during chloramphenicol treatment?,Once weekly,Every two days,Daily,Every three days,B,with_facts,"""Here are the key facts about Chloramphenicol:\n\n\u2022 Chloramphenicol is a broad-spectrum antibiotic used to treat various bacterial infections, including meningitis, plague, cholera, and typhoid fever\n\n\u2022 It can be administered as an eye ointment, orally, or by injection, but is only recommended when safer antibiotics are unavailable\n\n\u2022 The drug works by stopping bacterial protein production and was first isolated from \""Streptomyces venezuelae\"" in 1947\n\n\u2022 Serious side effects include bone marrow suppression and aplastic anemia, which can be potentially fatal, with the highest risk associated with oral administration\n\n\u2022 Medical monitoring is crucial during treatment, including tracking blood cell levels every two days and discontinuing use if blood counts drop\n\n\u2022 It is effective against many bacteria like Staphylococcus aureus, Streptococcus pneumoniae, and Escherichia coli, but not effective against Pseudomonas aeruginosa\n\n\u2022 Bacterial resistance to chloramphenicol can occur through multiple mechanisms, including reduced membrane permeability and specific resistance genes\n\n\u2022 The drug is on the World Health Organization's List of Essential Medicines and is available as a generic medication\n\n\u2022 In young infants, the drug can cause \""gray baby syndrome,\"" characterized by a swollen stomach and low blood pressure\n\n\u2022 Its use is not recommended near the end of pregnancy or during breastfeeding""",597,351-600
41,231165,"When both parents are carriers of Mucolipidosis, what is the probability that their child will develop the disease?",1 in 2 (50%),1 in 3 (33%),1 in 4 (25%),1 in 8 (12.5%),C,without_facts,,194,101-200
42,348848,Approximately how many unique plate combinations are possible under the current Romanian system?,"45,500,000","52,750,500","61,208,750","68,900,250",C,with_facts,"""Here are the key facts about Vehicle Registration Plates of Romania:\n\n\u2022 Standard Format: Romanian license plates use black letters on a white background, typically consisting of a two-letter county code, a two-digit number, and a three-letter group\n\n\u2022 European Design: The left side of the plate features a blue vertical strip (Euroband) with 12 EU stars and the country code \""RO\"" (previously displayed the Romanian flag from 1992-2007)\n\n\u2022 Plate Requirements: License plates are mandatory on both front and rear of vehicles (rear only for motorcycles), must be reflective, and kept clean and visible\n\n\u2022 Plate Assignment Rules:\n- Plates are issued per car and owner\n- Can be returned when car is sold or scrapped\n- Customization is possible for a fee\n- Certain letter combinations are deliberately avoided to prevent confusion or offensive words\n\n\u2022 Special Plate Variations:\n- Short-term temporary plates (\""red numbers\"") valid for up to 30 days\n- Long-term temporary plates\n- Special reserved combinations for government entities like Police, Senate, etc.\n\n\u2022 Combination Potential: The current system allows for approximately 61,208,750 unique plate combinations across Romania\n\n\u2022 Font: Uses DIN 1451 Mittelschrift for main plate text and DIN 1451 Engschrift for country code""",3,1-5
43,218190,What was the primary delivery method planned for Operation Vegetarian?,Submarine deployment along German coastlines,Anthrax-infected linseed cakes dropped by RAF aircraft,Direct contamination of German water supplies,Release of anthrax spores through artillery shells,B,without_facts,,7,6-25
44,140912,When did Panathinaikos B.C. win their FIBA Intercontinental Cup Championship?,1995-96,1996-97,1997-98,1998-99,B,with_facts,"""Here are the key facts about Panathinaikos B.C. past rosters:\n\n\u2022 Panathinaikos has a long and successful history in Greek basketball, winning multiple Greek Championships dating back to the 1945-46 season\n\n\u2022 The team consistently maintained a core of talented Greek players throughout different eras, with some players like Apostolos Kontos appearing on rosters across multiple seasons\n\n\u2022 Panathinaikos achieved significant international success, including:\n- EuroLeague Champions in 1995-96 and 1999-00\n- FIBA Intercontinental Cup Champion in 1996-97\n- Multiple EuroLeague 3rd place finishes in the 1990s\n\n\u2022 The team's most successful period appears to be from the mid-1990s to early 2000s, with multiple domestic and international titles\n\n\u2022 Notable recurring players across different seasons include:\n- Apostolos Kontos\n- David Stergakos\n- Takis Koroneos\n- Dimitris Kokolakis\n- Memos Ioannou\n\n\u2022 The roster typically consisted of predominantly Greek players, with occasional international additions\n\n\u2022 The team won numerous Greek Championships, with notable championship seasons including 1945-46, 1979-80, 1981-82, 1997-98, 1999-00, and 2002-03\n\n\u2022 Panathinaikos also frequently won the Greek Cup, with victories in multiple seasons including 1978-79, 1981-82, and 2004-05""",39,26-50
45,203669,What is the relationship between Aureothricin and Thiolutin?,They are identical compounds with different names,Aureothricin is a by-product of thiolutin fermentation,Aureothricin is the precursor to thiolutin,They are produced by different bacterial species,B,without_facts,,43,26-50
46,268538,What is the approximate temperature range at which chrysotile remains thermally stable?,350-400°C,450-500°C,550-600°C,650-700°C,C,with_facts,"""Here are the key facts about Chrysotile:\n\n\u2022 Chrysotile (white asbestos) accounts for approximately 95% of asbestos in the United States and other countries\n\n\u2022 It is a soft, fibrous silicate mineral with the idealized chemical formula Mg(SiO)(OH)\n\n\u2022 Chrysotile fibers have notable physical properties, including:\n- Considerable tensile strength\n- Ability to be spun into thread and woven into cloth\n- Excellent thermal, electrical, and acoustic insulation\n- Fiber bundles ranging from 0.1\u20131 \u03bcm in diameter\n\n\u2022 Three polytypes of chrysotile exist: clinochrysotile, orthochrysotile, and parachrysotile, which are difficult to distinguish without specialized microscopy\n\n\u2022 Chrysotile is classified as a human carcinogen by the International Agency for Research on Cancer (IARC)\n\n\u2022 Health risks include:\n- Parenchymal asbestosis\n- Asbestos-related pleural abnormalities\n- Peritoneal mesothelioma\n- Lung cancer\n\n\u2022 As of March 2024, the U.S. Environmental Protection Agency has banned imports of chrysotile asbestos\n\n\u2022 Chrysotile is banned in more than 50 countries worldwide\n\n\u2022 The mineral is resistant to strong bases and thermally stable up to approximately 550-600\u00b0C""",78,51-100
47,181031,Which scorpion species produces chlorotoxin?,Centruroides sculpturatus,Androctonus australis,Leiurus quinquestriatus,Parabuthus transvaalicus,C,without_facts,,76,51-100
48,247584,Which botanist is the Gunnera genus named after?,Swedish botanist Carl Linnaeus,German botanist Alexander von Humboldt,Danish botanist Christen Raunkiær,Norwegian botanist Johann Ernst Gunnerus,D,with_facts,"""Here are the key facts about Gunnera:\n\n\u2022 Gunnera is a unique genus containing 63 species, and is the sole genus in the Gunneraceae family\n\n\u2022 Native to diverse regions including Latin America, Australia, New Zealand, Africa, Hawaii, and Madagascar\n\n\u2022 Originated in South America during the Cretaceous period, with fossil evidence dating back approximately 90 million years\n\n\u2022 Known for extreme leaf size variation, with some species in the \""Panke\"" subgenus having massive leaves (e.g., Gunnera manicata can have leaves up to several meters wide)\n\n\u2022 The genus is named after Norwegian botanist Johann Ernst Gunnerus\n\n\u2022 Phylogenetic analysis suggests modern distribution resulted from long-distance dispersal rather than a previous worldwide presence\n\n\u2022 Flowers are typically dimerous, with two sepals, two petals (or none), two stamens (or one), and two carpels\n\n\u2022 Some species have edible stalks, and certain species like \""Gunnera insignis\"" are known locally as \""poor man's umbrella\""\n\n\u2022 Seeds germinate best in moist conditions at temperatures between 22-29\u00b0C\n\n\u2022 The genus is considered unique among flowering plants for its persistent crown group since the Cretaceous period""",528,351-600
49,42977,What is Plan S's position on embargo lengths?,Supports 6-month embargoes as optimal,Advocates for zero-length embargoes as a key principle,Recommends 12-month embargoes for all disciplines,Proposes different embargo lengths based on field of study,B,without_facts,,599,351-600
50,52253,How do Glycera worms capture their prey?,By secreting sticky mucus to trap small organisms,By extending a large proboscis with four hollow jaws connected to venom glands,By using their bristles to sweep food into their mouth,By filtering water through specialized feeding appendages,B,with_facts,"""\u2022 Glycera is a genus of polychaete worms (bristle worms) commonly known as bloodworms, typically found on the bottom of shallow marine waters and can grow up to significant lengths.\n\n\u2022 Bloodworms get their name from their creamy pink color, which results from their pale skin allowing red body fluids containing hemoglobin to show through.\n\n\u2022 These worms are carnivorous predators that feed by extending a large proboscis with four hollow jaws connected to venom glands, delivering bites painful even to humans.\n\n\u2022 Bloodworms contain high levels of copper without being poisoned, and their jaws incorporate copper-based chloride biomineral (atacamite) making them unusually strong, with the copper potentially acting as a catalyst for their venomous bite.\n\n\u2022 Reproduction occurs in midsummer when mature worms transform into a non-feeding epitoke stage, swim to the surface to release gametes, and then die.\n\n\u2022 The larval development includes a zooplanktonic stage followed by segmented red larvae that develop in protective silk tubes in bottom silt, growing from tiny pale worms to larger red larvae in as little as 2-3 weeks.\n\n\u2022 Bloodworms are commercially harvested and sold in tackle shops as bait for saltwater fishing.\n\n\u2022 Despite visual similarities and shared use as fishing bait, bloodworms are biologically distinct from lugworms.""",44,26-50
51,134817,How long does the wheat weevil life cycle take in summer conditions?,About 2 weeks,About 5 weeks,About 10 weeks,About 15 weeks,B,without_facts,,379,351-600
52,22190,Where was Carpanone first isolated from?,Carpano trees on Bougainville Island,Cinnamomum trees in Madagascar,Carpacin plants in Indonesia,Lignan trees in Papua New Guinea,A,with_facts,"""Here are the key facts about Carpanone:\n\n\u2022 Carpanone is a naturally occurring lignan-type organic compound first isolated from carpano trees (Cinnamomum sp.) on Bougainville Island\n\n\u2022 It is a hexacyclic lignan with remarkable stereochemical complexity, containing five contiguous stereogenic centers\n\n\u2022 The compound was originally isolated by Brophy and coworkers, who proposed a biosynthetic pathway involving carpacin as a precursor\n\n\u2022 Orville L. Chapman's research group successfully mimicked the proposed biosynthetic route, achieving total synthesis of carpanone in a single \""pot\"" with about 50% yield\n\n\u2022 The synthesis process involves a complex series of reactions, including phenolic coupling and an inverse demand Diels-Alder reaction\n\n\u2022 While carpanone itself has limited pharmacological activity, related analogs have shown potential in areas like antiinfective, antihypertensive, and hepatoprotective treatments\n\n\u2022 Chapman's original synthesis is considered a classic in total synthesis and is praised for its biomimetic approach and stereocontrol\n\n\u2022 The synthesis method has been extended by various research groups, including techniques for solid-supported synthesis and generating analog libraries\n\n\u2022 The original synthesis was confirmed using X-ray crystallography, demonstrating the precise molecular structure""",153,101-200
53,240572,How many amino acids are classified as amphibolic (both ketogenic and glucogenic)?,Three,Four,Five,Seven,C,without_facts,,242,201-350
54,308772,Which two families were involved in the wedding celebration?,Rakat and Hassan families,Sabah and Al-Rashid families,Rakat and Sabah families,Al-Rashid and Hassan families,C,with_facts,"""Here are the key facts about the Mukaradeeb wedding party massacre:\n\n\u2022 Date and Location: The incident occurred on May 19, 2004, in Mukaradeeb, a small village in Anbar Province, Iraq, near the Syrian border\n\n\u2022 Casualties: 42 civilians were killed, including 11 women and 14 children (some sources report 13 children)\n\n\u2022 Wedding Details: The wedding involved the Rakat and Sabah families, with Ashad Rakat as the groom and Rutba Sabah as the bride\n\n\u2022 Attack Specifics: The U.S. military attack began at 2:45-3:00 AM, involving both aerial bombing and ground fire\n\n\u2022 U.S. Military Response: Officials claimed the location was a \""suspected foreign fighter safe house\"" and that they were returning fire after being shot at first\n\n\u2022 Military Leadership Stance: Brigadier General Mark Kimmitt and Major General James Mattis defended the attack, denying it was a wedding and refusing to apologize\n\n\u2022 Contradictory Evidence: Video footage obtained by the Associated Press showed clear evidence of a wedding celebration, including musical instruments and celebratory items\n\n\u2022 Family Impact: 27 members of the extended Rakat family were killed in the massacre\n\n\u2022 Broader Context: This incident was part of a series of controversial U.S. military actions during the Iraq War involving civilian casualties""",42,26-50
55,295644,How many tropical cyclones have affected Delaware since reliable records began in 1749?,At least 111,Exactly 85,At least 156,Exactly 111,A,without_facts,,46,26-50
56,191302,Where does Ebola virus disease primarily affect humans and animals?,Equatorial Africa,Southeast Asia,South America,Central Europe,A,with_facts,"""Here are the key facts from the Wikipedia article on List of Ebola Outbreaks:\n\n\u2022 Ebola virus disease is a highly infectious and lethal viral disease primarily affecting humans and animals in equatorial Africa\n\n\u2022 There are five recognized ebolaviruses: Ebola virus (EBOV), Sudan virus (SUDV), Reston virus (RESTV), Ta\u00ef Forest virus (TAFV), and Bundibugyo virus (BDBV)\n\n\u2022 Four of the five virus variants have caused disease in humans, with RESTV only causing subclinical infections in humans\n\n\u2022 Transmission typically occurs through handling carcasses of infected animals like gorillas, chimpanzees, bats, or duikers, then spreading person-to-person\n\n\u2022 The virus spreads most effectively within families, hospitals, and during mortuary rituals with close human contact\n\n\u2022 The World Health Organization (WHO) established the Global Outbreak Alert and Response Network to improve outbreak responses\n\n\u2022 Nigeria was the first western African country to successfully control an Ebola virus outbreak, serving as a model for other countries\n\n\u2022 The United States Centers for Disease Control and Prevention (CDC) Special Pathogens Branch closely monitors Ebola outbreaks""",40,26-50
57,44591,What amino acid serves as the starting point for ethylene biosynthesis in the Yang cycle?,Glycine,Alanine,Methionine,Cysteine,C,without_facts,,333,201-350
58,335127,How many distinct serotypes does Ureaplasma parvum have?,2 serotypes,3 serotypes,4 serotypes,6 serotypes,C,with_facts,"""Here are the key facts about Ureaplasma parvum:\n\n\u2022 Ureaplasma parvum is a small bacterial species belonging to the Mycoplasmataceae family, formerly known as Ureaplasma urealyticum biovar 1\n\n\u2022 It lacks a peptidoglycan cell wall and requires urea for ATP synthesis, with four distinct serotypes (-1, -3, -6, -14)\n\n\u2022 U. parvum is typically a commensal organism found in the urogenital tract of both males and females, being part of the normal genital flora\n\n\u2022 The bacteria can be found in 43.5% of normal vaginal microflora and up to 59.9% in bacterial vaginosis samples\n\n\u2022 U. parvum is difficult to diagnose and treat due to its lack of a cell wall, which makes it resistant to many antimicrobial treatments\n\n\u2022 While often considered harmless, it can rarely cause invasive infections such as genitourinary infections, septic arthritis, or meningitis\n\n\u2022 In andrology studies, U. parvum was detected in 36.6% of washed semen samples and can remain attached to spermatozoa\n\n\u2022 The clinical implications of U. parvum's pathogenicity are still uncertain, and more research is needed to distinguish it from U. urealyticum\n\n\u2022 The bacteria can potentially become pathogenic through horizontal gene transfer, which allows it to acquire new genetic material""",51,51-100
59,146054,Which U.S. President supported the mass immunization program for swine flu in 1976?,Jimmy Carter,Richard Nixon,Gerald Ford,Ronald Reagan,C,without_facts,,164,101-200
60,283905,Who were the scientists that developed MRS agar in 1960?,"Miller, Roberts, and Smith","de Man, Rogosa, and Sharpe","Morrison, Richardson, and Stewart","Martin, Rodriguez, and Simpson",B,with_facts,"""Here are the key facts about MRS agar:\n\n\u2022 MRS agar is a selective culture medium specifically designed to promote the growth of Lactobacilli bacteria in laboratory studies\n\n\u2022 Developed in 1960 by Johannes Cornelis de Man, Morrison Rogosa, and Margaret Elisabeth Sharpe, after whom it is named\n\n\u2022 Contains sodium acetate, which helps suppress the growth of many competing bacteria while allowing Lactobacilli to grow\n\n\u2022 Typical composition includes multiple nutrients like peptone, beef extract, yeast extract, glucose, and various minerals\n\n\u2022 The medium has a clear brown color and is adjusted to a pH of 6.2 at 25\u00b0C\n\n\u2022 Yeast and meat extracts provide essential carbon, nitrogen, and vitamin sources for bacterial growth\n\n\u2022 Polysorbate 80 (Tween 80) acts as a surfactant to assist Lactobacilli in nutrient uptake\n\n\u2022 Contains trace minerals like magnesium and manganese sulfate, which are important for bacterial metabolism\n\n\u2022 Some other Lactobacillus-related bacteria like Leuconostoc and Pediococcus may also grow on this medium""",890,601-1000
61,273113,Where is Transthyretin primarily synthesized in the human body?,"Kidney, spleen, and bone marrow","Liver, choroid plexus, and retinal pigment epithelium","Heart, lungs, and pancreas","Brain cortex, thyroid gland, and adrenal glands",B,without_facts,,66,51-100
62,151130,What was the outcome of the PEARL 1 and PEARL 2 phase three clinical trials?,They demonstrated superiority over placebo but not omalizumab,They showed significant improvement in chronic spontaneous urticaria,They failed to show superiority versus omalizumab and were terminated,They were completed successfully and led to FDA approval,C,with_facts,"""Here are the key facts about Ligelizumab:\n\n\u2022 Ligelizumab is a humanized IgG1 monoclonal antibody developed by Novartis Pharma AG\n\n\u2022 It is designed to treat severe asthma and chronic spontaneous urticaria, functioning as an anti-IgE immunomodulator\n\n\u2022 The drug is administered as a subcutaneous biologic injection\n\n\u2022 In 2021, the FDA granted ligelizumab a breakthrough therapy designation for chronic spontaneous urticaria patients with inadequate response to H1-antihistamines\n\n\u2022 Novartis-funded research initially suggested ligelizumab was more effective in treating chronic spontaneous urticaria than omalizumab or placebo\n\n\u2022 However, multiple phase three clinical trials in chronic inducible urticaria (PEARL 1 and PEARL 2) failed to show superiority versus omalizumab and were terminated\n\n\u2022 By January 2024, Novartis had terminated a phase three peanut allergy study for ligelizumab\n\n\u2022 As of November 2024, long-term safety and efficacy studies are ongoing for food allergy participants who completed a phase III trial""",17,6-25
63,85604,What is the minimum diastatic power required for a malt to self-convert starches into fermentable sugars?,160 °Lintner,10 °Lintner,35 °Lintner,50 °Lintner,C,without_facts,,98,51-100
64,179624,Which form of tocopherol has the highest vitamin activity?,β-tocopherol,γ-tocopherol,δ-tocopherol,α-tocopherol,D,with_facts,"""Here are the key facts about Tocopherol:\n\n\u2022 Tocopherols are a class of organic compounds with vitamin E activity, named from Greek words meaning \""to carry a pregnancy\""\n\n\u2022 Vitamin E exists in eight different forms: four tocopherols and four tocotrienols, each with \u03b1, \u03b2, \u03b3, and \u03b4 variants\n\n\u2022 \u03b1-Tocopherol is the main form found in European diets (from olive and sunflower oils) and is preferentially absorbed by humans\n\n\u2022 Tocopherols function as antioxidants by donating hydrogen atoms to neutralize free radicals, protecting cell membranes from oxidative damage\n\n\u2022 The U.S. Recommended Dietary Allowance (RDA) for vitamin E is 15 mg/day, based on the \u03b1-tocopherol form\n\n\u2022 Tocopherols have a unique chemical structure featuring a chromane ring with a hydroxyl group and a hydrophobic side chain\n\n\u2022 The biological activity of tocopherols increases with methylation, with the \u03b1-form having the highest vitamin activity\n\n\u2022 Tocopherols are fat-soluble and can be incorporated into cell membranes, providing protection against oxidative stress\n\n\u2022 Vitamin E supplements are best absorbed when taken with meals""",595,351-600
65,311763,Which generation of genome annotation methods focuses on non-coding regions and population-level studies?,1st generation,2nd generation,3rd generation,4th generation,D,without_facts,,7,6-25
66,26877,What was the reason for reclassifying Clostridium difficile to Clostridioides difficile in 2016?,The discovery of new toxin production capabilities,Changes in antibiotic resistance patterns,Taxonomic differences from the Clostridium genus,Updated understanding of spore formation mechanisms,C,with_facts,"""\u2022 Clostridioides difficile is a Gram-positive, spore-forming anaerobic bacterium that causes serious diarrheal infections and was responsible for 223,900 hospitalized cases and 12,800 deaths in the US in 2017.\n\n\u2022 The bacterium produces up to three types of toxins: enterotoxin A, cytotoxin B, and Clostridioides difficile transferase, with toxins A and B being glucosyltransferases that target and inactivate Rho family GTPases.\n\n\u2022 Most C. difficile infections are acquired outside of hospitals, and while certain antibiotics (vancomycin, clindamycin, fluoroquinolones, cephalosporins) increase infection risk, many non-antibiotic factors like stool softeners also pose similar risks.\n\n\u2022 The species was reclassified from Clostridium difficile to Clostridioides difficile in 2016 to reflect taxonomic differences from the Clostridium genus.\n\n\u2022 C. difficile infections can range from mild diarrhea to life-threatening pseudomembranous colitis, which may progress to toxic megacolon with risk of colon perforation, sepsis, and shock.\n\n\u2022 The bacterium shows increasing antibiotic resistance, with highly toxic fluoroquinolone-resistant strains causing outbreaks since 2005, and up to 12% of clinical isolates showing resistance to metronidazole by 2018.\n\n\u2022 C. difficile forms heat-resistant, alcohol-tolerant spores that survive in clinical environments for long periods and resist many disinfectants, including high concentrations of bleach.\n\n\u2022 The bacterium is transmitted through the fecal-oral route and produces para-cresol, a chemical that inhibits other microbes and allows it to outcompete normal gut flora.""",91,51-100
67,224786,What unique characteristic is *Yemo potentially interpreted as having?,Being immortal and unable to die,Having the ability to shape-shift into animals,Being a primordial hermaphrodite with both male and female characteristics,Possessing three heads representing different cosmic functions,C,without_facts,,682,601-1000
68,322142,Which family do Orbiviruses belong to?,Reoviridae,Sedoreoviridae,Picornaviridae,Flaviviridae,B,with_facts,"""Here are the key facts about Orbivirus:\n\n\u2022 Orbiviruses are double-stranded RNA viruses belonging to the Sedoreoviridae family, characterized by their distinctive ring-shaped capsomers\n\n\u2022 They are arboviruses that can infect and replicate in a wide range of hosts, including mammals, birds, and arthropods, with transmission primarily by ticks, mosquitoes, and other blood-feeding insects\n\n\u2022 The genus contains 22 species and at least 130 different serotypes, with three economically significant viruses: Bluetongue virus, African horse sickness virus, and Epizootic hemorrhagic disease virus\n\n\u2022 Virus particles are non-enveloped, spherical, 70-80 nm in diameter, with a complex structure consisting of two concentric protein shells and 10 genome segments\n\n\u2022 Orbiviruses primarily cause diseases in animals, with different species having specific host ranges and transmission mechanisms\n\n\u2022 The viral replication cycle occurs entirely within the host cell's cytoplasm, involving endocytosis, genome transcription, protein synthesis, and viral particle assembly\n\n\u2022 Historically significant outbreaks include an African horse sickness virus epidemic in 1854-1855 that infected 70,000 horses\n\n\u2022 The virus genome encodes seven structural proteins and three major non-structural proteins, with some segments capable of encoding multiple proteins\n\n\u2022 Orbiviruses preferentially infect vascular endothelial cells and can cause diseases like bluetongue in sheep, cattle, and other ungulates""",16,6-25
69,73531,What determines the transition temperature between the solid gel phase and fluid state of a lipid bilayer?,The concentration of cholesterol in the membrane,The number of integral membrane proteins present,The chemical properties of the lipid tails,The pH of the surrounding aqueous solution,C,without_facts,,259,201-350
70,339327,What is the typical wind speed threshold range for when a storm receives a name across different meteorological regions?,30-55 km/h,40-65 km/h,50-75 km/h,60-85 km/h,B,with_facts,"""Here are the key facts extracted from the Wikipedia article:\n\n\u2022 Tropical cyclones are named to avoid confusion when multiple storms exist simultaneously and to facilitate clear public communication\n\n\u2022 The official practice of naming tropical cyclones began in 1945 in the western Pacific, with the North Atlantic following in 1950\n\n\u2022 Initially, storm names in the Atlantic were taken from the World War II phonetic alphabet, then switched to women's names in 1953\n\n\u2022 By 1960, forecasters established a system of rotating name lists that would repeat every four years, excluding names starting with Q, U, X, Y, and Z\n\n\u2022 In 1977, the World Meteorological Organization began selecting hurricane names to reflect the cultural diversity of the Atlantic region, introducing male names and names in Spanish and French\n\n\u2022 In 2005 and 2020, when pre-selected storm names were exhausted, the contingency plan was to use Greek alphabet names\n\n\u2022 After the 2020 hurricane season, the practice of using Greek alphabet names was discontinued in favor of developing an auxiliary name list\n\n\u2022 Different meteorological regions have varying standards for when a storm receives a name, typically based on wind speed thresholds ranging from 40-65 km/h\n\n\u2022 As of 2011, naming practices had been adopted in multiple oceanic regions, including the western Pacific, southern Pacific, Indian Ocean, and southern Atlantic""",33,26-50
71,270288,What genetic requirement distinguishes MAP from other forms of FAP?,Only one parent needs to carry the mutation,The mutation must occur spontaneously,Both parents must be carriers of the genetic mutation,Three copies of the gene must be mutated,C,without_facts,,12,6-25
72,238869,What is the typical genome size range of virophages?,5-10 kilobasepairs,17-30 kilobasepairs,50-75 kilobasepairs,100-150 kilobasepairs,B,with_facts,"""Here are the key facts about Virophages:\n\n\u2022 Virophages are small, double-stranded DNA viruses that require co-infection with another virus (typically giant viruses) to replicate\n\n\u2022 First discovered in 2008 in a Paris cooling tower, the initial virophage was named Sputnik and was found alongside Acanthamoeba castellanii mamavirus\n\n\u2022 Virophages have a parasitic relationship with their co-infecting virus, often reducing the virulence of the giant virus and potentially improving host survival\n\n\u2022 Their genomes are small, typically 17-30 kilobasepairs long, and are protected by an icosahedral capsid measuring 40-80 nanometers\n\n\u2022 All known virophages have four core genes: major and minor capsid proteins, a cysteine protease, and a DNA-packaging ATPase\n\n\u2022 Virophages belong to the taxonomic class Virophaviricetes, which contains four orders and multiple families and genera\n\n\u2022 They are primarily discovered through metagenomic analysis, with 328 high-quality genomes identified as of December 2019 from diverse habitats\n\n\u2022 Virophage genomes can be found integrated into single-celled eukaryotic genomes and may serve as a form of inducible antiviral defense\n\n\u2022 They rely entirely on the co-infecting virus's replication machinery, using its transcriptional mechanisms to reproduce""",148,101-200
73,27098,Which approach does CLIQUE use for bottom-up subspace clustering?,Hierarchical clustering with distance-based merging,Dividing data space into grid structures and linking adjacent dense units,Principal component analysis to reduce dimensionality first,K-means clustering applied to each dimension separately,B,without_facts,,12,6-25
74,109953,RTX is naturally found in which plant species?,Capsicum annuum and Capsicum frutescens,Euphorbia resinifera and Euphorbia poissonii,Atropa belladonna and Datura stramonium,Cannabis sativa and Cannabis indica,B,with_facts,"""\u2022 Resiniferatoxin (RTX) is a naturally occurring chemical found in resin spurge (Euphorbia resinifera) from Morocco and Euphorbia poissonii from northern Nigeria.\n\n\u2022 RTX has a score of 16 billion Scoville heat units, making it 500 to 1000 times hotter than pure capsaicin, the active ingredient in chili peppers.\n\n\u2022 RTX activates TRPV1 receptors in pain-sensing neurons, causing calcium influx that leads to intense burning sensations followed by nerve desensitization and pain relief due to nerve ending death from calcium overload.\n\n\u2022 The compound is extremely toxic and can cause chemical burns in minute quantities, with severe burning pain occurring from sub-microgram amounts (less than 1/1,000,000th of a gram).\n\n\u2022 The first and only total synthesis of RTX was completed by Paul Wender's group at Stanford University in 1997, requiring more than 25 significant steps starting from 1,4-pentadien-3-ol.\n\n\u2022 RTX has been investigated as a potential treatment for overactive bladder, interstitial cystitis, rhinitis, and premature ejaculation, but has never received FDA approval for medical use.\n\n\u2022 It is currently the most potent known TRPV1 agonist, with binding affinity about 500 times higher than capsaicin and 1000-10,000 times more potent for effects on body temperature regulation and inflammation.""",207,201-350
75,108218,When do the benefits of Raja yogas typically manifest according to the timing principles mentioned?,Always during Jupiter's dasha period,During the dasha of planets occupying the 10th house or the strongest yoga-causing planet,Only during Moon's dasha period,Immediately after birth regardless of planetary periods,B,without_facts,,108,101-200
76,110010,What makes Abrysvo unique among the approved RSV vaccines?,It is the only vaccine approved for children under 5,It is approved for use in pregnant women (32-36 weeks gestation) to protect their infants,It provides lifetime immunity against RSV,It is administered as a nasal spray rather than injection,B,with_facts,"""\u2022 RSV affects an estimated 64 million people and causes 160,000 deaths worldwide each year.\n\n\u2022 Three RSV vaccines are currently approved for medical use in the United States: Arexvy (GSK), Abrysvo (Pfizer), and Mresvia (Moderna).\n\n\u2022 Early RSV vaccine development in the 1960s resulted in a dangerous formalin-inactivated vaccine that caused vaccine-associated enhanced respiratory disease, leading to hospitalizations in 80% of vaccinated children and two deaths.\n\n\u2022 A breakthrough 2013 study identified the crystal structure of the RSV fusion (F) protein and methods to improve its stability, providing the foundation for current effective RSV vaccines.\n\n\u2022 Arexvy became the first FDA-approved RSV vaccine in May 2023, showing 94% efficacy against severe RSV pneumonia and 72% efficacy against RSV acute respiratory infection in adults aged 60 and older.\n\n\u2022 The CDC recommends RSV vaccination for all people aged 75 and older, and for people aged 60-74 who are at increased risk due to chronic medical conditions or nursing home residence.\n\n\u2022 Abrysvo is uniquely approved for use in pregnant women (32-36 weeks gestation) to protect their infants from severe RSV disease during the first six months of life.\n\n\u2022 The RSV vaccine is included on the World Health Organization's List of Essential Medicines, and research on RSV vaccines contributed to the rapid development of COVID-19 vaccines.""",146,101-200
77,143789,What is the primary mode of transmission for Psittacosis?,Direct contact with infected bird blood,Consumption of contaminated bird meat,Bird bites or scratches,Inhalation of airborne particles from infected birds,D,without_facts,,4,1-5
78,304440,Why might Cis AB carriers require special blood transfusion considerations?,They can only receive O negative blood,Their blood clots faster than normal,They have unusual genetic inheritance that complicates compatibility matching,They produce excessive amounts of both A and B antigens,C,with_facts,"""Here are the key facts about Cis AB:\n\n\u2022 Cis AB is a rare mutation in the ABO gene where a single allele contains amino acids from both A and B blood type alleles\n\n\u2022 The mutation creates a bifunctional enzyme that can produce both A and B antigens, typically with one antigen being weaker than the other\n\n\u2022 The mutation occurs through changes in just four of 354 amino acids, with the most common mutation being an A105 allele variation\n\n\u2022 Cis AB is most commonly found in populations from Japan, South Korea, China, and Taiwan, with some cases also reported in European countries\n\n\u2022 Carriers of Cis AB will typically test as having an AB blood type, but with potentially weaker antigen expression\n\n\u2022 The inheritance pattern is complex, with children potentially inheriting either AB or another blood type depending on the other parent's genotype\n\n\u2022 Cis AB can complicate blood transfusion compatibility matching and paternity/maternity testing due to its unusual genetic inheritance\n\n\u2022 The mutation affects the transferase enzyme, which determines blood type by modifying cell surface antigens\n\n\u2022 Some Cis AB carriers may require special blood transfusion components like washed red blood cells or autotransfusion""",440,351-600
79,173042,"According to the superposition principle, what happens when multiple waves occupy the same space?",The waves cancel each other out completely,"Their amplitudes add together, creating interference patterns",The strongest wave dominates and eliminates the others,The waves bounce off each other without interaction,B,without_facts,,554,351-600
80,130820,What makes Helicobacter pylori urease unique compared to other bacterial ureases?,It contains manganese instead of nickel,It has both cytoplasmic and external activity,It functions optimally at acidic pH,It forms hexameric rather than trimeric structures,B,with_facts,"""\u2022 Ureases are nickel-containing metalloenzymes found in bacteria, archaea, fungi, algae, plants, and some invertebrates that catalyze the hydrolysis of urea into carbon dioxide and ammonia.\n\n\u2022 Urease was the first enzyme to be crystallized and the first protein demonstrated to function as an enzyme by James B. Sumner in 1926, work that earned him the Nobel Prize in Chemistry in 1946.\n\n\u2022 The enzyme is extremely efficient, with a kcat/Km ratio that is 10^14 times greater than the uncatalyzed elimination reaction of urea, making it one of the most catalytically proficient enzymes known.\n\n\u2022 The active site contains a pair of nickel centers located approximately 3.5 \u00c5 apart, though the enzyme can also function with manganese or cobalt substituted for nickel in laboratory conditions.\n\n\u2022 Bacterial ureases typically form trimeric structures with three subunits (\u03b1\u03b2\u03b3)3 and molecular weights between 190-300 kDa, while plant and fungal ureases are composed of identical subunits assembled as trimers or hexamers.\n\n\u2022 Helicobacter pylori urease is unique in having both cytoplasmic and external activity, playing an essential role in the bacterium's survival by neutralizing gastric acid, and its presence is used diagnostically to identify Helicobacter species.\n\n\u2022 The enzyme has significant agricultural importance as a soil enzyme, where it makes nitrogen available to plants by converting urea to ammonium, benefiting soil microorganisms and plant nutrition.\n\n\u2022 Jack bean urease has an optimum pH of 7.4 and optimum temperature of 60\u00b0C, with a molecular weight of 545 kDa and contains 840 amino acids per molecule including 90 cysteine residues.""",61,51-100
81,183825,"According to the comparison, which container format has the least muxing overhead?",MP4,AVI,Matroska,Ogg,C,without_facts,,160,101-200
82,90768,What is the approximate length of the mumps virus genome?,"10,500 nucleotides","15,384 nucleotides","18,200 nucleotides","12,750 nucleotides",B,with_facts,"""\u2022 **Mumps virus (MuV) is the causative agent of mumps** and contains a single-stranded, negative-sense RNA genome that is approximately 15,384 nucleotides long with seven genes encoding nine proteins.\n\n\u2022 **Humans are the only natural host** of the mumps virus, with one serotype and twelve genotypes recognized that vary in geographic distribution.\n\n\u2022 **Virions are pleomorphic in shape** and range from 100 to 600 nanometers in diameter, consisting of an RNA genome encased by a capsid and surrounded by a viral envelope.\n\n\u2022 **The virus replicates by first binding to host cells** through sialic acid receptors, then fusing its envelope with the cell membrane to release genetic material into the cytoplasm.\n\n\u2022 **Viral replication involves RNA-dependent RNA polymerase** that first transcribes mRNA from the genome for protein synthesis, then later switches to genome replication through a two-step process.\n\n\u2022 **New virions are formed by budding from the host cell surface**, using the host cell membrane as their envelope with the help of viral M proteins and host ESCRT proteins.\n\n\u2022 **The mumps virus was first identified in 1934** as the cause of mumps, isolated in 1945, and vaccines were developed within a few years of isolation.\n\n\u2022 **The virus is scientifically classified** as \""Orthorubulavirus parotitidis\"" in the genus Orthorubulavirus, subfamily Rubulavirinae, family Paramyxoviridae.""",2,1-5
83,272554,Which of the following is NOT mentioned as a commercial use of carvone?,Preventing potato sprouting,Mosquito repellent,Food and flavor production,Pharmaceutical antibiotics,D,without_facts,,16,6-25
84,287760,Which of the following capabilities is NOT mentioned as something RNA-Seq can analyze?,Alternative gene splicing,Post-transcriptional modifications,Protein-protein interactions,Gene fusions,C,with_facts,"""Here are the key facts about RNA-Seq bioinformatics tools:\n\n\u2022 RNA-Seq is a next-generation sequencing technique used to quantify and identify RNA molecules in a biological sample, providing a comprehensive view of the transcriptome\n\n\u2022 The technique enables analysis of alternative gene splicing, post-transcriptional modifications, gene fusions, mutations, and changes in gene expression over time\n\n\u2022 RNA-Seq can examine multiple RNA populations, including mRNA, miRNA, tRNA, and ribosomal RNA, offering broader transcriptomic insights compared to previous methods like microarrays\n\n\u2022 Modern RNA-Seq workflows incorporate advanced tools like pseudoalignment (Kallisto, Salmon) and cloud-based processing pipelines to improve speed, scalability, and reproducibility\n\n\u2022 Recent technological advances include single-cell sequencing, bulk RNA sequencing, 3' mRNA sequencing, and native RNA molecule sequencing\n\n\u2022 The method evolved from earlier techniques like Sanger sequencing and serial analysis of gene expression, with the term \""RNA-Seq\"" first appearing in scientific literature in 2008\n\n\u2022 Library preparation involves critical steps such as RNA isolation, selection/depletion of specific RNA types, and complementary DNA (cDNA) synthesis\n\n\u2022 RNA-Seq can be used to determine exon/intron boundaries and verify or amend previously annotated gene boundaries\n\n\u2022 Emerging applications include analyzing copy number alterations, detecting microbial contamination, and identifying cell types and neoantigens""",90,51-100
85,133673,In which industries is VxWorks commonly used?,Social media and gaming,"Aerospace, defense, and industrial automation",E-commerce and retail,Entertainment and streaming,B,without_facts,,612,601-1000
86,207504,What happened to Apache Solr in March 2021?,It was discontinued and merged into Lucene,It became an independent top-level project separate from Lucene,It was renamed to Apache Search,It was moved to the Jakarta family of projects,B,with_facts,"""Here are the key facts about Apache Lucene:\n\n\u2022 Apache Lucene is a free and open-source search engine software library originally written in Java by Doug Cutting in 1999\n\n\u2022 It is supported by the Apache Software Foundation and released under the Apache Software License\n\n\u2022 Lucene has been ported to multiple programming languages, including Object Pascal, Perl, C#, C++, Python, Ruby, and PHP\n\n\u2022 The software is widely used as a standard foundation for production search applications, particularly for implementing internet search engines and local site searching\n\n\u2022 Lucene includes advanced search features like fuzzy search based on edit distance and document recommendation capabilities\n\n\u2022 It became a top-level Apache project in February 2005, after initially being part of the Jakarta family of open-source Java products\n\n\u2022 Lucene is primarily a search and indexing library, and does not include web crawling or HTML parsing functionality by itself\n\n\u2022 In March 2021, Apache Solr became an independent top-level project separate from Lucene, after previously being a sub-project\n\n\u2022 The name \""Lucene\"" comes from Doug Cutting's wife's middle name and her maternal grandmother's first name\n\n\u2022 Version 4.0 of Lucene was released on October 12, 2012""",14,6-25
87,215649,"According to the data, which year had the highest number of terrorist incidents in Pakistan?",2007,2008,2009,2010,C,without_facts,,67,51-100
88,140965,What is the primary disease manifestation caused by Leishmania infantum?,Cutaneous leishmaniasis,Visceral leishmaniasis,Mucocutaneous leishmaniasis,Ocular leishmaniasis,B,with_facts,"""Here are the key facts about Leishmania infantum:\n\n\u2022 Leishmania infantum is a parasitic organism that causes visceral leishmaniasis, primarily in the Mediterranean region and Latin America\n\n\u2022 The disease is also known as Leishmania chagasi in some regions\n\n\u2022 Natural reservoirs of the organism include wild canids and domestic dogs\n\n\u2022 Transmission occurs through the sandfly species Lutzomyia longipalpis\n\n\u2022 The parasite is closely related to Leishmania donovani, with some researchers considering them potentially subspecies of each other\n\n\u2022 While morphologically similar to L. donovani, phylogenetic analyses can distinguish between the two species\n\n\u2022 The parasite has a unique BRCA2 DNA repair protein that is approximately three times smaller than its human counterpart (125 kD)\n\n\u2022 In addition to visceral leishmaniasis, L. infantum can occasionally cause cutaneous leishmaniasis, though this is not its primary manifestation""",298,201-350
89,325789,How many golden crowns are featured in the University of Oxford's coat of arms?,Two,Three,Four,Five,B,without_facts,,40,26-50
90,33009,"Which genes encode cryptochrome proteins, and what are their primary functions?","CRY1 acts as a clock repressor, CRY2 functions as a circadian photoreceptor",CRY1 and CRY2 both function as DNA repair enzymes,"CRY1 functions as a circadian photoreceptor, CRY2 acts as a clock repressor","CRY1 detects magnetic fields, CRY2 responds to blue light",C,with_facts,"""\u2022 Cryptochromes are a class of flavoproteins found in plants and animals that are sensitive to blue light and involved in circadian rhythms and magnetic field sensing in various species.\n\n\u2022 The genes CRY1 and CRY2 encode cryptochrome proteins, with CRY1 functioning as a circadian photoreceptor and CRY2 acting as a clock repressor that inhibits the Clock/Cycle complex.\n\n\u2022 Cryptochromes are evolutionarily derived from photolyases (bacterial DNA repair enzymes) but have lost their original DNA repair activity while gaining new photoreceptor functions.\n\n\u2022 Besides chlorophylls, cryptochromes are the only proteins known to form photoinduced radical-pairs in living organisms, which enables some animals to detect magnetic fields.\n\n\u2022 The HY4 gene in Arabidopsis thaliana was identified in 1980 as necessary for blue light sensitivity, and when sequenced in 1993, it showed high similarity to photolyase proteins, leading to the discovery of cryptochromes.\n\n\u2022 Plant and animal cryptochromes represent convergent evolution rather than direct orthologs, as mammalian and fly cryptochromes show greater similarity to (6-4) photolyase proteins than to plant cryptochromes.\n\n\u2022 In Drosophila, cryptochrome knockout mutants cannot entrain to light pulses, demonstrating that cryptochrome is essential for photoentrainment of circadian rhythms.\n\n\u2022 Cryptochromes have become important tools in optogenetics research, particularly using CRY2 heterodimerization to control cellular processes and gene expression with light.""",271,201-350
91,317008,What technological advancement in the 2000s enabled the emergence of GCTA?,Development of advanced microscopy techniques,Improvement in protein sequencing methods,Dropping costs of genome sequencing,Introduction of CRISPR gene editing technology,C,without_facts,,188,101-200
92,132120,What is the main controversy surrounding the Venus of Berekhat Ram?,Disputes over its actual age and dating methods,Disagreement about its discovery location,Debate over whether it had symbolic/artistic purposes or purely utilitarian functions,Questions about the authenticity of the artifact itself,C,with_facts,"""\u2022 The Venus of Berekhat Ram is a modified scoria pebble dating to 280,000\u2013250,000 BP, discovered at an Acheulian site on the Golan Heights in 1981.\n\n\u2022 The artifact measures 35mm long, 25mm wide, and 21mm thick, weighing approximately 10 grams, with artificial grooves carved by early humans.\n\n\u2022 Multiple scientific studies have confirmed the grooves were created by human modification, including transversal grooves in the upper third and longitudinal grooves on the sides.\n\n\u2022 Some researchers interpret it as the earliest known example of representational art, suggesting it depicts a female human figure with emphasized anthropomorphic features.\n\n\u2022 If confirmed as representational art, it would be among the oldest symbolic artifacts in the archaeological record, alongside the Venus of Tan-Tan.\n\n\u2022 The object remains highly controversial, with scholars debating whether it had symbolic/artistic purposes or purely utilitarian functions like pigment production.\n\n\u2022 Critics argue the grooves could result from practical activities or non-purposive behavior rather than intentional artistic creation.\n\n\u2022 The interpretation as a female figurine is disputed, with some researchers seeing different shapes (penguin, phallus) or rejecting anthropomorphic interpretations entirely.\n\n\u2022 The artifact was first described by Naama Goren-Inbar and subsequently studied by Alexander Marshack, Francesco d'Errico, and April Nowell using microscopic analysis.""",982,601-1000
93,268949,"Which scientist originally recognized five wheat species including T. aestivum, T. spelta, and T. monococcum?",Charles Darwin,Gregor Mendel,Carl Linnaeus,Norman Borlaug,C,without_facts,,953,601-1000
94,341938,Why is cDNA particularly useful for expressing genes in different cellular systems?,It contains both introns and exons,It is naturally occurring in all cells,It represents only the coding regions without introns,It cannot be modified or engineered,C,with_facts,"""Here are the key facts about Complementary DNA (cDNA):\n\n\u2022 cDNA is DNA that has been reverse transcribed from RNA (such as messenger RNA) using the enzyme reverse transcriptase\n\n\u2022 It can exist in both single-stranded and double-stranded forms, and can be natural (from retroviruses) or engineered\n\n\u2022 Engineered cDNA is commonly used for:\n- Expressing specific proteins in cells\n- Sequencing or quantifying mRNA\n- Analyzing transcriptomic profiles\n- Gene cloning and creating cDNA libraries\n\n\u2022 In molecular biology, cDNA is synthesized through an \""in vitro\"" reverse transcription process that involves:\n- Purifying RNA from source material\n- Using reverse transcriptase enzymes\n- Often using oligo-dT primers to target mRNA's poly-adenylated tail\n\n\u2022 Retroviruses like HIV naturally produce cDNA to integrate their genetic material into a host's genome\n\n\u2022 In a 2013 US Supreme Court decision, exons-only cDNA was deemed patent-eligible, while isolated naturally occurring DNA sequences were not\n\n\u2022 cDNA is particularly useful in genetic research because it represents only the coding regions of genes (without introns), making it easier to transfer and express in different cellular systems\n\n\u2022 Common techniques for working with cDNA include RT-qPCR, RNA-seq, and microarrays""",1,1-5
95,58663,Which mouse strains represent the most advanced current models for humanized mice?,Nude mice and SCID mice,Wild-type laboratory mice,"NOD-scid-γcnull mice (NCG, NSG, or NOG)",Standard inbred mouse strains,C,without_facts,,465,351-600
96,244997,In what time period did major breakthrough text-to-image models like DALL-E 2 and Stable Diffusion emerge?,2015-2016,2018-2019,2021-2022,2023-2024,C,with_facts,"""Here are the key facts about text-to-image models:\n\n\u2022 Text-to-image models are machine learning systems that generate images from natural language text descriptions, using deep neural network technologies.\n\n\u2022 The first modern text-to-image model, alignDRAW, was introduced in 2015 by University of Toronto researchers, generating low-resolution images with limited diversity.\n\n\u2022 Major breakthrough models emerged in 2021-2022, including OpenAI's DALL-E, DALL-E 2, and Stability AI's Stable Diffusion, which can generate high-quality, photorealistic images.\n\n\u2022 These models typically use a two-step architecture: a language model that transforms text into a latent representation, and a generative image model that produces an image based on that representation.\n\n\u2022 Most advanced text-to-image models are trained on massive datasets of image-text pairs scraped from the web, with LAION-5B being one of the largest, containing over 5 billion image-text pairs.\n\n\u2022 The models use various architectural approaches, including generative adversarial networks (GANs) and diffusion models, with transformer models becoming increasingly popular for text encoding.\n\n\u2022 Recent advancements include the ability to personalize models by teaching them new concepts using small sets of images not in the original training data.\n\n\u2022 Text-to-image technology has expanded to related fields like text-to-video generation, with platforms like Runway and Midjourney emerging.""",294,201-350
97,279475,What is the primary structural role of desmin in muscle cells?,Forms contractile filaments that generate force,"Forms a scaffold around the Z-disk connecting myofibrils, mitochondria, nucleus, and motor endplates",Transports calcium ions during muscle contraction,Regulates gene expression in muscle development,B,without_facts,,49,26-50
98,311001,Which organ system is most severely affected by methylmercury poisoning?,Digestive system,Nervous system,Circulatory system,Respiratory system,B,without_facts,,688,601-1000
99,268838,In which ancient sample was H. alvei discovered through paleomicrobiology studies?,"8,000-year-old fermented grain remains","15,000-year-old mammoth tissue","10,000-year-old cheese artifacts","12,000-year-old mastodon intestinal remains",D,without_facts,,4,1-5
100,66975,How do insulin and glucagon regulate ketogenesis?,Insulin stimulates ketone production while glucagon inhibits it,Both hormones stimulate ketone production equally,Insulin inhibits ketone production while glucagon stimulates it,Both hormones inhibit ketone production,C,with_facts,"""\u2022 Ketogenesis is the biochemical process where organisms produce ketone bodies by breaking down fatty acids and ketogenic amino acids to supply energy to organs like the brain, heart, and skeletal muscle during fasting or carbohydrate restriction.\n\n\u2022 Ketone bodies are produced mainly in the mitochondria of liver cells in response to unavailable blood glucose, such as during fasting, and this process occurs constantly in healthy individuals under the control of the regulatory protein AMPK.\n\n\u2022 The three ketone bodies synthesized from acetyl-CoA are \u03b2-hydroxybutyrate, acetoacetate, and acetone, with the first two being able to pass through membranes easily to provide energy to the brain.\n\n\u2022 The brain receives 60-70% of its required energy from ketone bodies when blood glucose levels are low, since the brain cannot directly metabolize fatty acids.\n\n\u2022 Ketogenesis is primarily regulated by insulin and glucagon hormones - insulin inhibits ketone production while glucagon stimulates it by controlling key enzymes involved in fatty acid oxidation.\n\n\u2022 The liver produces ketone bodies but cannot use them significantly because it lacks the critical enzyme succinyl CoA transferase needed for ketolysis, making ketone bodies a way to transport energy from the liver to other cells.\n\n\u2022 Ketogenesis occurs when acetyl-CoA from fatty acid breakdown exceeds the processing capacity of the citric acid cycle, typically triggered by fasting, vigorous exercise, high-fat diets, or insufficient insulin conditions.\n\n\u2022 Recent evidence suggests that glial cells can perform ketogenesis locally in the brain, supplying neurons with ketone bodies to sustain cognitive processes.""",58,51-100
101,16797,When did the concept of biological plausibility originate?,1964 with The Surgeon General's Advisory Committee on Smoking and Health,1965 with Austin Bradford Hill's criteria,1960 with early epidemiological studies,1970 with the development of randomized clinical trials,A,without_facts,,704,601-1000
102,5875,What is the RCRA waste code assigned to acetone cyanohydrin due to its hazardous properties?,P067,P068,P069,P070,C,with_facts,"""\u2022 Acetone cyanohydrin (ACH) is an organic compound primarily used in the production of methyl methacrylate, the monomer for polymethyl methacrylate (PMMA) acrylic plastic.\n\n\u2022 The compound is highly toxic because it easily liberates hydrogen cyanide (HCN) and is often used as a source of HCN in chemical reactions.\n\n\u2022 ACH can be prepared in the laboratory by treating sodium cyanide with acetone followed by acidification, though microreactor-scale flow chemistry is preferred to avoid storing large quantities due to safety concerns.\n\n\u2022 The compound serves as an intermediate in methyl methacrylate production through treatment with sulfuric acid followed by methanolysis.\n\n\u2022 ACH is used as a safer surrogate for hydrogen cyanide in various chemical reactions, including transhydrocyanation processes where HCN is transferred to other compounds.\n\n\u2022 The compound occurs naturally in cassava tubers as linamarin (a glucoside of acetone cyanohydrin), which releases ACH when the tubers are crushed.\n\n\u2022 ACH is classified as an extremely hazardous substance under US regulations and carries an RCRA P069 waste code due to its ready decomposition in water, which releases highly toxic hydrogen cyanide.""",87,51-100
103,23438,"According to the World Health Organization (WHO), CTAB is recommended for which specific application?",Disinfection of surgical instruments,Treatment of skin infections,Purification agent in downstream processing of polysaccharide vaccines,Preservation of oral medications,C,without_facts,,134,101-200
104,188656,During which geological epoch did Gavialosuchus live?,Early Miocene,Late Miocene,Early Pliocene,Late Oligocene,A,with_facts,"""Here are the key facts about Gavialosuchus:\n\n\u2022 Gavialosuchus is an extinct genus of gavialoid crocodylian that lived during the early Miocene epoch in Europe\n\n\u2022 The type species is G. eggenburgensis, which is known from fossil remains found in Austria\n\n\u2022 Previously, two other species (G. americanus and G. carolinensis) were classified under this genus, but have since been reclassified to the Thecachampsa genus\n\n\u2022 Taxonomically, Gavialosuchus belongs to the Tomistominae subfamily, which was historically classified as crocodiles but is now considered part of Gavialoidea based on molecular DNA studies\n\n\u2022 Unlike modern freshwater crocodilians, Gavialosuchus was an estuarine and coastal water species, living in shallow marine environments\n\n\u2022 Phylogenetic studies have placed Gavialosuchus as a relative of modern false gharials and gharials, sharing similar evolutionary characteristics\n\n\u2022 The genus represents an important transitional form in understanding the evolutionary history of gavialoid crocodylians during the Miocene period""",326,201-350
105,178978,"What is the maximum infection rate for parasitic diseases that was recorded in Guangdong Province, China during 1950s research?",25.3%,28.7%,31.1%,34.6%,C,without_facts,,15,6-25
106,200069,What can result from malfunctions in biochemical cascades?,Enhanced cellular communication and improved adaptation,Diseases such as basal cell carcinoma or developmental disorders,Increased production of first messengers,Automatic repair of damaged signal transduction pathways,B,with_facts,"""Here are the key facts about Biochemical Cascades:\n\n\u2022 A biochemical cascade is a series of chemical reactions within a biological cell triggered by an initial stimulus (first messenger)\n\n\u2022 The cascade involves signal transduction through receptors, which convert external signals into cellular responses via second messengers\n\n\u2022 There are two primary signal transduction mechanisms: nuclear receptor pathways and transmembrane receptor pathways\n\n\u2022 Four main types of transmembrane receptors exist: G protein coupled receptors (GPCRs), tyrosine kinase receptors, serine/threonine kinase receptors, and ligand-gated ion channels\n\n\u2022 Cellular responses can be rapid (protein activation/inhibition) or slower (gene expression changes), depending on the specific signaling pathway\n\n\u2022 Second messengers play a crucial role in amplifying and transmitting signals within the cell, with three distinct classes of these molecular intermediaries\n\n\u2022 Examples of biochemical cascades include the blood coagulation cascade and the sonic hedgehog signaling pathway involved in embryonic development\n\n\u2022 Signal transduction pathways help cells communicate, adapt to environmental changes, and coordinate complex biological functions\n\n\u2022 Malfunctions in these cascades can lead to diseases, such as basal cell carcinoma or other developmental disorders\n\n\u2022 Each cascade involves multiple steps where one chemical reaction triggers the next, creating a linear progression of cellular signaling""",128,101-200
107,80156,"According to U.S. General Jeffery Hammond in July 2008, what did he call lob bombs?",The most sophisticated weapon we've encountered,The greatest threat right now that we face,The deadliest improvised device in Iraq,The most challenging weapon to counter,B,without_facts,,246,201-350
108,131628,SARS-CoV-2 likely originated from recombination events between which two types of coronavirus?,Human coronavirus and MERS coronavirus,Bat SARS-like coronavirus and human coronavirus,Bat SARS-like coronavirus and pangolin coronavirus,Pangolin coronavirus and MERS coronavirus,C,with_facts,"""\u2022 SARS-CoV-2 variants are genetically modified versions of the original virus that causes COVID-19, with changes significant enough to be classified separately by virologists.\n\n\u2022 As of June 25, 2025, the WHO lists JN.1 as the current variant of interest, with KP.3, KP.3.1.1, JN.1.18, LP.8.1, NB.1.8.1, XEC and XFG under monitoring.\n\n\u2022 The virus likely originated from recombination events between bat SARS-like coronavirus and pangolin coronavirus, with the earliest genomes collected from patients in December 2019.\n\n\u2022 Major variants of concern historically designated by WHO include Alpha, Beta, Gamma, Delta, and Omicron, all descended from the B.1 lineage.\n\n\u2022 Variants of concern (VOC) are characterized by mutations in the spike protein receptor binding domain that increase binding affinity and are linked to rapid spread in human populations.\n\n\u2022 Key criteria for variant classification include increased transmissibility, higher morbidity/mortality, ability to evade vaccines or natural immunity, and resistance to treatments.\n\n\u2022 Some variants maintain or increase their ability to replicate despite rising population immunity from infections or vaccinations, contributing to continued virus circulation.\n\n\u2022 The WHO defines variants of interest (VOI) as those with genetic changes affecting virus characteristics like transmissibility and antibody evasion, circulating significantly across multiple WHO regions.""",1,1-5
109,121715,What defines a superheavy element according to atomic number?,Elements with atomic number greater than 92,Elements with atomic number greater than 104,Elements with atomic number greater than 118,Elements with atomic number greater than 121,B,without_facts,,823,601-1000
110,326013,What was the initial dosing interval for the Pfizer-BioNTech COVID-19 vaccine?,14 days apart,21 days apart,28 days apart,35 days apart,B,with_facts,"""Here are the key facts about the Pfizer\u2013BioNTech COVID-19 vaccine:\n\n\u2022 Developed collaboratively by BioNTech (German company) and Pfizer (American company) as an mRNA-based vaccine\n\n\u2022 First COVID-19 vaccine authorized for emergency use and later fully approved by the FDA on August 23, 2021\n\n\u2022 Uses nucleoside-modified mRNA that encodes a mutated spike protein of SARS-CoV-2, delivered via lipid nanoparticles\n\n\u2022 Initial clinical trials involved over 40,000 participants, with an interim efficacy of 91.3% in preventing symptomatic infection\n\n\u2022 Administered as a two-dose regimen, initially 21 days apart, with intervals later extended up to 42 days in the US and 4 months in Canada\n\n\u2022 Most side effects are mild to moderate, including injection site pain, fatigue, and headaches, with very rare serious allergic reactions\n\n\u2022 Effectiveness varies by variant: 93.7% against Alpha variant and 88.0% against Delta variant after two doses\n\n\u2022 Vaccine effectiveness tends to decline over time, with protection against infection dropping from 91% to 66% as Delta variant became predominant\n\n\u2022 Bivalent booster versions were developed to target Omicron variants (BA.1, BA.4/BA.5) starting in August 2022\n\n\u2022 Requires ultra-low temperature storage, presenting significant logistical challenges in distribution""",347,201-350
111,178764,How many different bacterial species comprise the Burkholderia cepacia complex?,At least 10 species,Exactly 15 species,At least 20 species,More than 30 species,C,without_facts,,22,6-25
112,220401,What Celtic mythological creature is the Kellas cat potentially linked to?,Selkie,Kelpie,Cat-sìth,Bean-sidhe,C,with_facts,"""Here are the key facts about the Kellas cat:\n\n\u2022 The Kellas cat is a hybrid between the Scottish wildcat and domestic cat, found in Scotland\n\n\u2022 First scientifically documented in 1984 when a specimen was killed in a snare, after previously being considered mythological\n\n\u2022 Named after the village of Kellas in Moray, where it was first discovered\n\n\u2022 Physically described as a \""dog-size\"" black cat, with most specimens being more closely aligned to the Scottish wildcat genetically\n\n\u2022 The first live Kellas cats were captured in the mid-1980s, with the first captive-born litter successfully bred by researcher Di Francis\n\n\u2022 Potentially linked to the Celtic mythological creature \""cat-s\u00ecth\"", a legendary fairy cat from Scottish folklore\n\n\u2022 Distinct from other alleged large cat sightings in Britain, which were often unsubstantiated claims about exotic big cats\n\n\u2022 A melanistic (black) wildcat specimen was among the first Kellas cats studied, representing the first documented melanistic wildcat in Scotland\n\n\u2022 Specimens have been preserved in museums, including the National Museum of Scotland and the University of Aberdeen Zoology Museum""",957,601-1000
113,40765,What mathematical concept is closely related to the computation behind dot plots for distributions?,Linear regression,Kernel density estimation,Principal component analysis,Fourier transforms,B,without_facts,,829,601-1000
114,74908,What was Psathyrella candolleana reclassified as in 2020?,Britzelmayria candolleana,Candolleomyces candolleanus,Olotia candolleana,Homophron candolleanum,B,with_facts,"""Here are the key facts from the Wikipedia article:\n\n\u2022 Psathyrella is a genus of fungi that contains approximately 400-660 species (depending on the source and year)\n\n\u2022 Many Psathyrella species were previously classified in other genera, including Hypholoma, Psilocybe, and Stropharia\n\n\u2022 In 2020, German mycologists Dieter W\u00e4chter & Andreas Melzer conducted a significant reclassification of the genus based on phylogenetic analysis\n\n\u2022 The 2020 reclassification created three new genera: Britzelmayria, Candolleomyces, and Olotia\n\n\u2022 Some notable species reclassifications include:\n   - Psathyrella candolleana \u2192 Candolleomyces candolleanus\n   - Psathyrella multipedata \u2192 Britzelmayria multipedata\n   - Psathyrella spadicea \u2192 Homophron spadiceum\n\n\u2022 As of July 2022, Species Fungorum recognized 660 Psathyrella species\n\n\u2022 The classification of Psathyrella species is ongoing and subject to regular changes""",213,201-350
115,76046,How are accidental species marked in the List of birds of Gabon?,"With an ""(R)"" tag","With an ""(A)"" tag","With an ""(V)"" tag","With an ""(E)"" tag",B,without_facts,,573,351-600
116,95382,How are micronutrients further classified beyond being required in trace amounts?,Into essential and nonessential categories,Into vitamins (organic) and minerals (inorganic),Into water-soluble and fat-soluble types,Into primary and secondary nutrients,B,with_facts,"""\u2022 Nutrition is the biochemical and physiological process by which organisms use food to support life, providing nutrients that can be metabolized for energy and chemical structures.\n\n\u2022 All forms of life require carbon, energy, and water, while animals specifically need complex nutrients like carbohydrates, lipids, and proteins obtained by consuming other organisms.\n\n\u2022 Modern nutrition science began in the 1910s when individual micronutrients were first identified, with thiamine being the first vitamin chemically identified in 1926.\n\n\u2022 Nutrients are classified as macronutrients (primary substances required in large amounts) and micronutrients (required in trace amounts), with micronutrients further divided into vitamins (organic) and minerals (inorganic).\n\n\u2022 Essential nutrients are those the body cannot synthesize on its own and must be obtained from external sources, while nonessential nutrients can be produced by the organism itself.\n\n\u2022 Organisms are classified by how they obtain carbon and energy: heterotrophs consume other organisms' carbon, autotrophs produce their own nutrients from inorganic substances, and mixotrophs can do both.\n\n\u2022 Nutrient cycles are biogeochemical processes that move inorganic matter through soil, organisms, air, and water, including essential cycles like carbon, nitrogen, phosphorus, sulfur, and water cycles.\n\n\u2022 A healthy diet requires ingestion and absorption of vitamins, minerals, essential amino acids from proteins, and essential fatty acids from fats to improve physical and mental health.""",954,601-1000
117,27099,"According to recent research, what is the main cause of discrimination problems in high-dimensional clustering?",Insufficient computational resources for processing large datasets,Correlations between attributes creating arbitrarily oriented subspaces,The presence of many irrelevant dimensions,Exponential growth in the number of possible subspaces,C,without_facts,,24,6-25
118,322301,Where does Ichnovirus replication occur within the host cell?,In the cytoplasm,In the mitochondria,In the endoplasmic reticulum,In the nucleus,D,with_facts,"""Here are the key facts about Ichnovirus:\n\n\u2022 Ichnovirus is a genus of viruses belonging to the Polydnaviridae family\n\n\u2022 The genus currently contains 21-22 species, with a recent taxonomic update in 2021\n\n\u2022 These viruses are specifically associated with parasitoid wasps that parasitize Lepidoptera (moths and butterflies)\n\n\u2022 Ichnoviruses have an enveloped structure with prolate ellipsoid or cylindrical geometry\n\n\u2022 Their genome is circular, segmented, and ranges from 6.0-20 kilobases in length\n\n\u2022 Viral replication occurs in the nucleus, with DNA-templated transcription\n\n\u2022 The virus exits host cells through nuclear pore export\n\n\u2022 Ichnoviruses have a symbiotic relationship with their wasp hosts, helping to suppress the immune system of the wasp's lepidopteran host\n\n\u2022 Transmission of the virus occurs through parental routes, with wasps injecting both eggs and virus into their host\n\n\u2022 Specific wasp subfamilies Banchinae and Campopleginae serve as primary hosts for these viruses""",41,26-50
119,48656,What type of genetic mechanism is the founder effect classified as?,Natural selection,Gene flow,Genetic drift,Mutation pressure,C,without_facts,,309,201-350
120,41156,Which of the following is NOT mentioned as a formal standardization of Dublin Core?,ISO 15836,IETF RFC 5013,ANSI/NISO Z39.85,W3C Recommendation,D,with_facts,"""\u2022 Dublin Core is a general purpose metadata vocabulary for describing resources of any type, originally developed for web content in the early days of the World Wide Web and maintained by the Dublin Core Metadata Initiative (DCMI).\n\n\u2022 The vocabulary began as 15 metadata elements in 1998 and was redefined as a Resource Description Framework (RDF) vocabulary in 2008, with each element being optional and repeatable with no prescribed order.\n\n\u2022 Qualified Dublin Core was developed in the late 1990s to extend the original 15 elements, following the \""Dumb-Down Principle\"" which ensures applications can ignore qualifiers and still use the broader element meaningfully.\n\n\u2022 In 2012, \""DCMI Metadata Terms\"" was created using an RDF data model, incorporating the original 15 elements and qualified terms as RDF properties under the namespace http://purl.org/dc/terms/.\n\n\u2022 Dublin Core has been formally standardized internationally as ISO 15836, IETF RFC 5013, and ANSI/NISO Z39.85, making it a widely recognized metadata standard.\n\n\u2022 The vocabulary is syntax-independent and can be expressed in various formats including HTML meta tags, XML, and key/value pairs, making it flexible for different applications.\n\n\u2022 Changes to the Dublin Core standard are reviewed by a DCMI Usage Board under a DCMI Namespace Policy that governs term assignment and limits editorial changes to maintain consistency.\n\n\u2022 Notable applications include the Open Source Metadata Framework (OMF) used by GNOME and KDE help systems, and PBCore for public broadcasting metadata.""",28,26-50
121,305542,What was Rinchenia originally classified as before becoming its own genus?,Oviraptor philoceratops,Citipati osmolskae,Oviraptor mongoliensis,Khaan mckennai,C,without_facts,,304,201-350
122,61376,Which demographic group has a higher risk of developing IBC and is diagnosed at younger ages?,Asian women,Hispanic women,Caucasian women,African-American women,D,with_facts,"""Here are the key facts about Inflammatory Breast Cancer (IBC):\n\n\u2022 IBC is an aggressive type of breast cancer that comprises 1-6% of breast cancer cases in the USA\n\n\u2022 Characterized by rapid breast swelling, skin changes (peau d'orange), and often no detectable lumps, making it difficult to diagnose through traditional imaging\n\n\u2022 African-Americans are diagnosed at younger ages and have a higher risk of developing IBC compared to Caucasian women\n\n\u2022 Always staged at IIIB or above due to cancer cells present in subdermal lymphatics, indicating locally advanced disease\n\n\u2022 Typically presents with symptoms like breast redness, swelling, persistent itching, unusually warm skin, and potential nipple retraction\n\n\u2022 Often misdiagnosed as mastitis due to similar inflammatory appearance\n\n\u2022 Frequently presents as triple-negative breast cancer with high rates of relapse and metastasis in the first three years\n\n\u2022 Has a high rate of negative estrogen and progesterone receptor status, which corresponds with poor survival\n\n\u2022 Recent advances in therapy have improved prognosis, with at least one-third of patients surviving ten years or longer\n\n\u2022 Characterized by molecular features including overexpression of RhoC GTPase and active epidermal growth factor receptor (EGFR) pathway""",55,51-100
123,172610,What are viruses called that can only undergo the lytic cycle?,Temperate phages,Virulent phages,Lysogenic phages,Dormant phages,B,without_facts,,2,1-5
124,73901,How many COVID-19 vaccines have been granted full or emergency use authorizations by national regulatory authorities?,30,40,50,35,B,with_facts,"""Here are the key facts from the Wikipedia article on COVID-19 vaccine authorizations:\n\n\u2022 40 COVID-19 vaccines have been granted full or emergency use authorizations by national regulatory authorities\n\n\u2022 10 vaccines have been approved by at least one stringent WHO-recognized regulatory authority, including Pfizer\u2013BioNTech, Oxford\u2013AstraZeneca, Moderna, and Janssen\n\n\u2022 Of the 40 vaccines:\n- 16 have authorization in only one country\n- 12 have authorization in ten or fewer countries\n- 12 have authorization in more than ten countries\n\n\u2022 The AstraZeneca vaccine is the most widely accepted internationally, with over 1.3 billion doses administered and use in more countries than any other vaccine\n\n\u2022 Some countries have suspended or limited certain vaccines due to rare side effects, such as:\n- Blood clot disorders (AstraZeneca and Janssen vaccines)\n- Myocarditis risk for younger age groups (Moderna vaccine)\n\n\u2022 Vaccine authorizations can vary by purpose, with some vaccines authorized only for travel and not for general population use\n\n\u2022 7 additional vaccines are currently under assessment by the World Health Organization (WHO)\n\n\u2022 Vaccine authorizations include different versions, such as original formulations and updated bivalent versions targeting specific variants""",5,1-5
125,49841,What is the maximum number of subscripts that GT.M's multi-dimensional sparse arrays can have?,16 subscripts,24 subscripts,32 subscripts,64 subscripts,C,without_facts,,341,201-350
126,39659,Which three infectious diseases are known as 'the big three' that disproportionately affect developing countries and poor populations?,"HIV, cholera, and typhoid","Malaria, tuberculosis, and dengue","HIV, malaria, and tuberculosis","Tuberculosis, pneumonia, and HIV",C,with_facts,"""\u2022 Diseases of poverty are more prevalent in low-income populations and account for 45% of the disease burden in countries with high poverty rates, most of which are preventable or treatable with existing interventions.\n\n\u2022 HIV, malaria, and tuberculosis are known as \""the big three\"" infectious diseases that disproportionately affect developing countries and poor populations.\n\n\u2022 Poverty and disease create a cyclical relationship - poverty increases disease risk through lack of shelter, clean water, nutrition, and healthcare access, while diseases create barriers to economic growth that increase poverty.\n\n\u2022 People in low-income communities have reduced access to physical activity environments, with only about one in five homes having parks or fitness centers within half-mile distance.\n\n\u2022 Mental health is significantly impacted by poverty, with 31% of people living in poverty reporting depression diagnosis compared to 15.8% of those not in poverty.\n\n\u2022 Diseases of poverty include both infectious diseases and conditions related to malnutrition and poor health behaviors, often occurring together as co-morbid conditions.\n\n\u2022 Historical patterns show that infectious diseases have long affected the poor disproportionately, with wealthy leaders protected in better living conditions while the majority lived in unsanitary conditions with their animals.\n\n\u2022 Low-income areas face additional barriers to health including unsafe neighborhoods, air pollution, temperature extremes, and violence exposure.""",327,201-350
127,178766,Which BCC species is associated with six times higher mortality within a year of lung transplant?,B. cepacia,B. multivorans,B. cenocepacia,B. vietnamiensis,C,without_facts,,187,101-200
128,324971,Approximately how many nucleotides are involved in the RNA-DNA hybrid during transcription?,The last 5 nucleotides added,The last 10 nucleotides added,The last 20 nucleotides added,The entire transcript length,B,with_facts,"""Here are the key facts about the Coding Strand:\n\n\u2022 The coding strand is the DNA strand whose base sequence is identical to the RNA transcript (with thymine replaced by uracil)\n\n\u2022 This strand contains codons, while the non-coding strand contains anticodons\n\n\u2022 By convention, the coding strand is displayed in the 5' to 3' direction when representing a DNA sequence\n\n\u2022 In any gene, one DNA strand is the coding (sense) strand, and the other is the non-coding (antisense) strand\n\n\u2022 During transcription, RNA polymerase unwinds a section of DNA called the transcription bubble, moving along the non-coding strand in the 3' to 5' direction\n\n\u2022 The coding strand remains unpaired during transcription, while the template strand forms an RNA-DNA hybrid with the newly synthesized RNA transcript\n\n\u2022 The RNA-DNA hybrid is believed to consist of approximately the last 10 nucleotides added during transcription\n\n\u2022 RNA polymerase rewinds the DNA double helix behind the transcription bubble, similar to how adjacent zippers work when pulled together\n\n\u2022 The process of transcription can potentially cause DNA breaks, which may lead to gene reordering or cell death""",63,51-100
129,101612,In what year did Pfam introduce 'clans' to group related protein families with a single evolutionary origin?,2003,2005,2007,2009,B,without_facts,,22,6-25
130,45321,"According to researchers, what may cause hyperthymesia?",Enhanced hippocampus development,Superior visual processing abilities,Inability to turn off episodic-retrieval mode,Increased dopamine production,C,with_facts,"""\u2022 **Exceptional memory encompasses multiple types** - including hyperthymesia (superior autobiographical memory), eidetic memory (total recall of images/sounds), synesthesia, and emotional memory, and is common in those with savant syndrome.\n\n\u2022 **Hyperthymesia is extremely rare** - as of April 2016, there were only 61 confirmed cases worldwide of this condition involving superior autobiographical memory.\n\n\u2022 **Hyperthymesia involves automatic, obsessive recall** - individuals rely on a personal \""mental calendar\"" and can remember specific personal events, dates, weather, and trivial details from their past in an organized manner without using conscious mnemonic strategies.\n\n\u2022 **Superior autobiographical memory doesn't equal overall superior memory** - people with hyperthymesia show no statistically significant difference from control groups on tests like digit span, visual reproduction, and word-pair memorization.\n\n\u2022 **Hyperthymesia may result from impairments rather than enhancements** - researchers suggest it stems from an inability to \""turn off\"" episodic-retrieval mode, possibly linked to executive functioning deficits and frontostriatal disorders.\n\n\u2022 **The condition has significant drawbacks** - individuals describe their memory as a \""running movie that never stops\"" and experience the world in \""split screen\"" with past and present simultaneously, including unwanted recall of traumatic events.\n\n\u2022 **Eidetic memory involves extraordinary visual recall** - it refers to the ability to accurately recall large numbers of images, sounds, and objects, often tested through picture elicitation methods where children can perfectly recall images after 20-30 minutes of study.\n\n\u2022 **Hyperthymesia cases differ from savant memory** - while savants have extraordinary memory for specific narrow topics or hobbies, hyperthymesia involves detailed memory for both specific and general life events regardless of personal significance.""",17,6-25
131,297730,Which of the following is NOT listed as a primary purpose of div and span elements?,Applying CSS styling,Improving document semantics,Enabling client-side scripting and DOM manipulation,Creating database connections,D,without_facts,,13,6-25
132,337528,What was Cryptogenic Organizing Pneumonia (COP) previously known as when it was first described by Gary Epler in 1985?,Bronchiolitis obliterans organizing pneumonia (BOOP),Idiopathic pulmonary fibrosis (IPF),Usual interstitial pneumonia (UIP),Nonspecific interstitial pneumonia (NSIP),A,with_facts,"""Here are the key facts about Cryptogenic Organizing Pneumonia (COP):\n\n\u2022 COP is an inflammation of the bronchioles and surrounding lung tissue, classified as an idiopathic interstitial pneumonia\n\n\u2022 First described by Gary Epler in 1985, it was previously known as bronchiolitis obliterans organizing pneumonia (BOOP)\n\n\u2022 Symptoms typically include dry cough (71% of cases), shortness of breath (62%), and fever (44%), developing over weeks to months\n\n\u2022 Most commonly affects people in their 5th or 6th decade of life and is extremely rare in children\n\n\u2022 Can be a complication of chronic inflammatory diseases like rheumatoid arthritis, lupus, and dermatomyositis, or a side effect of certain medications\n\n\u2022 Diagnosis is typically made after ruling out infections, with negative blood and sputum cultures and no response to antibiotics\n\n\u2022 Characterized by a unique pathophysiological process involving fibroblast-driven intra-alveolar fibroproliferation that can potentially be reversible\n\n\u2022 Clinical presentation often mimics infectious pneumonia, making initial diagnosis challenging\n\n\u2022 Pulmonary function tests typically show a restrictive defect with decreased gas absorption capacity\n\n\u2022 Laboratory findings often include elevated inflammatory markers and potentially elevated antibodies if associated with a connective tissue disorder""",305,201-350
133,226495,"In Albania, what percentage of new HIV diagnoses occur at a late stage of infection?",45%,75%,60%,30%,C,without_facts,,866,601-1000
134,103078,What was the most significant political consequence of the high military casualties from the Plague of Amwas?,The Muslim conquest of Syria was permanently halted,Caliph Umar was forced to abdicate his position,"Mu'awiya ibn Abi Sufyan was appointed governor of Syria, leading to the Umayyad Caliphate",The Byzantine Empire successfully reconquered most of Syria,C,with_facts,"""\u2022 The plague of Amwas was a bubonic plague epidemic that struck Islamic Syria in 638-639 CE, likely a reemergence of the 6th-century Plague of Justinian.\n\n\u2022 The epidemic killed up to 25,000 Muslim soldiers and their relatives, including most of the army's high command, during the final stages of the Muslim conquest of Syria.\n\n\u2022 The plague was named after Amwas (Emmaus) in Palestine, which served as the principal camp of the Muslim Arab army where spoils were divided and soldiers were paid.\n\n\u2022 The deaths of key military commanders led to the appointment of Mu'awiya ibn Abi Sufyan as governor of Syria, which eventually paved the way for his establishment of the Umayyad Caliphate in 661.\n\n\u2022 The epidemic occurred during a nine-month drought known as the \""Year of the Ashes,\"" with widespread famine possibly weakening immune resistance and creating conditions favorable for the plague's spread.\n\n\u2022 Caliph Umar's response to the crisis, including his consultation with various Muslim factions and decision to withdraw troops from plague-affected areas, became a foundational precedent for Islamic theological responses to epidemics.\n\n\u2022 The plague caused significant depopulation in the Syrian countryside, which may have facilitated Arab resettlement of the land, unlike other conquered regions where Arabs typically remained in separate garrison cities.\n\n\u2022 This epidemic received more attention in Arabic historical sources than any other disease outbreak until the 14th-century Black Death, influencing medieval Muslim debates about predestination, contagion, and epidemic response.""",774,601-1000
135,229428,What is a major advantage of DNA computing compared to traditional silicon-based computers?,Faster processing speed,Massive parallel processing capability,Lower energy consumption,Better graphics rendering,B,without_facts,,125,101-200
136,178978,"What is the maximum infection rate for parasitic diseases that was recorded in Guangdong Province, China during 1950s research?",25.3%,28.7%,31.1%,34.6%,C,with_facts,"""Here are the key facts about Oncomelania:\n\n\u2022 Oncomelania is a genus of small tropical freshwater snails belonging to the Pomatiopsidae family\n\n\u2022 The genus is distantly related to marine periwinkle snails and more closely related to small marine snails of the Rissoidae family\n\n\u2022 Oncomelania snails have a significant medical importance as they can serve as vectors for two serious human diseases: schistosomiasis and paragonimus lung fluke parasites\n\n\u2022 The genus is believed to have originated in Gondwana and migrated to mainland Asia via the Indian Craton, likely arriving in southwestern China before 2.5 million years ago\n\n\u2022 Research in the 1950s in Guangdong Province, China, revealed infection rates as high as 31.1% for these parasitic diseases\n\n\u2022 The Chinese government responded to high infection rates by implementing strategies to eliminate Oncomelania snail breeding grounds, which helped control the schistosomiasis epidemic\n\n\u2022 Oncomelania species are still commonly consumed as food throughout China\n\n\u2022 While not yet established in the USA, the genus is considered a potential invasive species that could negatively impact agriculture, ecosystems, human health, or commerce""",105,101-200
137,65073,What is the Torah commandment of 'onah' that applies to husbands?,The obligation to study Torah with their wives,The requirement to provide financial support,"The duty to provide regular, pleasurable sexual intercourse to their wives",The commandment to have children within the first year of marriage,C,without_facts,,494,351-600
138,320572,What was significant about the first confirmed polio infection case in Gaza during this outbreak?,It was in a 2-year-old child from Khan Yunis,It was in a 10-month-old baby with paralysis,It was in an adult healthcare worker,It was asymptomatic and detected through routine screening,B,with_facts,"""Here are the key facts about the 2024 Gaza Strip polio epidemic:\n\n\u2022 First polio outbreak in Gaza in 25 years, discovered on 16 July 2024 and officially declared an epidemic on 29 July\n\n\u2022 The epidemic involves circulating vaccine-derived poliovirus type 2 (cVDPV2), likely originating from Egypt in late 2023\n\n\u2022 The outbreak occurred during a severe humanitarian crisis in Gaza, characterized by destroyed healthcare infrastructure, lack of clean water, and widespread sewage contamination\n\n\u2022 WHO confirmed the virus was found in all six sewage test samples in Khan Yunis and Deir al-Balah regions\n\n\u2022 Polio immunization rates in Gaza dropped from 99% in 2022 to 89% in 2023 due to war-related healthcare system disruption\n\n\u2022 On 16 August, Jordan confirmed the first polio infection in Gaza, with one confirmed case of paralysis in a 10-month-old baby\n\n\u2022 The United Nations and WHO warned that detecting cases would be challenging due to the virus being asymptomatic in most instances\n\n\u2022 On 29 August 2024, Israel committed to pausing fighting to facilitate a vaccination campaign, which was completed 14 days later\n\n\u2022 Experts warned the virus could potentially spread beyond Gaza due to sewage contamination and population displacement""",50,26-50
139,213875,"According to historical records, which ancient civilization first documented medicinal plant use around 3000 BC?",Egyptian civilization,Greek civilization,Sumerian civilization,Roman civilization,C,without_facts,,421,351-600
140,243431,What makes Viviparidae snails unique in terms of reproduction?,They lay eggs in underwater nests,They give birth to live offspring,They reproduce through budding,They lay eggs that hatch externally,B,with_facts,"""Here are the key facts about Viviparidae:\n\n\u2022 Viviparidae are freshwater snails found in lakes and rivers across Europe, Asia, and parts of North America, but notably absent from South America\n\n\u2022 They have distinctive features including gills and a protective lid (operculum), and are commonly known as river snails or mystery snails\n\n\u2022 These snails are viviparous, meaning they give birth to live offspring instead of laying eggs, with embryos developing internally and nourished within the female's brood pouch\n\n\u2022 The family contains three subfamilies: Viviparinae, Bellamyinae, and Lioplacinae, with recent genetic studies revealing a more complex taxonomy than previously thought\n\n\u2022 The oldest known Viviparidae fossil is Viviparus langtonensis from the Middle Jurassic period in England, indicating a long evolutionary history\n\n\u2022 Some species, like Cipangopaludina japonica, have become invasive in new environments due to their adaptability\n\n\u2022 Viviparidae snails typically live between 3 to 11 years, with lifespan varying based on environmental conditions\n\n\u2022 The family includes multiple genera across different subfamilies, with Viviparus and Bellamya being type genera for their respective subfamilies\n\n\u2022 Their shell morphology can vary depending on local environmental conditions, suggesting adaptive evolutionary characteristics""",495,351-600
141,26785,"What technique was used to create Dolly the sheep, the first mammal cloned from a somatic cell?",Somatic-cell nuclear transfer (SCNT),Binary fission,Molecular cloning,Parthenogenesis,A,without_facts,,5,1-5
142,267196,Who standardized the Gregory-Aland numbering system used to catalog these manuscripts?,Constantine Tischendorf,Kurt Aland,Caspar René Gregory,Bruce Metzger,C,with_facts,"""Based on the provided article, here are the key facts:\n\n\u2022 New Testament minuscules are manuscripts of the New Testament written in small, cursive Greek script, which developed from Uncial script\n\n\u2022 Manuscripts are cataloged using the Gregory-Aland numbering system, standardized by Caspar Ren\u00e9 Gregory\n\n\u2022 Dates for these manuscripts are typically estimated to the nearest 100-year increment when the exact date is unknown\n\n\u2022 Manuscripts often contain only portions of the New Testament, such as Gospels, Acts, or Pauline epistles\n\n\u2022 The article uses specific notation to indicate manuscript characteristics:\n   - \u2020 indicates damaged or missing pages\n   - P indicates only a portion of books are included\n   - K indicates the manuscript includes a commentary\n   - S indicates lost portions replaced by a later hand\n   - abs (abschrift) indicates the manuscript is a copy\n\n\u2022 Manuscripts can be bracketed in the Gregory-Aland system if they:\n   - Belong to an already numbered manuscript\n   - Are not a continuous text manuscript\n   - Are written in modern Greek instead of Koine Greek\n   - Are proven forgeries\n   - Have been destroyed\n\n\u2022 The article is part of a larger series documenting New Testament manuscript collections, with related lists for papyri, uncials, and other minuscule ranges""",5,1-5
143,133191,"According to the research, what happens to the gender difference in imagery vividness when item order is randomized?",The difference becomes more pronounced,Men begin to score higher than women,The difference disappears,The results become statistically insignificant due to increased variability,C,without_facts,,37,26-50
144,225339,What is the etymological origin of the term 'oligomer'?,Greek words meaning 'few parts',Latin words meaning 'small molecules',Greek words meaning 'many chains',Latin words meaning 'repeating units',A,with_facts,"""Here are the key facts about Oligomers:\n\n\u2022 An oligomer is a molecule composed of a few repeating units (monomers), derived from smaller molecules\n\n\u2022 The term comes from Greek words \""oligo-\"" (few) and \""-mer\"" (parts)\n\n\u2022 Oligomers are distinguished from polymers by having fewer repeating units, with no sharp definitional boundary\n\n\u2022 Oligomers can be named based on their number of units: dimer (2), trimer (3), tetramer (4), pentamer (5), hexamer (6)\n\n\u2022 Oligomers can be structured as linear chains, closed rings, or more complex configurations\n\n\u2022 They can be \""homo-oligomers\"" (identical units) or \""hetero-oligomers\"" (different units)\n\n\u2022 Biologically important oligomers include proteins, nucleic acids, peptides, and oligosaccharides\n\n\u2022 Oligomer units can be connected by covalent bonds or weaker forces like hydrogen bonds\n\n\u2022 Oligomerization is a chemical process that converts monomers into macromolecular complexes\n\n\u2022 Examples of oligomers include hemoglobin (protein tetramer), liquid paraffin, and plasticizers used in manufacturing""",199,101-200
145,153778,What is the mortality rate of PML in the first few months after diagnosis?,10-20%,20-30%,30-50%,60-80%,C,without_facts,,12,6-25
146,291572,How does DBiT-seq capture protein information alongside mRNA data?,Through direct protein sequencing using nanopores,Using fluorescent protein markers,Via mass spectrometry integration,Utilizing antibody-derived DNA tags (ADTs),D,with_facts,"""Here are the key facts about Deterministic Barcoding in Tissue for Spatial Omics Sequencing (DBiT-seq):\n\n\u2022 Developed in 2020 by Rong Fan and colleagues at Yale University as a multi-omics approach for studying spatial gene expression in tissue samples\n\n\u2022 Enables simultaneous spatial mapping of mRNA and protein levels at near single-cell resolution using next-generation sequencing and microfluidics\n\n\u2022 Uses a unique microfluidics system that applies two perpendicular sets of oligonucleotide barcodes (A1-A50 and B1-B50) to create a grid of unique spatial identifiers\n\n\u2022 Can be used on fresh or formaldehyde-fixed tissue samples, which is an advantage over many other spatial transcriptomics techniques\n\n\u2022 Allows for detailed analysis in fields like oncology, developmental biology, and pathology by providing insights into cellular heterogeneity and spatial relationships\n\n\u2022 Utilizes antibody-derived DNA tags (ADTs) to capture protein information alongside mRNA data\n\n\u2022 Provides near single-cell resolution by using microfluidic channels as small as 10 \u03bcm, which typically capture 1-2 cells per square\n\n\u2022 Can identify cell populations through transcriptome matching or spatial differential expression (SpatialDE) pattern recognition\n\n\u2022 Offers flexible resolution options with channel sizes of 10, 25, and 50 \u03bcm to suit different research needs""",106,101-200
147,245957,Which category includes nutrients that are needed in small amounts such as vitamins and minerals?,Macronutrients,Organic nutrients,Micronutrients,Essential nutrients,C,without_facts,,788,601-1000
148,33734,Which molecules are required to activate cyclin-dependent kinases?,ATP and GTP,Cyclins,Ribosomes,Lipids,B,without_facts,,10,6-25
149,75247,Which military organization was involved in the U.S. biological weapons program?,U.S. Navy Medical Research Command,U.S. Air Force Research Laboratory,U.S. Army Chemical Corps,U.S. Marine Corps Systems Command,C,without_facts,,4,1-5
150,82302,What is the relationship between elevated MALAT1 expression and cancer patient outcomes?,It correlates with improved overall survival,It correlates with poor overall survival,It has no correlation with survival rates,It only affects survival in lung cancer specifically,B,with_facts,"""\u2022 MALAT1 (Metastasis Associated Lung Adenocarcinoma Transcript 1), also known as NEAT2, is a long non-coding RNA that is highly conserved among mammals and highly expressed in cell nuclei\n\n\u2022 It regulates the expression of metastasis-associated genes and positively controls cell motility through transcriptional and post-transcriptional mechanisms\n\n\u2022 MALAT1 transcripts are significantly increased in the cerebellum of human alcoholics and in rat brains after ethanol withdrawal, potentially contributing to alcohol tolerance and dependency\n\n\u2022 Elevated MALAT1 expression correlates with poor overall survival across various cancer types, making it a potential prognostic factor for cancer outcomes\n\n\u2022 The RNA is infrequently spliced and may play a role in temperature-dependent sex determination in Red-eared slider turtles\n\n\u2022 MALAT1's upregulation in alcoholic brains may be responsible for differential protein expression that contributes to ethanol-related physiological changes""",946,601-1000
151,74032,What should readers be skeptical of when reviewing entries in this list?,Entries that are too old to be accurate,Entries without proper citations or DNA sequence/haplogroup links,Entries from certain geographic regions,Entries that use modern testing methods,B,without_facts,,289,201-350
152,302953,What is the primary function of bacterial secretion systems?,To secrete virulence factors into host cells,To absorb nutrients from the environment,To replicate bacterial DNA,To form biofilms on surfaces,A,with_facts,"""Here are the key facts about Bacterial Secretion Systems:\n\n\u2022 Bacterial secretion systems are protein complexes on cell membranes used by pathogenic bacteria to secrete virulence factors into host cells\n\n\u2022 There are at least eight types specific to Gram-negative bacteria and four types specific to Gram-positive bacteria, with two types common to both\n\n\u2022 Proteins can be secreted through two primary mechanisms:\n   - One-step direct transport through cell membrane\n   - Two-step process involving transport through inner membrane, periplasm, and outer membrane\n\n\u2022 Two main export pathways exist:\n   - Sec system: Secretes unfolded proteins\n   - Tat system: Secretes fully folded (tertiary state) proteins\n\n\u2022 The Sec system uses two different secretion pathways:\n   - SecA pathway (post-translational)\n   - Signal Recognition Particle (SRP) pathway\n\n\u2022 Different bacterial species use different secretion systems:\n   - E. coli, V. cholerae, K. pneumoniae use Sec system\n   - S. aureus and L. monocytogenes also use Sec system\n\n\u2022 Secretion pathways involve specific molecular chaperones that help transport proteins across cell membranes\n\n\u2022 The Tat pathway is used by bacteria, archaea, and plant organelles like chloroplasts and mitochondria\n\n\u2022 Protein secretion is highly dependent on specific signal sequences and molecular mechanisms that facilitate transport across cell membranes""",7,6-25
153,328066,How is active lung TB primarily transmitted between people?,Through contaminated food and water,Through direct skin contact,"Through airborne droplets when coughing, speaking, or sneezing",Through blood transfusions,C,without_facts,,168,101-200
154,55477,How many patients had their confidential medical data published online by the attackers?,250 patients,520 patients,750 patients,"1,200 patients",B,with_facts,"""\u2022 On 14 May 2021, Ireland's Health Service Executive (HSE) suffered a major ransomware attack that forced the shutdown of all IT systems nationwide, making it the most significant cybercrime attack on an Irish state agency.\n\n\u2022 The attack was carried out by a Russian criminal gang called \""Wizard Spider\"" using Conti ransomware, with the same group also attacking Ireland's Department of Health.\n\n\u2022 The cyberattack began on 16 March 2021 with a malicious email containing a Microsoft Excel file, allowing attackers to gain access and move through HSE systems for nearly two months before detection.\n\n\u2022 Hospital services were severely disrupted, with outpatient appointments, radiology services, cancer and stroke services affected, forcing hospitals to revert to paper records and cancel routine appointments including maternity checkups.\n\n\u2022 Confidential medical data for 520 patients was published online by the attackers, along with corporate documents, with the Financial Times reviewing samples of private data for twelve individuals as early as 19 May.\n\n\u2022 The attack occurred during the COVID-19 pandemic but did not affect Ireland's vaccination program, though COVID-19 testing referrals were disrupted, requiring people to use walk-in centers instead of appointments.\n\n\u2022 Ireland's National Cyber Security Centre was significantly under-resourced at the time, with only 25 staff members, a \u20ac5 million annual budget, no dedicated premises, and a vacant director position for a year.\n\n\u2022 The attackers used Cobalt Strike, a legitimate penetration testing tool, to move through and control HSE systems remotely before deploying the ransomware.""",539,351-600
155,309116,How long did Russian forces occupy Snake Island during the 2022 invasion?,98 days,126 days,154 days,180 days,B,without_facts,,61,51-100
156,239159,How long do Quercus acutissima acorns take to mature?,6 months,12 months,18 months,24 months,C,with_facts,"""Here are the key facts about Quercus acutissima (Sawtooth Oak):\n\n\u2022 Native to a wide range of Asian countries, including China, Korea, Japan, India, and many others in the region\n\n\u2022 Medium-sized deciduous tree that grows with a trunk up to a significant diameter, featuring dark gray, deeply furrowed bark\n\n\u2022 Distinctive leaves with 14-20 small, saw-tooth-like triangular lobes on each side, giving it the name \""sawtooth oak\""\n\n\u2022 Produces acorns that mature in about 18 months, characterized by a bi-colored appearance (orange at the base, green-brown at the tip) and a cap covered in soft, mossy bristles\n\n\u2022 Introduced to the United States around the 1920s, primarily for wildlife food provision, but now considered a potentially invasive species\n\n\u2022 Rapidly growing tree that can outcompete native species, particularly in well-drained, acidic soils\n\n\u2022 Acorns are very bitter and primarily eaten by birds like jays and pigeons, with squirrels consuming them only when other food sources are scarce\n\n\u2022 Wood is prone to cracking and splitting, limiting its use to applications like fencing\n\n\u2022 In Japan, wood is used to make charcoal for traditional tea ceremony braziers""",527,351-600
157,337530,In which age group does Cryptogenic Organizing Pneumonia most commonly occur?,Children and adolescents,Young adults in their 20s and 30s,People in their 5th or 6th decade of life,Elderly patients over 80 years old,C,without_facts,,294,201-350
158,271074,What is the average read length that Pacific Biosciences' SMRT platform can generate?,75 base pairs,500 base pairs,"1,200 base pairs","5,456 base pairs",D,with_facts,"""Here are the key facts about Scaffolding in bioinformatics:\n\n\u2022 Scaffolding is a bioinformatics technique that links non-contiguous genomic sequences into a scaffold, connecting sequences with gaps of known length\n\n\u2022 The process typically follows draft genome assembly: first creating contigs from DNA reads, then bridging gaps between those contigs using methods like optical mapping or mate-pair sequencing\n\n\u2022 The Haemophilus influenzae genome project in the 1990s marked the first significant use of scaffolding, generating 140 contigs that were oriented and linked using paired-end reads\n\n\u2022 Early scaffolding software like Grouper and later Bambus used different algorithms (such as greedy algorithms) to link contigs, with graph-based applications capable of ordering over 10,000 markers\n\n\u2022 Next-generation sequencing platforms initially produced very short read lengths (75bp or less), which complicated genome assembly and created demand for more sophisticated assembly algorithms\n\n\u2022 Hybrid sequencing approaches, combining multiple sequencing technologies, have emerged as an effective strategy for improving genome assembly\n\n\u2022 Modern scaffolding techniques can integrate multiple types of linkage data, including genetic maps, physical maps, and synteny maps\n\n\u2022 Single molecule sequencing technologies like Pacific Biosciences' SMRT platform can generate much longer reads (5,456bp average), significantly improving de novo assembly for prokaryotic organisms""",12,6-25
159,330247,What percentage of mammalian mRNAs contain one or more upstream ORFs (uORFs) in their 5'-untranslated region?,Approximately 25%,Approximately 50%,Approximately 75%,Approximately 90%,B,without_facts,,5,1-5
160,289257,What is the effectiveness rate of HPV vaccines in preventing HPV infections and related precancerous lesions?,More than 70%,Approximately 81%,More than 90%,About 85%,C,with_facts,"""Here are the key facts about HPV-positive oropharyngeal cancer:\n\n\u2022 HPV-positive oropharyngeal cancer is a type of throat cancer caused by human papillomavirus (HPV) infection, specifically affecting the tonsils, base of the tongue, soft palate, and pharynx walls\n\n\u2022 The primary risk factor is performing open-mouthed kissing or oral/genital sexual contact with a person infected with HPV\n\n\u2022 Common symptoms include persistent sore throat, difficulty swallowing, voice changes, ear pain, and unexplained weight loss\n\n\u2022 HPV vaccines are more than 90% effective in preventing HPV infections and related precancerous lesions\n\n\u2022 The cancer can spread through invasion of surrounding tissues, lymph system, and blood vessels\n\n\u2022 People with HPV-positive oropharyngeal cancer have significantly better survival rates compared to HPV-negative cases:\n   - 81% five-year survival rate for HPV and p16 positive patients\n   - 53-55% survival rate for discordant cancers\n   - 40% survival rate for HPV and p16 negative patients\n\n\u2022 Diagnosis is typically confirmed through a biopsy of abnormal throat tissue, with cancer stages ranging from 0 (carcinoma in situ) to 4C (spread to other body parts)\n\n\u2022 Treatment options include surgery, chemotherapy, radiation therapy, or a combination of these approaches""",30,26-50
161,63850,Which major event in 1989 significantly impacted JAX operations?,The laboratory received National Cancer Institute support,"A fire killed 300,000 production mice and caused a national shortage",JAX began selling mouse animal models internationally,The laboratory opened its Connecticut campus,B,without_facts,,132,101-200
162,6511,"How many human adenovirus species are currently recognized, and into how many species are they organized?",50 HAdVs organized into 5 species,88 HAdVs organized into 7 species (A-G),100 HAdVs organized into 8 species,75 HAdVs organized into 6 species,B,with_facts,"""\u2022 Adenoviruses are medium-sized (90-100 nm), non-enveloped viruses with an icosahedral capsid containing double-stranded DNA, first isolated from human adenoids in 1953.\n\n\u2022 In humans, there are 88 known human adenoviruses (HAdVs) organized into seven species (A-G), with more than 50 distinct serotypes causing illnesses ranging from mild respiratory infections to life-threatening multi-organ disease.\n\n\u2022 The virus structure consists of 240 hexon proteins forming the capsid bulk, 12 penton bases at the corners, and protruding fibers that aid in host cell attachment via surface receptors.\n\n\u2022 The adenovirus genome is linear, non-segmented double-stranded DNA (26-48 kbp) that can carry 22-40 genes and utilizes both DNA strands for coding proteins to maximize gene economy.\n\n\u2022 Adenoviruses replicate in the host cell nucleus using the host's replication machinery, entering cells through receptor binding (CD46 or CAR) followed by integrin-mediated endocytosis.\n\n\u2022 The viral life cycle has two phases (early and late) separated by DNA replication, with early genes producing regulatory proteins that manipulate host cell functions and avoid immune responses.\n\n\u2022 The virus was solved at atomic level resolution in 2010, making it the largest high-resolution viral model ever, composed of around 1 million amino acid residues weighing approximately 150 MDa.\n\n\u2022 Adenoviruses have a broad range of vertebrate hosts and replicate without integrating their genome into host chromosomes, instead associating with nuclear histones for transcription.""",2,1-5
163,272837,What effect does the C529Y mutation have on CDHR3 protein expression?,Decreases surface expression,Increases surface expression,Eliminates protein production,Has no effect on expression levels,B,without_facts,,47,26-50
164,51172,"For a geometric distribution counting failures before the first success with probability p = 1/3, what is the mode?",1,2,0,3,C,with_facts,"""\u2022 The geometric distribution is a discrete probability distribution that models the number of independent Bernoulli trials needed until the first success occurs, with each trial having the same probability of success (p).\n\n\u2022 There are two common parameterizations: one counting the number of trials up to and including the first success (support on {1, 2, 3, ...}), and another counting the number of failures before the first success (support on {0, 1, 2, ...}).\n\n\u2022 The geometric distribution is the only memoryless discrete probability distribution, meaning that previous failures do not affect the probability distribution of future trials needed for success.\n\n\u2022 For the version counting trials until first success, the expected value is 1/p and the variance is (1-p)/p\u00b2; for the version counting failures before first success, the expected value is (1-p)/p with the same variance.\n\n\u2022 The probability mass function follows a geometric sequence, which gives the distribution its name, with probabilities of the form p(1-p)^(k-1) or (1-p)^k \u00d7 p depending on the parameterization.\n\n\u2022 A classic example is rolling a die until getting a specific number (like rolling until getting a \""1\""), where each roll has probability p = 1/6 of success.\n\n\u2022 The mode is always the first value in the support set (1 for trials version, 0 for failures version), and the distribution is always positively skewed and leptokurtic (heavier tails than normal distribution).\n\n\u2022 The geometric distribution is the discrete analog of the exponential distribution, sharing the memoryless property.""",227,201-350
165,141327,Which of the following butterfly species migrates between the Eastern and Western Ghats in South India?,Danaus plexippus,Tirumala septentrionis,Vanessa cardui,Pieris rapae,B,without_facts,,811,601-1000
166,199707,Which countries' music are specifically referenced in the timeline?,American and Canadian,French and German,British and Norwegian,Italian and Spanish,C,with_facts,"""Based on the provided text, I cannot extract substantive key facts about musical events. The text appears to be a simple index or list of years in music from the 1950s, without providing any specific details about musical events, artists, or developments. \n\nThe text only lists:\n\u2022 Years from 1950-1959\n\u2022 References to music in different countries (British and Norwegian)\n\nTo provide meaningful key facts about musical events during this period, I would need additional context or a more detailed article with specific information about musical developments, notable artists, or significant musical milestones.""",46,26-50
167,211330,When was the complete Neanderthal genome sequence first published?,1998,2008,2010,2012,C,without_facts,,13,6-25
168,307123,In what year did Daleks first appear in Doctor Who?,1962,1964,1963,1965,C,with_facts,"""Here are the key facts about Dalek variants:\n\n\u2022 Daleks first appeared in 1963 in the \""Doctor Who\"" television series, portrayed as powerful travel machines housing malevolent mutant creatures\n\n\u2022 Typical Dalek design features include:\n- A truncated cone shape (1.5-2 meters tall)\n- A rotating dome with a mechanical eye\n- A directed energy weapon\n- A telescopic arm with a plunger-like manipulator\n\n\u2022 Dalek casings are constructed from \""bonded polycarbide\"" (also called \""dalekanium\""), which provides strong protection against most weapons\n\n\u2022 The Dalek's eye has historically been considered its most vulnerable spot, though later designs included protective systems to prevent easy disabling\n\n\u2022 Dalek design has evolved over time, with variations in:\n- Eye lens appearance\n- Dome lights\n- Color schemes\n- Protective capabilities\n\n\u2022 The Dalek weapon is depicted as having variable output, capable of:\n- Paralyzing\n- Stunning\n- Killing life forms\n- Destroying buildings and spacecraft\n\n\u2022 Notable episodes featuring multiple Dalek variants include:\n- \""Asylum of the Daleks\"" (2012)\n- \""The Magician's Apprentice\"" (2015)\n- \""The Witch's Familiar\"" (2015)""",761,601-1000
169,275312,When was the debris search called off and why?,February 16 due to harsh weather conditions,February 18 due to lack of resources,February 17 due to snowfall making debris recovery difficult,February 15 due to dangerous terrain,C,without_facts,,167,101-200
170,82416,What is the in vitro half-life of MDMB-4en-PINACA and how long can it be detected in human urine after consumption?,"Half-life of 15 minutes, detectable in urine up to 2 hours","Half-life of 5 minutes, detectable in urine up to 30 minutes","Half-life of 20 minutes, detectable in urine up to 90 minutes","Half-life of 10 minutes, detectable in urine up to 1 hour",D,with_facts,"""\u2022 MDMB-4en-PINACA is an indazole-based synthetic cannabinoid sold online as a designer drug, first identified in Europe in 2017 and became the most common synthetic cannabinoid identified by the DEA in the United States by 2021.\n\n\u2022 It acts as a potent CB1 receptor agonist with an EC50 value of 2.47 nM, making it approximately 2.5-3x stronger than JWH-018 with over 10x the binding affinity.\n\n\u2022 The compound has been associated with more than 15 deaths, including documented cases where autopsies found the substance in victims' blood and identified symptoms like brain edema, internal congestion, and respiratory distress.\n\n\u2022 MDMB-4en-PINACA has been found adulterating cannabis products in Europe (0.3-7.2 \u03bcg/mg) and Italy (0.4-6.3 mg/g), and has also been detected in street heroin and fentanyl in Massachusetts.\n\n\u2022 The substance has a short in vitro half-life of approximately 10 minutes but can be detected in human urine up to an hour after consumption, producing 14 metabolites.\n\n\u2022 The DEA temporarily placed MDMB-4en-PINACA into Schedule I status starting December 12, 2023, for up to 2 years, with several individual states also scheduling it as a controlled substance.\n\n\u2022 The methyl 3,3-dimethylbutanoate \""head\"" moiety of MDMB-4en-PINACA has been linked to both higher CB1 receptor potency and increased toxicity compared to other synthetic cannabinoid structural components.""",28,26-50
171,141569,Approximately how many species are included in the Cucurbitaceae family?,965 species,"1,200 species",750 species,850 species,A,without_facts,,5,1-5
172,103448,Which structural component of Streptococcus pneumoniae makes it resistant to phagocytosis by immune cells?,Pneumolysin toxin,Polysaccharide capsule,Surface proteins,Hydrogen peroxide production,B,with_facts,"""\u2022 Pneumococcal infection is caused by Streptococcus pneumoniae, which normally colonizes the nose and throat of 5-10% of healthy adults and 20-40% of healthy children.\n\n\u2022 The infection is a leading cause of pneumonia (15-50% of community-acquired cases), bacterial meningitis, sepsis, and acute otitis media (30-50% of cases).\n\n\u2022 In 2005, pneumococcal infections killed approximately 1.6 million children worldwide, with 0.7-1 million being under age five, mostly in developing countries.\n\n\u2022 The bacterium's polysaccharide capsule makes it resistant to phagocytosis by immune cells, allowing it to evade the host's immune system and spread through the bloodstream.\n\n\u2022 People at highest risk include those with compromised immune systems (HIV patients), absent or non-functional spleens, and those with conditions like COPD, while smoking and influenza infection also increase susceptibility.\n\n\u2022 The bacterium can spread from normal colonization sites to cause various infections including pneumonia, meningitis, sepsis, otitis media, and sinusitis when it reaches sterile body sites.\n\n\u2022 Key virulence factors include pneumolysin (damages host cells), hydrogen peroxide (toxic to competing bacteria and host cells), and surface proteins that help the bacteria adhere to and invade host tissues.\n\n\u2022 There is a strong association between pneumococcal infection and influenza, as influenza damage to airways facilitates pneumococcal entry and most deaths in the 1918 pandemic were due to secondary bacterial infections, especially pneumococcus.""",12,6-25
173,335663,What was the primary purpose of the Hershey-Chase experiment conducted in 1952?,To determine the structure of DNA,To determine the genetic material of organisms,To study bacterial reproduction,To develop new radioactive isotopes,B,without_facts,,82,51-100
174,234749,What was the fatality rate of the 1976 Zaire Ebola virus outbreak?,75%,82%,88%,94%,C,with_facts,"""Here are the key facts about the 1976 Zaire Ebola virus outbreak:\n\n\u2022 The outbreak occurred in August\u2013November 1976 in Yambuku, a small village in Zaire (now Democratic Republic of the Congo)\n\n\u2022 This was one of the first two recorded Ebola virus outbreaks in history, with a total of 318 cases and 280 deaths (88% fatality rate)\n\n\u2022 Mabalo Lokela, a local school headmaster, was the first identified case, who died on September 8th after initially being misdiagnosed with malaria\n\n\u2022 The Yambuku Mission Hospital, which had only 120 beds and 17 nurses, was a key transmission point, with almost all subsequent infections linked to hospital injections or close contact with infected individuals\n\n\u2022 The outbreak was centered in the Bumba Zone, a tropical rainforest region with approximately 275,000 people at the time\n\n\u2022 The virus was initially mistaken for Marburg virus but was later identified as a new virus, named after the nearby Ebola River\n\n\u2022 The International Commission placed a quarantine on the region within two days of the hospital's closure in October, motivated by the disease's intense symptoms and rapid progression\n\n\u2022 The outbreak was characterized by severe symptoms including high fever, profuse bleeding, vomiting, acute diarrhea, chest pains, and neurological complications""",80,51-100
175,155897,What is the designation for the two-seat trainer version of the Su-25?,Su-25K,Su-25UBK,Su-25T,Su-25SM,B,without_facts,,26,26-50
176,85278,"According to the Mars Exploration Program Analysis Group's 2008 determination, approximately what fraction of important Mars investigations could be addressed by a Mars sample-return mission?",About one-quarter,About half,About three-quarters,Nearly all,B,with_facts,"""\u2022 A Mars sample-return (MSR) mission aims to collect rock and dust samples on Mars and return them to Earth for more extensive analysis than possible with onboard sensors alone.\n\n\u2022 Current active proposals include a NASA-ESA collaboration, China's Tianwen-3, Russia's Mars-Grunt, and Japan's Martian Moons eXploration (MMX) targeting Phobos, with the Perseverance rover already collecting samples on Mars as of 2024.\n\n\u2022 In 2008, the Mars Exploration Program Analysis Group determined that about half of 55 important Mars investigations \""could be addressed to one degree or another by MSR,\"" making it potentially the single most valuable mission for Mars exploration.\n\n\u2022 As of August 2023, scientists have identified 356 meteorites believed to be from Mars out of over 79,000 known meteorites, based on their elemental and isotopic compositions matching Mars rocks and atmospheric gases.\n\n\u2022 The concept of Mars sample return has been studied since the early 1970s, with the Soviet Union planning but cancelling early missions (Mars 5NM in 1975 and Mars-79) due to technical failures and complexity.\n\n\u2022 Cross-contamination risks to Earth's biosphere from returned Martian samples have been identified, though the risk is considered low.\n\n\u2022 Returned samples would enable analysis with the most sophisticated Earth-based instruments and allow future reanalysis with instruments that don't yet exist.\n\n\u2022 The 1996 discovery of apparent microfossils in Martian meteorite ALH84001 (later rejected) renewed significant interest in Mars sample return missions.""",584,351-600
177,71754,How many subgenera is the Leishmania genus organized into?,3 subgenera,5 subgenera,6 subgenera,4 subgenera,D,without_facts,,1,1-5
178,98233,What is the Propædia in relation to the Encyclopædia Britannica?,The final volume containing the index,The first volume serving as a topical organization guide,The middle volume with detailed articles,A separate publication independent of the encyclopedia,B,with_facts,"""\u2022 The Prop\u00e6dia is the first volume of the 15th edition of Encyclop\u00e6dia Britannica, introduced in 1974 as a topical organization guide for the alphabetically-arranged Microp\u00e6dia and Macrop\u00e6dia volumes.\n\n\u2022 The core feature is the Outline of Knowledge, designed by Mortimer J. Adler to provide a systematic, hierarchical framework for organizing all human knowledge.\n\n\u2022 The Outline has three main purposes: epistemological (systematic categorization of knowledge), educational (providing study roadmaps for disciplines), and organizational (serving as an expanded table of contents).\n\n\u2022 The Outline contains 167 sections organized into 41 divisions and 10 major parts, with each part having an introductory essay written by a lead author who developed that section's outline.\n\n\u2022 Development of the Outline was an eight-year project involving 86 men and one woman, published 22 years after Adler's similar work on the Syntopicon for Great Books of the Western World.\n\n\u2022 The 10 categories are designed to be circular rather than hierarchical, covering major domains from \""Matter and Energy\"" and \""The Earth\"" to \""Life\"" and \""Human Life.\""\n\n\u2022 All articles in the full Britannica were designed to fit into this Outline of Knowledge framework, making it a comprehensive organizational system for the encyclopedia.\n\n\u2022 The last print edition of Britannica was published in 2010, marking the end of this organizational system in physical form.""",10,6-25
179,21455,What are the three Lactarius species commonly known as candy caps?,"L. camphoratus, L. rubidus, and L. rufulus","L. camphoratus, L. rubidus, and L. deliciosus","L. rufulus, L. indigo, and L. camphoratus","L. rubidus, L. sanguifluus, and L. rufulus",A,without_facts,,250,201-350
180,78535,What percentage of people with epilepsy actually experience intense religious feelings?,10-15%,5-8%,2-3%,Less than 1%,C,with_facts,"""\u2022 This Wikipedia article categorizes notable people with epilepsy into three groups: those with certain diagnoses made during their lifetime, those with speculative retrospective diagnoses, and those wrongly believed to have had epilepsy.\n\n\u2022 The alleged connection between epilepsy and greatness has fascinated scholars for centuries, dating back to ancient Greek references, though neurologist John Hughes concluded that most famous people alleged to have epilepsy did not actually have the condition.\n\n\u2022 There is a long-standing speculation that many religious figures had temporal lobe epilepsy (TLE), as the temporal lobes are involved in mystical experiences and can cause personality changes including increased religiosity.\n\n\u2022 Geschwind syndrome, identified in the 1970s-80s, describes personality characteristics often found in temporal lobe epilepsy patients, including increased religiosity and hypergraphia (excessive writing), though critics note these traits can result from various illnesses.\n\n\u2022 Research shows that intense religious feelings in people with epilepsy are actually rare, occurring in only 2-3% of cases, and sudden religious conversion with visions has been documented in only a small number of temporal lobe epilepsy patients.\n\n\u2022 Many famous people are incorrectly recorded as having epilepsy due to lack of evidence, misinterpretation of symptoms, seizures caused by other factors (like illness or alcohol withdrawal), or mistaken association with others who had epilepsy.\n\n\u2022 Neuropsychiatrist Peter Fenwick questioned earlier accounts linking religious figures to temporal lobe epilepsy, noting that very few true examples of ecstatic seizures had been scientifically documented before 1980.""",293,201-350
181,197633,What symbol can be used in a SELECT statement to return all columns from a table?,# (hash),& (ampersand),% (percent),* (asterisk),D,without_facts,,78,51-100
182,206419,What is a common algorithm used for stemming in English?,N-gram analysis,Porter Stemmer,Bag of Words,TF-IDF,B,without_facts,,179,101-200
183,338392,What type of virus is RSV?,"Positive-sense, double-stranded RNA virus","Negative-sense, double-stranded RNA virus","Positive-sense, single-stranded RNA virus","Negative-sense, single-stranded RNA virus",D,without_facts,,20,6-25
184,70708,What does SLDAX stand for and what is its primary purpose?,Supervised LDA with eXtensions - for processing larger document collections,Sequential LDA with eXponential priors - for time-series text analysis,Supervised LDA with covariates - for integrating text topics with other variables in regression analyses,Structured LDA with eXternal validation - for cross-domain topic modeling,C,with_facts,"""\u2022 **LDA is a generative statistical model** used in natural language processing to identify unobserved \""topics\"" in collections of text documents, where each topic is characterized by probability distributions over words.\n\n\u2022 **Originally developed for population genetics in 2000** by J.K. Pritchard, M. Stephens, and P. Donnelly, then adapted for machine learning by David Blei, Andrew Ng, and Michael I. Jordan in 2003.\n\n\u2022 **Core assumption is that documents are random mixtures of latent topics**, with each topic represented as a probability distribution over words in the vocabulary.\n\n\u2022 **LDA is a generalization of probabilistic latent semantic analysis (pLSA)** that uses Dirichlet priors for topic mixtures, making it less susceptible to overfitting and producing more reasonable topic mixtures.\n\n\u2022 **Learning is typically performed using Bayesian inference methods** such as Gibbs sampling or variational Bayes to discover latent topics and their probabilities from text corpora.\n\n\u2022 **Applications extend beyond text analysis** to diverse fields including population genetics (detecting genetic structure), clinical psychology (analyzing self-images and mental health), social science (examining social media discussions), and computational musicology (discovering tonal structures).\n\n\u2022 **In machine learning, LDA enables automatic document classification** by discovering topics in document collections and determining how \""relevant\"" each document is to the discovered topics based on word co-occurrence patterns.\n\n\u2022 **Supervised LDA with covariates (SLDAX)** has been developed to integrate text-derived topics with other variables in statistical regression analyses, particularly useful for mental health predictions and psychological text analysis.""",2,1-5
185,351468,Approximately what percentage of the population is affected by celiac disease?,0.1-0.5%,1-2%,5-8%,10-13%,B,without_facts,,83,51-100
186,187856,What is the estimated annual economic loss in Africa due to malaria?,US$8 billion,US$10 billion,US$12 billion,US$15 billion,C,with_facts,"""Here are the key facts about Malaria:\n\n\u2022 Malaria is a mosquito-borne infectious disease caused by Plasmodium parasites, exclusively transmitted through bites of infected female Anopheles mosquitoes\n\n\u2022 Five Plasmodium species infect humans, with P. falciparum being responsible for the vast majority of malaria deaths (most severe form)\n\n\u2022 In 2022, there were approximately 249 million malaria cases worldwide, resulting in an estimated 608,000 deaths, with 80% of deaths occurring in children under five years old\n\n\u2022 The disease is predominantly found in tropical and subtropical regions, with around 95% of cases and deaths occurring in sub-Saharan Africa\n\n\u2022 Typical symptoms include fever, fatigue, vomiting, headaches, and in severe cases, can lead to jaundice, seizures, coma, or death\n\n\u2022 Symptoms usually begin 10-15 days after an infected mosquito bite, with classic symptoms including cyclical fever patterns and chills\n\n\u2022 Prevention methods include using mosquito nets, insect repellents, mosquito-control measures, and preventative medications for travelers\n\n\u2022 Two malaria vaccines have been endorsed by the World Health Organization as of 2023\n\n\u2022 The recommended treatment is a combination of antimalarial medications that includes artemisinin, though drug resistance is an increasing concern\n\n\u2022 Malaria has significant economic impacts, estimated to cause US$12 billion in annual losses in Africa due to healthcare costs and reduced productivity""",23,6-25
187,9814,What class of medications blocks the AT1 receptor and is commonly used to treat hypertension?,ACE inhibitors,Angiotensin II receptor blockers (ARBs),Beta blockers,Calcium channel blockers,B,without_facts,,330,201-350
188,224165,What is the highest taxonomic rank for viruses as established by the International Committee on Taxonomy of Viruses (ICTV)?,Kingdom,Realm,Domain,Phylum,B,with_facts,"""Here are the key facts about Realm (virology):\n\n\u2022 Realm is the highest taxonomic rank for viruses, established by the International Committee on Taxonomy of Viruses (ICTV)\n\n\u2022 There are currently six recognized virus realms: Adnaviria, Duplodnaviria, Monodnaviria, Riboviria, Ribozyviria, and Varidnaviria\n\n\u2022 Realms group viruses based on highly conserved traits, not necessarily common ancestry, with each realm representing at least one instance of viruses emerging\n\n\u2022 Realm names use the suffix \""-viria\"" and are descriptive of the viruses' genetic characteristics (e.g., Monodnaviria means \""single DNA\"")\n\n\u2022 Riboviria is the most comprehensive realm, containing most eukaryotic viruses, including human, animal, and plant viruses like influenza, HIV, and coronaviruses\n\n\u2022 The establishment of virus realms has been facilitated by modern research techniques like metagenomics and cryogenic electron microscopy\n\n\u2022 Realm classification helps scientists understand viral diversity, evolution, and relationships between different viral groups\n\n\u2022 Some realms, like Duplodnaviria, include viruses that cause significant diseases, such as herpes simplex, chickenpox, and various cancers\n\n\u2022 The realm system provides a structured approach to understanding the complex world of viral taxonomy and genetic relationships""",3,1-5
189,302376,What is the highest non-sexual risk factor for HIV transmission?,Sharing needles for drug use,Blood transfusion,Occupational needlestick injuries,Tattooing with unsterile equipment,B,without_facts,,609,601-1000
190,331603,What is the mechanism of action of Cefpodoxime?,Inhibits protein synthesis by binding to ribosomes,Disrupts bacterial DNA replication,Inhibits peptidoglycan synthesis in bacterial cell walls,Interferes with bacterial RNA transcription,C,with_facts,"""Here are the key facts about Cefpodoxime:\n\n\u2022 Cefpodoxime is an oral, third-generation cephalosporin antibiotic used to treat various bacterial infections, including acute otitis media, pharyngitis, sinusitis, and gonorrhea\n\n\u2022 It is effective against both Gram-positive and Gram-negative organisms, but does not work against Pseudomonas aeruginosa, Enterococcus, and Bacteroides fragilis\n\n\u2022 The antibiotic works by inhibiting peptidoglycan synthesis in bacterial cell walls, which disrupts bacterial cell wall formation\n\n\u2022 It has an oral bioavailability of approximately 50%, which increases when taken with food, and an elimination half-life of 2-3 hours in adults\n\n\u2022 Approved medical indications include community-acquired pneumonia, uncomplicated skin infections, and uncomplicated urinary tract infections\n\n\u2022 The drug was originally patented in 1980 and received medical approval in 1989\n\n\u2022 Cefpodoxime is available under multiple brand names, including Vantin (by Pfizer), Simplicef (veterinary use), and various regional brands in countries like India and Bangladesh\n\n\u2022 It can be prescribed in different forms, including tablets, suspension, and combination formulations with clavulanic acid""",339,201-350
191,351021,For how many days must antibiotic treatment and clinical observation continue when treating anthrax exposure?,30-45 days,45-60 days,60-100 days,100-120 days,C,without_facts,,1,1-5
192,276850,What is the maximum number of nodes in a suffix tree for a string of length n?,n,2n-1,n²,2n+1,B,with_facts,"""Here are the key facts about Suffix Trees:\n\n\u2022 A suffix tree is a compressed trie data structure that contains all suffixes of a given text as keys, with their positions as values\n\n\u2022 Suffix tree construction can be done in linear time and space relative to the length of the input string, typically O(n)\n\n\u2022 The data structure enables extremely fast string operations, such as substring searching, pattern matching, and finding longest common substrings\n\n\u2022 To ensure unique representation, the input string is typically padded with a unique terminal symbol that does not appear in the original text\n\n\u2022 Suffix trees have a maximum of 2n-1 nodes for a string of length n, consisting of leaf nodes, internal nodes, and a root node\n\n\u2022 Suffix links are a key feature in older construction algorithms, connecting internal nodes that represent related suffixes\n\n\u2022 While suffix trees provide very fast operations, they require significantly more memory storage compared to the original string\n\n\u2022 Generalized suffix trees can be created for multiple strings, with each string terminated by a unique symbol\n\n\u2022 Suffix trees are particularly useful in computational biology for searching DNA and protein sequences, as well as in text editing and free-text search applications\n\n\u2022 The most efficient suffix tree construction algorithms have linear time complexity, especially for constant-sized alphabets""",336,201-350
193,59197,What happens to a patient's consciousness during episodes of muscle stiffness in hyperekplexia?,They lose consciousness completely,They experience altered consciousness,They remain fully conscious,They enter a dream-like state,C,without_facts,,990,601-1000
194,230688,What is the primary cooling agent used in cryoconservation of animal genetic resources?,Liquid nitrogen,Dry ice,Liquid helium,Frozen carbon dioxide,A,with_facts,"""Here are the key facts about Cryoconservation of animal genetic resources:\n\n\u2022 Cryoconservation is a strategy for preserving animal genetic materials by freezing them at extremely low temperatures using liquid nitrogen\n\n\u2022 Genetic materials typically preserved include sperm, oocytes, embryos, and somatic cells, which are stored in specialized facilities called gene banks\n\n\u2022 The primary goal is to preserve the genetic diversity of indigenous or local livestock breeds that are threatened by factors like globalization, climate change, and genetic drift\n\n\u2022 Preserved genetic materials can be used to:\n- Revive endangered or extinct breeds\n- Improve breeding programs\n- Conduct research and development\n- Support crossbreeding efforts\n\n\u2022 Indigenous livestock genetics are critical for:\n- Sustainable agricultural development\n- Food security\n- Adaptation to local environments and diseases\n- Preserving cultural heritage and local economies\n\n\u2022 Two main cryopreservation techniques exist:\n- Slow freezing (to prevent ice crystal formation)\n- Vitrification (freezing without ice crystals)\n\n\u2022 Cryoconservation allows genetic materials to be stored for extended periods, which is especially beneficial for breeds with low population numbers\n\n\u2022 The strategy requires significant long-term economic and technical commitment to maintain the viability of preserved genetic materials""",450,351-600
195,54091,"According to the 'Bushmeat theory,' how did HIV originally jump from chimpanzees to humans?",Through sexual contact with infected animals,Through mosquito bites in jungle areas,Through contact with infected blood during hunting and butchering,Through consumption of contaminated water sources,C,without_facts,,4,1-5
196,120802,Which of the following conditions can S. bovis cause in ruminants when they consume high-starch diets?,Mastitis,Ruminal acidosis,Pneumonia,Foot rot,B,with_facts,"""\u2022 **Streptococcus bovis** is a group of Gram-positive bacteria associated with urinary tract infections, endocarditis, sepsis, and colorectal cancer in humans\n\n\u2022 **S. bovis** is commonly found in the digestive tract of cattle, sheep, and other ruminants, where it can cause ruminal acidosis when animals consume high-starch or high-sugar diets\n\n\u2022 The **S. bovis group** includes several species (S. equinus, S. gallolyticus, S. infantarius) and represents the nonenterococcal group D streptococci\n\n\u2022 **S. bovis** isolates are most frequently found in blood cultures from patients with colon cancer, with the main entry point for human infection being the gastrointestinal tract\n\n\u2022 **S. gallolyticus (S. bovis biotype I)** has a particularly strong association with colorectal cancer, with patients having a 7.26 times higher risk compared to other S. bovis biotype infections\n\n\u2022 The prevalence of colonic adenomas/carcinomas in **S. gallolyticus** infections ranges from 33-71%, significantly higher than the 10-25% prevalence in the general population\n\n\u2022 **S. bovis** is characterized as a catalase-negative, non-motile, non-sporulating bacterium that grows in pairs or chains and is typically gamma-hemolytic (non-hemolytic)\n\n\u2022 The bacteria can cause **spontaneous bacterial peritonitis**, a common complication in patients with cirrhosis""",71,51-100
197,158439,Which taxonomic group has the highest number of critically endangered species mentioned in the facts?,Cetartiodactyls with 15 species,Primates with 63 species,Rodents with 58 species,Carnivores with 45 species,B,without_facts,,251,201-350
198,108408,What specialized cells does Raphidiopsis raciborskii use for nitrogen fixation?,Akinetes,Trichomes,Heterocysts,Cyanophycin granules,C,with_facts,"""\u2022 **Raphidiopsis raciborskii is a freshwater cyanobacterium** composed of chained filaments called trichomes that vary from 50-300 micrometers in length and can produce spore-like structures called akinetes for survival under stress.\n\n\u2022 **Some strains produce dangerous toxins** including cylindrospermopsin (affects liver and kidneys), anatoxin-a, and saxitoxin (neurotoxins), which can cause liver damage and even death in humans.\n\n\u2022 **The bacterium can fix atmospheric nitrogen and store phosphorus**, giving it competitive advantages in deep water environments where light is limited.\n\n\u2022 **Originally from tropical/subtropical regions, it is expanding into temperate climates** like the Great Lakes in North America, likely due to climate change.\n\n\u2022 **It thrives under specific conditions** including temperatures of 25-30\u00b0C, low nitrogen-to-phosphorus ratios, high water temperatures, stable thermal stratification, and low water flow.\n\n\u2022 **The organism has specialized nitrogen-fixing cells (heterocysts)** that produce additional cell walls and degrade oxygen-producing photosystem II to protect the oxygen-sensitive nitrogenase enzyme.\n\n\u2022 **It has been linked to environmental and health disasters** including fish kills in Brazil, cattle deaths in Australia, contamination of water supplies, and toxicity accumulation in shellfish and crayfish.\n\n\u2022 **The bacterium is a major factor in eutrophication** of rivers and streams, with its presence becoming increasingly important in water management concerns.""",64,51-100
199,180737,What makes ergothioneine chemically unique compared to typical thiols?,It contains nitrogen instead of sulfur,"It has a sulfur atom bonded to the 2-position of the imidazole ring, making it less reactive and resistant to oxidation",It dissolves only in acidic solutions,It breaks down rapidly when exposed to light,B,without_facts,,89,51-100
200,120638,Who is credited with introducing the stop word concept through his Key Word in Context automatic indexing process?,Hans Peter Luhn,C.J. Van Rijsbergen,Martin Porter,Christopher Fox,A,with_facts,"""\u2022 Stop words are words filtered out during natural language processing because they have little semantic value, with no universal list or agreed-upon rules for identifying them across all NLP tools.\n\n\u2022 The trend in information retrieval systems has evolved from using large stop lists (200-300 terms) to very small lists (7-12 terms) to no stop lists at all.\n\n\u2022 Hans Peter Luhn, a pioneer in information retrieval, is credited with introducing the stop word concept through his Key Word in Context automatic indexing process, though the actual term \""stop word\"" appeared in literature shortly after his 1959 presentation.\n\n\u2022 C.J. Van Rijsbergen created the first standardized stop list not based on word frequency, called the \""Van list\"" with 250 English words, which was later built upon by Martin Porter's stemming program in the 1980s.\n\n\u2022 Christopher Fox developed the first empirical frequency-based stop list in 1990 using the Brown Corpus, creating a list of 421 stop words designed to filter the most common and semantically neutral words in English literature.\n\n\u2022 In SEO, stop words are common words that search engines traditionally avoided processing to save space and time, including function words like \""the,\"" \""is,\"" \""at,\"" and \""on.\""\n\n\u2022 Stop words can create search problems when they appear in proper names like \""The Who\"" or \""The The,\"" making it difficult to find these specific phrases.\n\n\u2022 Modern SEO practices have evolved significantly, with Google's John Mueller stating in 2021 that writers shouldn't worry about stop words and should write naturally, as search engines analyze much more than individual words.""",23,6-25
201,339686,What is the genome size range for Caudoviricetes viruses?,"5,000 to 100,000 base pairs","18,000 to 500,000 base pairs","50,000 to 1,000,000 base pairs","10,000 to 250,000 base pairs",B,without_facts,,247,201-350
202,34086,What is the most common CFTR gene mutation that causes cystic fibrosis?,DeltaF508 (ΔF508),DeltaG551,DeltaR117H,DeltaW1282X,A,with_facts,"""\u2022 **CFTR is a membrane protein and anion channel** encoded by the CFTR gene that conducts chloride and bicarbonate ions across epithelial cell membranes in vertebrates.\n\n\u2022 **The CFTR gene was identified in 1989** by geneticist Lap-Chee Tsui and his team as the gene linked to cystic fibrosis.\n\n\u2022 **CFTR gene mutations cause cystic fibrosis**, leading to dysregulation of mucus transport in lungs, pancreas, and other organs, resulting in thickened mucus, respiratory infections, pancreatic insufficiency, and male infertility.\n\n\u2022 **The CFTR gene is located on chromosome 7** at position q31.2 and is associated with over 700 distinct mutations, with nearly 1000 cystic fibrosis-causing mutations described.\n\n\u2022 **DeltaF508 (\u0394F508) is the most common mutation**, accounting for more than 70% of all CFTR mutations and resulting from deletion of three nucleotides that causes loss of phenylalanine at position 508.\n\n\u2022 **CFTR is expressed in epithelial cells throughout the body**, including lungs, liver, pancreas, digestive tract, reproductive organs, and sweat glands, with particularly high expression in specialized lung cells called pulmonary ionocytes.\n\n\u2022 **Defective CFTR in sweat glands produces saltier sweat**, which forms the basis of the sweat test used clinically to diagnose cystic fibrosis along with genetic screening.\n\n\u2022 **CFTR mutations may provide evolutionary advantages** to heterozygous carriers, including resistance to Salmonella typhi (typhoid fever) and cholera toxin-induced diarrhea.""",373,351-600
203,273614,What happened to Cogenhoe United in the Premier Division South?,They were promoted,They were relegated,They resigned,They were transferred to another league,C,without_facts,,944,601-1000
204,50074,What relationship does the GL model have to the leaky integrate-and-fire neuron model?,The GL model is a simplified version of the leaky integrate-and-fire model,They are completely unrelated mathematical frameworks,The GL model generalizes the leaky integrate-and-fire model as a special case,The leaky integrate-and-fire model is a discrete-time version of the GL model,C,with_facts,"""\u2022 The Galves\u2013L\u00f6cherbach (GL) model is a mathematical model for neural networks that incorporates intrinsic stochasticity and consists of a countable number of idealized neurons that interact through discrete firing events (spikes).\n\n\u2022 Each neuron fires independently with a probability that depends on the firing history of all neurons since that neuron's last firing, creating a memory-dependent stochastic process.\n\n\u2022 A defining feature of the GL model is that each neuron \""forgets\"" all previous spikes (including its own) whenever it fires, resetting its memory of network history.\n\n\u2022 The model operates on discrete time steps with synchronous evolution, where each neuron can fire at most once per time step, represented by Boolean variables indicating firing states.\n\n\u2022 In specific implementations, the network's spike history can be summarized by an internal \""potential\"" variable for each neuron, calculated as a weighted sum of relevant past spikes.\n\n\u2022 The model can accommodate arbitrary synapse topologies by allowing each neuron's potential to depend on spikes from only a finite subset of other neurons.\n\n\u2022 The GL model generalizes the leaky integrate-and-fire neuron model as a special case, making it a broad framework for neural network modeling.\n\n\u2022 The formal mathematical definition uses probability functions that depend on the complete firing history of all neurons since each neuron's last firing time.""",698,601-1000
205,245281,Which pharmacological property was originally used to identify GABAB receptors?,Their sensitivity to muscimol activation,Their ability to be blocked by picrotoxin,Their activation by barbiturates,Their lack of response to bicuculline,D,without_facts,,680,601-1000
206,52416,What is chrysiasis?,A temporary skin rash caused by gold allergies,The medical term for gold therapy treatment,Permanent skin discoloration from long-term gold salt use,A type of kidney damage from gold compounds,C,with_facts,"""\u2022 Gold-containing drugs, also called \""gold salts,\"" are pharmaceuticals used primarily to treat rheumatoid arthritis through \""chrysotherapy\"" or \""aurotherapy,\"" with research beginning in 1935.\n\n\u2022 The use of gold compounds has significantly decreased since the 1980s due to numerous side effects, monitoring requirements, limited efficacy, and very slow onset of action (3-6 months before noticeable improvement).\n\n\u2022 Gold drugs are administered by intramuscular injection (most effective) or orally (less effective), and the exact mechanism by which they affect arthritis remains unknown.\n\n\u2022 Treatment requires regular monitoring through urine tests (to check for kidney damage) and blood tests, as approximately 35% of patients discontinue use due to side effects.\n\n\u2022 Chrysiasis is a notable permanent side effect causing skin discoloration (mauve to purplish dark grey) when exposed to sunlight, occurring from long-term use of gold salts.\n\n\u2022 Other serious side effects include kidney damage, itching rash, mouth ulcerations, and potentially severe complications like acute kidney injury, heart conditions, and blood disorders.\n\n\u2022 Common gold-containing drugs include disodium aurothiomalate, auranofin, aurothioglucose, and sodium aurothiosulfate.\n\n\u2022 Modern research has shifted focus to gold nanoparticles for applications in diagnostics, drug delivery, and various therapies.\n\n\u2022 Most gold compounds used medicinally are technically metal thiolate complexes rather than true salts, despite being commonly called \""gold salts.\""""",880,601-1000
207,131848,Which mathematical operations are fundamental to defining vector spaces?,Multiplication and division,Exponentiation and logarithms,Vector addition and scalar multiplication,Integration and differentiation,C,without_facts,,5,1-5
208,165244,When was the first official release of Heritrix?,January 2003,December 2004,January 2004,March 2005,C,with_facts,"""Here are the key facts about Heritrix:\n\n\u2022 Heritrix is a web crawler specifically designed for web archiving, written in Java\n\n\u2022 Developed collaboratively by the Internet Archive, National Library of Norway, and National Library of Iceland, with the first official release in January 2004\n\n\u2022 Available under a free software license, with a web browser interface and optional command-line tool for initiating crawls\n\n\u2022 Initially not the primary crawler for the Internet Archive's web collection, with Alexa Internet being the largest contributor until around 2008\n\n\u2022 Stores web resources in ARC files (historically) and now primarily in WARC file format, which allows multiple archived resources to be stored in a single file\n\n\u2022 Used by numerous national libraries and organizations worldwide, including the British Library, Library of Congress, and National Library of New Zealand\n\n\u2022 Includes several command-line tools for processing and extracting web archive content, such as arcreader, htmlextractor, and hoppath.pl\n\n\u2022 Can be configured to store files in different formats, including a directory structure similar to the Wget crawler\n\n\u2022 Open-source project with ongoing improvements by the Internet Archive and other interested parties""",4,1-5
209,93260,What is a significant drawback of the nested set model for complex relational scenarios?,It requires too much storage space for large datasets,It cannot handle more than 100 nodes in a tree,It has poor query performance compared to all other models,It cannot support multiple parent categories and lacks referential integrity support,D,without_facts,,171,101-200
210,233530,Higher mushroom consumption has been associated with a lower risk of which type of cancer?,Lung cancer,Breast cancer,Colon cancer,Liver cancer,B,with_facts,"""Here are the key facts about edible mushrooms:\n\n\u2022 Edible mushrooms are the fleshy fruit bodies of macrofungi that can be seen with the naked eye, defined by safety, taste, and aroma\n\n\u2022 Wild mushrooms require careful identification, as some deadly poisonous species (like Amanita phalloides) can be easily confused with edible varieties\n\n\u2022 Mushroom cultivation is a global industry, with 11.9 million tonnes produced in 2019, led by China (75% of total production)\n\n\u2022 Safety concerns include potential toxicity, allergic reactions, chemical absorption from polluted environments, and the risk of accidental consumption of psychedelic mushrooms\n\n\u2022 Some mushrooms, particularly dried shiitake, are valued for their umami flavor and nutritional content\n\n\u2022 Mushrooms can be cultivated or harvested wild, with some species (like truffles and matsutake) being more difficult to obtain\n\n\u2022 Nutritionally, mushrooms like Agaricus bisporus are low in calories, high in water content, and contain important nutrients like riboflavin, niacin, and pantothenic acid\n\n\u2022 Higher mushroom consumption has been associated with a lower risk of breast cancer, though more research is needed on other health benefits\n\n\u2022 Not all mushrooms can be successfully cultivated, particularly mycorrhizal species""",4,1-5
211,336253,Which two countries are the dominant global producers of oats?,United States and China,Australia and Brazil,India and Argentina,Canada and Russia,D,without_facts,,633,601-1000
212,166568,Which ligands does CTLA-4 bind to on antigen-presenting cells?,CD40 and CD40L,CD80 and CD86,MHC class I and II,TCR and CD3,B,with_facts,"""Here are the key facts about Cytotoxic T-lymphocyte associated protein 4 (CTLA-4):\n\n\u2022 CTLA-4 is a protein receptor that functions as an immune checkpoint, downregulating immune responses by acting as an \""off\"" switch for T cells\n\n\u2022 First identified in 1991, CTLA-4 is a member of the immunoglobulin superfamily expressed by activated T cells and regulatory T cells\n\n\u2022 The protein binds to CD80 and CD86 on antigen-presenting cells with higher affinity than CD28, effectively competing and inhibiting T cell activation\n\n\u2022 CTLA-4 may suppress immune responses through multiple mechanisms, including:\n- Recruiting phosphatases to the T cell receptor\n- Capturing and removing CD80/CD86 from cell membranes\n- Modulating cell motility and signaling\n\n\u2022 Variants and polymorphisms in the CTLA-4 gene are associated with multiple autoimmune diseases, including:\n- Type 1 diabetes\n- Graves' disease\n- Hashimoto's thyroiditis\n- Systemic lupus erythematosus\n- Rheumatoid arthritis\n\n\u2022 Germline haploinsufficiency of CTLA-4 can lead to CHAI disease, characterized by immune system dysregulation, lymphoproliferation, and increased risk of autoimmune conditions\n\n\u2022 The protein has two primary isoforms: a membrane-bound homodimer and a soluble monomer""",197,101-200
213,289567,Which of the following is NOT mentioned as a key feature of AMiner?,Expert finding and geographic search,Trend analysis and reviewer recommendation,Academic performance evaluation,Patent search and citation tracking,D,without_facts,,511,351-600
214,255794,How many scientific dives did the U.S. Naval Oceanographic Office conduct with Deepstar 4000 in late 1967?,10 dives,13 dives,15 dives,20 dives,B,with_facts,"""Here are the key facts about Deepstar 4000:\n\n\u2022 Deepstar 4000 was a deep-submergence vehicle designed by Jacques Cousteau and built by Westinghouse in 1965, and retired in 1972\n\n\u2022 The submersible was capable of diving to depths of 4,000 feet (1,200 m) and could carry a crew of up to three people\n\n\u2022 By January 1971, the vessel had completed over 200 dives in the Atlantic, Pacific, and Caribbean, though some sources suggest it may have conducted up to 500 dives between 1966-1968\n\n\u2022 The U.S. Naval Oceanographic Office used Deepstar 4000 for 13 scientific dives in October and November 1967, studying marine geology, biology, and water column properties\n\n\u2022 The submersible was equipped with sophisticated scientific instruments, including velocimeters, temperature sensors, salinometers, and other precision measurement tools\n\n\u2022 During one notable dive south of San Diego, the crew narrowly avoided disaster when their ascent system failed, and they had to manually pump mercury ballast to rise to the surface\n\n\u2022 The vessel was praised for its ability to conduct close-proximity seafloor observations and mount equipment with short cables, offering advantages over surface-based research methods\n\n\u2022 In a unique incident in 1967, a crew member claimed to have observed an enormous, unidentified fish during a dive off the coast of San Diego""",124,101-200
215,165731,How many CDRs can be found in a pentameric IgM molecule?,12,30,48,60,D,without_facts,,395,351-600
216,11756,What was the ranking of fragrance mix as an allergen in patch tests during 2005-2006?,First-most-prevalent,Second-most-prevalent,Third-most-prevalent,Fourth-most-prevalent,C,with_facts,"""Here are the key facts about aroma compounds:\n\n\u2022 Aroma compounds are chemical substances that have a smell or odor, and must be volatile enough to be transmitted through air to the olfactory system\n\n\u2022 These compounds typically have molecular weights less than 310, and can be found naturally in foods like fruits, wines, spices, and essential oils\n\n\u2022 Flavors affect both taste and smell, while fragrances only affect smell; fragrances can be natural or synthetic\n\n\u2022 Many aroma compounds are formed biochemically during processes like fruit ripening and fermentation (e.g., wines can have over 100 different aromas)\n\n\u2022 Odorizers can add detectable smells to otherwise odorless substances like propane or hydrogen as a safety measure\n\n\u2022 Aroma compounds are detected by olfactory receptors in animals, which are cell-membrane receptors on sensory neurons in the nasal cavity\n\n\u2022 In 2005-2006, fragrance mix was the third-most-prevalent allergen in patch tests, with 11.5% of tests showing a reaction\n\n\u2022 A 2016 academic study found that 34.7% of people reported health problems like migraines when exposed to fragranced products\n\n\u2022 In the United States, fragrances are regulated by multiple agencies, including the FDA and Consumer Products Safety Commission, with minimal pre-market testing requirements\n\n\u2022 As of 2010, the International Fragrance Association identified 3,059 chemicals used in fragrance production worldwide""",3,1-5
217,344885,Which organization is officially responsible for virus taxonomy and classification?,World Health Organization (WHO),International Committee on Taxonomy of Viruses (ICTV),Centers for Disease Control and Prevention (CDC),International Union of Microbiological Societies (IUMS),B,without_facts,,3,1-5
218,238306,Which musical organization did Robert B. Darnell found at Rockefeller University in 2000?,The Rockefeller Jazz Ensemble,The Scientific Symphony Orchestra,The Chamber Orchestra of Science and Music,The Academic String Quartet,C,with_facts,"""Here are the key facts about Robert B. Darnell:\n\n\u2022 Prominent neurooncologist and neuroscientist, serving as founding director of the New York Genome Center and a professor at The Rockefeller University\n\n\u2022 Pioneered research in paraneoplastic neurologic disorders, becoming the first to demonstrate naturally occurring tumor immunity in humans is caused by antigen-specific cytotoxic T cells\n\n\u2022 Developed the HITS-CLIP technique to map regulatory interactions between RNA-binding proteins and target RNA sequences, with significant implications for understanding brain diseases\n\n\u2022 Invented methods to explore the \""dark matter\"" of the human genome, focusing on regulatory portions of genetic material\n\n\u2022 Holds multiple prestigious positions, including Howard Hughes Medical Institute Investigator, Rockefeller University Professor, and Adjunct Neuro-Oncologist at Memorial Sloan-Kettering Cancer Center\n\n\u2022 Received extensive academic training, including MD/PhD from Washington University in St. Louis and undergraduate degrees from Columbia University\n\n\u2022 Elected to multiple prestigious scientific bodies, including the National Academy of Sciences and American Academy of Arts and Sciences\n\n\u2022 Comes from a scientific family, with his father James E. Darnell being a pioneer in RNA research\n\n\u2022 An accomplished amateur cellist who founded the Chamber Orchestra of Science and Music at Rockefeller University in 2000\n\n\u2022 Active triathlete, completing multiple Olympic and Ironman triathlons since 2012""",600,351-600
219,304251,What percentage of the human and mouse gut microbiome is comprised of Bacillota?,Approximately 30%,Approximately 50%,Approximately 15%,Approximately 70%,A,without_facts,,19,6-25
220,95034,"How many families make up the order Scandentia, and when did they diverge?","Three families, 40 million years ago","Two families, 60 million years ago","Four families, 80 million years ago","Two families, 25 million years ago",B,with_facts,"""\u2022 Treeshrews are small mammals native to tropical forests of South and Southeast Asia that make up the entire order Scandentia, split into two families with 23 total species.\n\n\u2022 Despite their name, treeshrews are not true shrews and are closely related to primates as fellow members of Euarchonta, making them useful alternatives to primates in scientific research.\n\n\u2022 Treeshrews have the highest brain-to-body mass ratio of any mammal, including humans, though high ratios are common in animals weighing less than 1 kg.\n\n\u2022 Female treeshrews have a unique parenting style, providing minimal maternal care by visiting their young only every other day for a few minutes to nurse them during the month-long nest period.\n\n\u2022 Treeshrews are omnivorous and exhibit remarkable dietary adaptations, including the ability to consume naturally fermented nectar with up to 3.8% alcohol content and being the only mammals besides humans that intentionally eat spicy capsaicin-rich foods.\n\n\u2022 They have a mutualistic relationship with certain pitcher plants (Nepenthes lowii), where the plants provide feeding platforms positioned to collect treeshrew droppings as a nitrogen source.\n\n\u2022 The order Scandentia contains two families: Tupaiidae with 22 \""ordinary\"" treeshrew species, and Ptilocercidae with one species (the pen-tailed treeshrew), which separated approximately 60 million years ago.""",431,351-600
221,164140,Under what conditions does Myxococcus xanthus form fruiting bodies?,High temperature conditions,Low oxygen conditions,Acidic pH conditions,Starvation conditions,D,without_facts,,40,26-50
222,30603,What is the primary advantage of using quaternions over Euler angles for representing rotations?,Quaternions avoid gimbal lock,Quaternions use fewer parameters,Quaternions are easier to visualize,Quaternions require less computational power,A,without_facts,,175,101-200
223,256786,Which of the following is NOT mentioned as a weighting technique that can be used with the Bag-of-words model?,Raw word frequencies,TF-IDF (term frequency-inverse document frequency),Binary presence/absence,Semantic similarity scoring,D,without_facts,,45,26-50
224,194957,What percentage of primary school students attend juku?,About 20%,About 35%,About 50%,Nearly all,A,with_facts,"""Here are the key facts about Juku:\n\n\u2022 Juku are private, fee-paying supplementary schools in Japan that offer additional educational instruction, primarily focused on exam preparation\n\n\u2022 Attendance rates are high, with nearly all university-bound high schoolers and about 20% of primary school students attending juku\n\n\u2022 There are two main types of juku: academic (focused on core subjects and exam preparation) and nonacademic (offering activities like music, art, and language lessons)\n\n\u2022 Annual fees average around \u00a5260,000 ($3,300), with monthly costs ranging from $160-$175 for elementary and junior high school students\n\n\u2022 Juku serve multiple purposes: helping students improve exam scores, providing remedial or advanced courses, and offering personalized learning experiences\n\n\u2022 The juku industry was worth $10.9 billion in 1991, reflecting its significant role in Japanese education\n\n\u2022 Social benefits include allowing students to make new friends and providing an alternative learning environment outside crowded homes\n\n\u2022 The system is controversial, with critics arguing it creates educational inequality and puts excessive pressure on children\n\n\u2022 Proponents argue that juku provide necessary educational support and compensate for shortcomings in the public education system\n\n\u2022 Some educators and sociologists criticize juku for potentially promoting rote learning and excessive competition among students""",705,601-1000
225,61622,Which groups of the periodic table are included in main group compounds?,Groups I-VII and 0,Groups VIII-XII only,Transition metals only,Groups I-III and VII-VIII,A,without_facts,,502,351-600
226,24604,Why are vaccines for C. trachomatis currently unavailable?,The bacterium mutates too rapidly for effective vaccine development,Immunological pathways are poorly understood,The bacterium's intracellular nature prevents immune system recognition,Multiple serovars make vaccine development too expensive,B,with_facts,"""\u2022 **Chlamydia trachomatis is a Gram-negative, anaerobic bacterium that causes chlamydia infections and trachoma, and is the leading infectious cause of blindness worldwide.**\n\n\u2022 **The bacterium exists in two distinct forms: infectious elementary bodies (EBs) that survive outside cells and non-infectious reticulate bodies (RBs) that replicate inside host cells.**\n\n\u2022 **There are 18 serovars of C. trachomatis, each associated with specific diseases affecting the lungs, genital tracts, and eyes, with infections often being asymptomatic.**\n\n\u2022 **C. trachomatis is the most common sexually transmitted bacterium, with the highest prevalence in females aged 15-19 years, and can cause serious complications like pelvic inflammatory disease and epididymitis.**\n\n\u2022 **Approximately 84 million people globally are affected by C. trachomatis eye infections, with 8 million cases resulting in blindness.**\n\n\u2022 **The bacterium is an obligate intracellular pathogen with a reduced genome of about 1.04 megabases, making it dependent on host cells for essential metabolites and energy (ATP).**\n\n\u2022 **C. trachomatis lacks key metabolic enzymes and pathways, requiring it to scavenge nutrients, amino acids, and ATP from host cells to survive and replicate.**\n\n\u2022 **Currently no vaccines are available due to poorly understood immunological pathways, but infections can be treated with antibiotics, with tetracycline being the preferred treatment.**""",33,26-50
227,20626,Which federal vaccination mandate was upheld by courts and remained in effect the longest?,Mandate for all federal employees,Mandate for healthcare workers in Medicare/Medicaid-funded institutions,Mandate for private companies with over 100 employees,Mandate for airline passengers,B,without_facts,,122,101-200
228,96449,"According to the facts, approximately how many journals worldwide were using OJS as of mid-2021?","15,000","20,000","25,000","30,000",C,with_facts,"""\u2022 Open Journal Systems (OJS) is open source software created by the Public Knowledge Project for managing peer-reviewed academic journals, released under the GNU General Public License.\n\n\u2022 The software was first released in 2001 and is currently in version 3.4.0-7 (released August 23, 2024), written in PHP and supporting MySQL/MariaDB and PostgreSQL databases.\n\n\u2022 OJS is used by at least 25,000 journals worldwide as of mid-2021, with approximately half located in developing countries according to a 2010 survey.\n\n\u2022 The software has been translated into 50 languages as of version 3.3.0, with translations created and maintained by the user community.\n\n\u2022 OJS features a plugin architecture that allows new functionality to be added without modifying core code, including plugins for Google Scholar indexing, PubMed Central, and COUNTER statistics.\n\n\u2022 The platform supports both open access and subscription-based journals and includes a complete editorial workflow covering article submission, peer review, and indexing.\n\n\u2022 OJS is LOCKSS-compliant, helping ensure long-term preservation and ongoing access to journal content.\n\n\u2022 Hosting services are available through PKP's Publishing Services as well as various third-party providers, with a Docker container also available for testing purposes.""",37,26-50
229,202671,Which demographic group is most commonly affected by myocarditis?,Elderly women,Middle-aged adults,"Young people, with slight male predominance",Children under 5 years old,C,without_facts,,34,26-50
230,136105,What is the approximate occurrence rate of X-linked agammaglobulinemia (XLA)?,"1 in 50,000 live births","1 in 200,000 live births","1 in 500,000 live births","1 in 100,000 live births",B,with_facts,"""\u2022 X-linked agammaglobulinemia (XLA) is a rare genetic disorder discovered in 1952 that primarily affects males, with an occurrence rate of approximately 1 in 200,000 live births.\n\n\u2022 XLA is caused by mutations in the Bruton's tyrosine kinase (Btk) gene located on the X chromosome, which prevents the development of mature B cells and results in little to no antibody production.\n\n\u2022 Patients typically present in early childhood (6-9 months of age) with recurrent infections, particularly from encapsulated bacteria like Streptococcus pneumoniae and Haemophilus influenzae.\n\n\u2022 The disorder follows X-linked recessive inheritance, meaning carrier mothers have a 50% chance of passing the condition to male children, while affected fathers will have all carrier daughters.\n\n\u2022 Diagnosis is confirmed by blood tests showing complete absence of circulating B cells (CD19/CD20 markers) and severely low levels of all antibody classes (IgG, IgA, IgM, IgE, IgD).\n\n\u2022 The primary treatment is lifelong intravenous immunoglobulin (IVIg) infusions, which provide passive immunity and significantly reduce infection frequency and severity.\n\n\u2022 XLA was the first known immune deficiency disorder, characterized by Dr. Ogden Bruton, and is classified as a primary immunodeficiency disorder.\n\n\u2022 With proper IVIg treatment targeting IgG levels above 800 mg/kg, patients can live relatively healthy lives with improved lifespan and quality of life.""",100,51-100
231,269484,What is the most common hemolytic characteristic of Streptococcus anginosus?,Beta-hemolytic,Non-hemolytic,Alpha-hemolytic,Gamma-hemolytic,B,without_facts,,364,351-600
232,231578,What is the primary function of the blood-brain barrier (BBB) in relation to neurotoxins?,It increases blood flow to the brain to dilute toxins,It creates a tight hydrophobic layer around brain capillaries to prevent toxins from reaching the brain,It metabolizes neurotoxins into harmless compounds,It stores neurotoxins in specialized cells for later elimination,B,with_facts,"""Here are the key facts about Neurotoxins:\n\n\u2022 Neurotoxins are substances that are destructive to nerve tissue, capable of adversely affecting both developing and mature nervous systems\n\n\u2022 Common examples of neurotoxins include lead, alcohol, botulinum toxin, tetanus toxin, and tetrodotoxin\n\n\u2022 Neurotoxins can damage the nervous system by disrupting ion concentrations across cell membranes and interfering with neuronal communication\n\n\u2022 Potential macroscopic effects of neurotoxin exposure include intellectual disability, memory impairments, epilepsy, dementia, and peripheral nervous system damage like neuropathy\n\n\u2022 The human nervous system is particularly vulnerable to neurotoxins due to its high lipid content, high blood flow, and neurons' lifelong persistence\n\n\u2022 The blood-brain barrier (BBB) serves as a critical protective mechanism, preventing many toxins from reaching the brain by creating a tight hydrophobic layer around brain capillaries\n\n\u2022 Between 750 to 1,000 potentially neurotoxic compounds have been identified by scientists\n\n\u2022 Some substances like nitric oxide and glutamate are essential for bodily function and only become neurotoxic at excessive concentrations\n\n\u2022 Modern research uses both in vitro and in vivo testing methods to identify and understand neurotoxins, with the EPA developing specific protocols for testing neurotoxic effects""",1,1-5
233,9832,How long do recurrent abdominal attacks typically last in hereditary angioedema?,30 minutes to 2 hours,2-12 hours,1-5 days,1-2 weeks,C,without_facts,,288,201-350
234,214283,What is the typical median overall survival for patients with AITL treated with combination chemotherapy?,6-12 months,15-36 months,48-60 months,72-84 months,B,with_facts,"""Here are the key facts about Angioimmunoblastic T-cell lymphoma (AITL):\n\n\u2022 AITL is a mature T-cell lymphoma characterized by a polymorphous lymph node infiltrate with increased follicular dendritic cells and high endothelial venules\n\n\u2022 Patients typically present at an advanced stage with symptoms including pruritic skin rash, edema, ascites, pleural effusions, and arthritis\n\n\u2022 The originating cell is believed to be a mature CD4+ T-cell, with Epstein-Barr virus (EBV) present in the majority of cases, particularly in reactive B-cells\n\n\u2022 Laboratory findings include polyclonal hypergammaglobulinemia and various immunological abnormalities like hemolytic anemia and circulating immune complexes\n\n\u2022 The lymphoma comprises 15-20% of peripheral T-cell lymphomas and 1-2% of all non-Hodgkin lymphomas, typically affecting middle-aged or elderly patients\n\n\u2022 Diagnosis involves identifying clonal T-cell receptor gene rearrangements (in 75% of cases) and characteristic immunophenotype with CD4+ and CD8+ T-cells\n\n\u2022 Treatment typically involves combination chemotherapy like CHOP, with a median overall survival of 15-36 months\n\n\u2022 Chromosomal abnormalities frequently include trisomy 3, trisomy 5, and +X\n\n\u2022 A subset of cases can potentially remit with immunosuppressive agents like glucocorticoids or methotrexate""",117,101-200
235,119400,What are the two products formed when sphingosine-1-phosphate lyase breaks down sphingolipids?,Ceramide and sphingosine,Cholesterol and phosphatidylserine,Ethanolamine phosphate and hexadecenal,Glucose and fatty acids,C,without_facts,,137,101-200
236,190108,What methods can be used to produce protein-based subunit vaccines?,Only yeast cultures,Only mammalian cell cultures,"Yeast, baculovirus, or mammalian cell cultures",Only bacterial fermentation,C,with_facts,"""Here are the key facts about Subunit Vaccines:\n\n\u2022 A subunit vaccine contains only specific antigenic parts of a pathogen (proteins, polysaccharides, or peptides) rather than the whole pathogen\n\n\u2022 These vaccines are safer than live or inactivated vaccines because they do not contain live components and cannot introduce the disease\n\n\u2022 The first recombinant subunit vaccine was developed in the mid-1980s to protect against Hepatitis B\n\n\u2022 Subunit vaccines trigger the production of antigen-specific antibodies that recognize and neutralize foreign substances\n\n\u2022 Advantages include being suitable for immunocompromised individuals and having a well-established technology\n\n\u2022 Disadvantages include complex manufacturing, potential need for adjuvants and booster shots, and potentially weaker immune response compared to other vaccine types\n\n\u2022 Notable examples of subunit vaccines include Gardasil 9 (HPV), Flublok (influenza), and Shingrix (Herpes zoster)\n\n\u2022 To enhance immune response, adjuvants may be added or multiple doses might be required\n\n\u2022 Protein-based subunit vaccines can be produced using various methods like yeast, baculovirus, or mammalian cell cultures\n\n\u2022 Minor side effects can include injection site pain, fever, and fatigue, while serious adverse effects are rare but can include anaphylaxis""",14,6-25
237,166344,What happens when the wall command is run without specifying a filename?,It displays an error message,It sends an empty message to all users,It reads messages from standard input,It opens a configuration file,C,without_facts,,247,201-350
238,117908,Which countries have approved sodium oxybate for treating alcohol dependence and withdrawal syndrome?,United States and Canada,Germany and France,Italy and Austria,United Kingdom and Ireland,C,with_facts,"""\u2022 Sodium oxybate (brand name Xyrem) is a medication primarily used to treat narcolepsy symptoms, specifically sudden muscle weakness (cataplexy) and excessive daytime sleepiness.\n\n\u2022 The drug is the sodium salt of \u03b3-hydroxybutyric acid (GHB), which is known as a club drug and date rape drug, leading to strict regulatory controls.\n\n\u2022 In the United States, sodium oxybate is classified as a Schedule III controlled substance for medical use but carries Schedule I penalties for illicit use, and was FDA-approved for narcolepsy treatment in 2002.\n\n\u2022 The medication is only available in the US through a strict Risk Evaluation and Mitigation Strategy (REMS) program requiring certified providers, certified pharmacies, and enrolled patients due to abuse potential.\n\n\u2022 Sodium oxybate carries a black box warning as a central nervous system depressant that can cause respiratory depression, seizures, coma, or death, especially when combined with alcohol or other CNS depressants.\n\n\u2022 The drug is approved in Italy and Austria for treating alcohol dependence and withdrawal syndrome, with studies suggesting it may be more effective than naltrexone and disulfiram for maintaining abstinence.\n\n\u2022 Jazz Pharmaceuticals acquired the drug developer Orphan Medical in 2005 and subsequently raised prices dramatically, later paying a $20 million fine for off-label marketing in 2007.\n\n\u2022 Clinical trials showed effectiveness for fibromyalgia symptoms, but the FDA unanimously rejected this indication in 2010 due to abuse potential concerns.""",821,601-1000
239,132517,Starting with which VCE version was support for HEVC/H.265 added?,VCE 2.0,VCE 3.0,VCE 3.4,VCE 4.0,C,without_facts,,954,601-1000
240,26857,What condition commonly leads to Clostridioides difficile infections (CDI)?,Exposure to contaminated water sources,Consumption of undercooked meat products,Antibiotic overuse disrupting normal gut microbiome balance,Direct contact with infected soil during gardening,C,with_facts,"""\u2022 Clostridia are obligate anaerobes, meaning they cannot survive in the presence of oxygen, which distinguishes them from aerobic Bacilli bacteria.\n\n\u2022 They are typically Gram-positive bacteria with the ability to form spores, though they represent a highly polyphyletic (non-monophyletic) group with uncertain evolutionary relationships.\n\n\u2022 Most Clostridia species are saprophytic organisms that ferment plant polysaccharides and are commonly found in soil environments.\n\n\u2022 Certain Clostridium species produce some of the most dangerous toxins known, including tetanus toxin (from C. tetani) and botulinum toxin (from C. botulinum).\n\n\u2022 Clostridia are naturally present in human and animal gut microbiomes and are found worldwide in soils, making infections globally distributed.\n\n\u2022 Clostridioides difficile can cause serious infections (CDI) when antibiotic overuse disrupts the normal gut microbiome balance, leading to severe diarrhea and bowel complications.\n\n\u2022 The human body has very limited natural defenses against Clostridia infections, but they can be treated with antibiotics like penicillin and tissue debridement in severe cases.\n\n\u2022 Emerging research suggests a potential link between Clostridia in the gut microbiome and mental health, with fecal microbiota transplants showing promise for both CDI treatment and mood improvements.\n\n\u2022 Some enzymes produced by Clostridia are utilized in bioremediation applications for environmental cleanup.""",5,1-5
241,154477,Which specific genetic marker has been identified as associated with waist circumference in individuals of Indian origin?,rs12970134,rs11970134,rs12980134,rs12970143,A,without_facts,,114,101-200
242,72441,Which similarity measure is mentioned as producing better results in lexical chain construction when using WordNet?,Cosine similarity,Euclidean distance,Levenshtein distance,Jiang and Conrath's measure,D,with_facts,"""\u2022 A lexical chain is a sequence of semantically related words in text that can span narrow contexts (adjacent words/sentences) or wide contexts (entire documents), independent of grammatical structure.\n\n\u2022 The concept was introduced by Morris and Hirst as an expansion of lexical cohesion theory, focusing on how semantic relationships between word sequences create text coherence and continuity.\n\n\u2022 Lexical chains serve two main purposes: providing context to resolve word ambiguity and offering clues to determine overall text coherence and discourse structure.\n\n\u2022 Morris and Hirst's original method used Roget's Thesaurus as an external lexical database to identify semantic relationships between words, excluding high-frequency words like pronouns and prepositions that lack semantic value.\n\n\u2022 A lexical chain is formed when consecutive words share common categories, have categorical pointers to each other, belong to each other's entries, or are semantically related in a lexical database.\n\n\u2022 Lexical chains have been widely applied in natural language processing tasks including text summarization, document clustering, word sense disambiguation, and question answering systems.\n\n\u2022 Many researchers have enhanced lexical chain construction by using WordNet instead of traditional thesauri, with studies showing that certain similarity measures (like Jiang and Conrath's) produce better results.\n\n\u2022 Recent research has begun exploring the integration of lexical chains with modern NLP advances like word embeddings, though this area remains relatively underexplored compared to traditional applications.""",12,6-25
243,250194,Which strain of Mycobacterium smegmatis is particularly valuable for genetic research due to its high transformability?,mc1155,mc2155,mc3155,mc4155,B,without_facts,,41,26-50
244,270734,How many genes related to odor reception do humans have?,About a hundred,About a thousand,About ten thousand,About a hundred thousand,B,with_facts,"""Here are the key facts about the sense of smell from the Wikipedia article:\n\n\u2022 Olfaction (sense of smell) is a special sense that allows humans to perceive odors and serves multiple functions, including detecting food, hazards, and pheromones\n\n\u2022 The smell process occurs when odor molecules bind to receptors in the nasal cavity, with signals transmitted through the olfactory system to the brain\n\n\u2022 Humans have about a thousand genes related to odor reception, but only a portion are functional, with humans having fewer active odor receptor genes compared to other mammals\n\n\u2022 Each olfactory receptor neuron expresses only one functional odor receptor, working like a \""key-lock system\"" where specific molecular shapes trigger nerve cell responses\n\n\u2022 Smell plays a crucial role in flavor perception, with retronasal smell being particularly important during eating, as odorants are released and enter the nasal cavity during exhalation\n\n\u2022 The human nose can distinguish hundreds of substances in minute quantities, far more than the tongue's ability to distinguish tastes\n\n\u2022 Smell is involved in biological processes like inbreeding avoidance, with humans able to detect blood relatives through body odor and preferring potential mates with different immune system genes\n\n\u2022 There are multiple competing theories about how odor perception works, including shape theory and vibration theory, but no single theory completely explains olfactory perception""",244,201-350
245,120061,Which extraction method uses sound waves to remove starch grains from archaeological samples?,Pipetting,Sonication,Chemical treatment,Grinding,B,without_facts,,371,351-600
246,277266,What is the main advantage of DNA shuffling compared to point mutations or simple insertions/deletions?,It requires less expensive equipment,It can create entirely new protein variants with multiple advantageous features from different parent genes,It produces fewer unwanted mutations,It works faster than other mutagenesis methods,B,without_facts,,2,1-5
247,136765,Which reproductive strategy do yellow stingrays use?,External fertilization with egg laying,Aplacental viviparity with uterine milk,Placental viviparity like mammals,Parthenogenesis without males,B,without_facts,,44,26-50
248,343093,In which regions is 'mad honey' containing grayanotoxins most commonly produced and consumed?,Mexico and Brazil,Turkey and Nepal,India and Thailand,Greece and Italy,B,without_facts,,25,6-25
249,239980,Which of the following is a key limitation of Peptide Mass Fingerprinting?,It requires expensive equipment,It only works with synthetic peptides,The protein sequence must be present in the database,It cannot use trypsin as a protease,C,without_facts,,44,26-50
