hit_id,question_id,question_text,option_a,option_b,option_c,option_d,correct_answer,condition,facts_json,semantic_distance,distance_bucket
0,4425,What is the primary reason sports cars benefit from having a lower center of mass compared to SUVs?,It increases maximum speed on straightaways,It reduces body lean during turns and rollover risk,It improves fuel efficiency,It allows for larger engine compartments,B,with_facts,"""\u2022 **Automobile handling** describes how a wheeled vehicle responds to driver inputs and moves along roads, commonly judged during cornering, acceleration, braking, and directional stability in steady-state conditions.\n\n\u2022 **Handling and braking are major components of \""active\"" safety** in vehicles and directly affect performance in auto racing, with maximum lateral acceleration being a key measure of road holding ability.\n\n\u2022 **Centre of mass height determines load transfer** - higher centers of gravity cause more body lean during turns and can lead to rollover in extreme circumstances, which is why sports cars benefit from lower centers of mass compared to sedans and SUVs.\n\n\u2022 **Weight distribution affects steering characteristics** - front-heavy cars tend to understeer while rear-heavy cars tend to oversteer, with mid-engine designs seeking to achieve ideal balance for optimal cornering performance.\n\n\u2022 **Sports and racing cars typically use rearward weight distribution** (40/60 to 35/65 ratio) rather than 50/50 to reduce understeer during corner entry, as this helps front tires overcome the car's rotational inertia.\n\n\u2022 **Angular inertia affects vehicle responsiveness** - roll angular inertia increases settling time after steering inputs, while yaw angular inertia makes vehicles slower to change direction and return to straight-line driving.\n\n\u2022 **Vehicle dimensions impact handling performance** - greater width increases angular inertia (hurting handling), while shorter vehicles generally have better rotational characteristics than longer ones.\n\n\u2022 **Lightweight materials in specific locations improve handling** - using light materials for bumpers, fenders, and roofs reduces angular inertia without requiring major design changes to vehicle proportions.""",5,1-5
1,4533,What is the key difference between biological and metallurgical microscope objectives?,Biological objectives have higher magnification than metallurgical objectives,"Biological objectives are designed for transmitted light with cover slips, while metallurgical objectives are designed for reflected light without cover slips",Biological objectives use infinity correction while metallurgical objectives use fixed tube length,Biological objectives have lower numerical aperture than metallurgical objectives,B,without_facts,,1,1-5
2,3129,Which type of UEFA coefficient was discontinued after 2017?,Association coefficient,Club coefficient,National team coefficient,Performance coefficient,C,with_facts,"""\u2022 UEFA coefficients are weighted arithmetic mean statistics used for ranking and seeding teams in European club and international competitions, introduced in 1979 for men's football.\n\n\u2022 Three types of coefficients are calculated: National team coefficient (discontinued after 2017), Association coefficient (ranks countries' collective club performance), and Club coefficient (ranks individual clubs since 1990).\n\n\u2022 Association coefficients determine how many teams from each country qualify for the Champions League, Europa League, and Conference League, based on clubs' performance over the past five seasons.\n\n\u2022 Points are awarded as follows: 2 points for a win, 1 point for a draw (halved in qualifying rounds), plus bonus points for reaching various stages like round of 16 (5 points) or winning competitions (4 points).\n\n\u2022 Rankings determine team allocations for the season after next, not the immediately following season (e.g., 2022-23 rankings determine 2024-25 allocations).\n\n\u2022 The top 4 associations get four automatic Champions League spots each, while lower-ranked associations receive fewer spots and must go through qualifying rounds.\n\n\u2022 Countries need at least eight active clubs in their national league to be eligible for European competition spots, which excludes Liechtenstein (only 7 clubs).\n\n\u2022 Two additional \""European Performance Spots\"" in the Champions League are awarded annually to the associations with the highest coefficients from the previous season.""",750,601-1000
3,3861,Which statement best describes Rand Paul's alternative medical certification system?,The National Board of Ophthalmology was widely recognized and still operates today,He created it in 2009 and it was endorsed by major medical organizations,"He established it in 1999 as an alternative system, but it lacked recognition and was dissolved in 2011",It was created to replace the existing ophthalmology certification system permanently,C,without_facts,,750,601-1000
4,3150,What was Mauritania's Freedom House human rights rating in 2022?,35 out of 100 (partly free),50 out of 100 (partly free),25 out of 100 (not free),65 out of 100 (free),A,with_facts,"""\u2022 **Poor human rights rating**: Freedom House rated Mauritania's human rights at 35 out of 100 (partly free) in 2022, with international observers consistently describing the country's human rights situation as poor.\n\n\u2022 **No religious freedom**: Mauritania is a highly centralized Islamic Republic with no legal provisions for freedom of religion.\n\n\u2022 **Ethnic discrimination**: The government has a history of discriminating against southern black populations (Toucouleurs and Soninke people), including imprisoning southerners and removing them from the Army in 1987, which led to the Mauritania-Senegal Border War.\n\n\u2022 **Systematic torture**: Amnesty International has accused the Mauritanian government of institutionalized and continuous use of torture for decades, with methods including beatings, electric shocks, sexual violence, and the \""jaguar position\"" (suspension torture).\n\n\u2022 **Harsh prison conditions**: Prisons suffer from severe overcrowding, poor sanitation, malnutrition, lack of medical care, and inadequate ventilation, with many prisoners unable to leave their cells or breathe fresh air for months or years.\n\n\u2022 **Legal system failures**: Amnesty International has accused the Mauritanian legal system of operating with complete disregard for legal procedure, fair trials, and humane imprisonment.\n\n\u2022 **Pretrial detention issues**: As of 2011, nearly half of the prison population (834 out of 1,695) consisted of unconvicted detainees, contributing to overcrowding and housing them with dangerous convicted prisoners.\n\n\u2022 **Police violence**: In 2011, a gendarme killed one demonstrator and wounded eight others during protests about voter registration discrimination, with no reported investigation by year's end.""",5,1-5
5,1245,What distinguishes the Cook Islands and Niue from other territories in Oceania?,They are federal territories of Australia,They are in free association with New Zealand while maintaining treaty-making capacity,They are associate members of the Pacific Islands Forum,They are located on the Australian continental shelf,B,without_facts,,50,26-50
6,2103,What happens to binary systems as they orbit each other according to general relativity?,They gain energy and angular momentum from the surrounding spacetime,They lose energy and angular momentum by emitting gravitational radiation,Their orbital parameters remain constant over time,They convert gravitational potential energy into electromagnetic radiation,B,with_facts,"""\u2022 The two-body problem in general relativity involves determining the motion and gravitational field of two bodies using Einstein's field equations, which are nonlinear and difficult to solve exactly.\n\n\u2022 No exact solutions exist for the relativistic Kepler problem, but the Schwarzschild solution provides a good approximation when one mass is much larger than the other (such as a planet orbiting the Sun).\n\n\u2022 The Schwarzschild solution successfully explains the anomalous precession of Mercury's orbit, which was key evidence supporting general relativity theory.\n\n\u2022 In the Schwarzschild approximation, the lighter body follows a geodesic (shortest path) through the curved spacetime created by the more massive body.\n\n\u2022 For binary systems where both masses contribute significantly to the gravitational field, only approximate solutions are possible using methods like post-Newtonian expansion or numerical computation.\n\n\u2022 Binary systems lose energy and angular momentum by emitting gravitational radiation as they orbit each other, as demonstrated by observations of the binary pulsar PSR B1913+16.\n\n\u2022 The numerical solution for binary black holes was finally achieved in 2005 after four decades of research, when three groups developed breakthrough computational techniques.\n\n\u2022 Solutions to the relativistic two-body problem are essential for calculating light bending by gravity and predicting gravitational wave emissions from binary systems.""",100,51-100
7,3194,What was the key difference between the Bush administration's explanation of the Abu Ghraib abuses and the position taken by humanitarian organizations?,"The administration claimed the abuses were isolated incidents, while humanitarian organizations argued they were part of a broader pattern","The administration denied any abuses occurred, while humanitarian organizations provided evidence they did","The administration blamed foreign insurgents for the abuses, while humanitarian organizations blamed US personnel","The administration claimed the abuses were legal under US law, while humanitarian organizations argued they violated only international law",A,without_facts,,250,201-350
8,5500,What milestone did the 2024 Supercopa de España represent in the tournament's history?,It was the 39th edition of the competition,It was the 40th edition of the competition,It was the 41st edition of the competition,It was the 50th edition of the competition,B,with_facts,"""\u2022 The 2024 Supercopa de Espa\u00f1a was the 40th edition of Spain's annual football competition for clubs successful in major competitions from the preceding season.\n\n\u2022 Real Madrid won the tournament, claiming their thirteenth Supercopa de Espa\u00f1a title.\n\n\u2022 The tournament featured four teams: winners and runners-up from the 2022\u201323 Copa del Rey and 2022\u201323 La Liga, with the third-place league team filling the final spot when a top-two league finisher also reached the cup final.\n\n\u2022 All three matches were played at the King Saud University Stadium in Riyadh, Saudi Arabia.\n\n\u2022 The competition used a semi-final and final format with four participating teams.\n\n\u2022 Match times were scheduled in Saudi Arabia Standard Time (SAST, UTC+3).""",500,351-600
9,53,What percentage of South Tyrol's population were German speakers when Italy annexed the region in 1919?,Nearly 70%,Approximately 80%,Almost 90%,About 95%,C,without_facts,,750,601-1000
10,3540,What is the primary theological concept being debated by the figures in the lower portion of Raphael's fresco?,The Trinity,Transubstantiation,Papal infallibility,Divine revelation,B,with_facts,"""\u2022 The Disputation of the Holy Sacrament (La disputa del sacramento) is a fresco painted by Raphael between 1509 and 1510 in the Vatican's Apostolic Palace.\n\n\u2022 It was the first part of Raphael's commission to decorate the rooms now known as the Stanze di Raffaello, specifically in what was then called the Stanza della Segnatura.\n\n\u2022 The room served as the private papal library where the supreme papal tribunal met during the time of its creation.\n\n\u2022 The painting depicts a two-tiered composition spanning heaven and earth, with Christ surrounded by biblical figures in the upper portion and theologians debating Transubstantiation around an altar below.\n\n\u2022 The heavenly scene features Christ flanked by the Virgin Mary and John the Baptist (called De\u00ebsis), with God the Father above and the Holy Spirit as a dove below Christ.\n\n\u2022 The earthly scene shows historical theologians and church figures, including the four original Doctors of the Church (Gregory I, Jerome, Augustine, and Ambrose) with their names inscribed in their halos.\n\n\u2022 Notable figures depicted include Pope Julius II, Dante Alighieri (wearing a laurel wreath), Thomas Aquinas, and even Raphael's mentor Bramante as the bald figure reading in the corner.\n\n\u2022 The altar's monstrance is central to the lower composition, with its fringe reading \""Julius II Pont. Max.\"" (referring to Pope Julius II as Pontifex Maximus).\n\n\u2022 A church under construction appears in the background, symbolically representing the Catholic Church itself.""",500,351-600
11,3768,Who was Mohammed Afzal-ul Amin's grandfather?,Ubaidullah Al Ubaidi Suhrawardy,Amin Suhrawardy,A prominent freedom fighter,A former Chief Minister,B,without_facts,,100,51-100
12,242,What unusual weather-related incident affected Israeli military aircraft at Hatzor Airbase?,Lightning strikes destroyed multiple aircraft,High winds caused aircraft to crash during landing,Flooding damaged eight F-16 aircraft on the ground,Ice storms prevented aircraft from taking off,C,with_facts,"""\u2022 This list documents military aircraft accidents and incidents from 2020 onwards, excluding combat losses except in special circumstances, and includes aircraft that were not necessarily operational at the time of the incident.\n\n\u2022 High-ranking military officials were among the casualties, including Shen Yi-ming, Chief of General Staff of the Republic of China Air Force, who died in a UH-60M Black Hawk crash in Taiwan on January 2, 2020.\n\n\u2022 Multiple countries experienced significant military aviation accidents during early 2020, including Sudan, Taiwan, Sri Lanka, Afghanistan, South Africa, and Egypt within the first two weeks of January alone.\n\n\u2022 Helicopter crashes were particularly common, involving various models including UH-60 Black Hawks, Mi-17s, Mi-35s, Bell UH-1 Iroquois, and others across different air forces worldwide.\n\n\u2022 Fighter aircraft accidents occurred frequently, involving F-16 Fighting Falcons (Israeli, Egyptian, and Pakistani air forces), Su-30s, Su-25s, Su-27s, and MiG-29Ks from various nations' air forces.\n\n\u2022 Some accidents involved complete loss of life, such as the Sudanese An-12A crash that killed all 18 aboard and multiple helicopter crashes with no survivors, while others had successful rescues or pilot ejections.\n\n\u2022 The accidents spanned multiple continents and involved air forces from countries including the United States, Russia, China, India, Pakistan, various African nations, and Latin American countries.\n\n\u2022 Weather-related incidents occurred, such as flooding that damaged eight Israeli F-16s at Hatzor Airbase, showing that ground-based weather events also pose risks to military aircraft.""",500,351-600
13,4109,What was the primary difference between IBM PC DOS and MS-DOS regarding BASIC programming?,IBM versions used ROM-BASIC code while MS-DOS did not,MS-DOS included more advanced BASIC features,IBM versions required external BASIC interpreters,MS-DOS removed BASIC support earlier than IBM,A,without_facts,,100,51-100
14,1847,Which railway system is considered the first successful operational implementation of AC electrification that influenced the modern 25 kV standard?,The 25 kV system adopted by France in the 1950s,Kálmán Kandó's 16 kV system in Hungary from 1931,The Deutsche Reichsbahn's 20 kV system from 1936,The experimental systems in Germany's Black Forest before WWII,B,with_facts,"""\u2022 **25 kV AC electrification uses standard utility frequency (50 or 60 Hz), which simplifies traction substations and is ideal for long-distance railways and heavy traffic.**\n\n\u2022 **The system came into widespread use in the 1950s after earlier experimentation in Hungary and Germany's Black Forest before World War II.**\n\n\u2022 **Early adoption was limited by the lack of reliable, lightweight rectification equipment and the need for increased clearance under bridges and tunnels for high-voltage components.**\n\n\u2022 **The first successful operational system was developed by K\u00e1lm\u00e1n Kand\u00f3 in Hungary in 1931, using 16 kV AC at 50 Hz on the Budapest\u2013Dunakeszi\u2013Alag line.**\n\n\u2022 **The Deutsche Reichsbahn completed the first railway using this system type in 1936 with a 20 kV 50 Hz AC system on part of the H\u00f6llentalbahn, which influenced France's adoption of 25 kV as their standard.**\n\n\u2022 **Mercury arc rectifiers' unreliability was the main barrier to earlier adoption, as DC series motors required AC-to-DC conversion but rectifiers were unsuitable for locomotive use until the 1950s.**\n\n\u2022 **Modern high-speed trains like the N700 Shinkansen use complex conversion systems, transforming 25 kV single-phase AC through multiple stages to power three-phase AC induction motors.**\n\n\u2022 **25 kV was chosen as the optimal voltage balancing power transmission efficiency against equipment costs - higher voltages improve efficiency but require expensive larger insulators and greater structural clearances.**\n\n\u2022 **The system is vulnerable to weather conditions, with moisture potentially causing short circuits, as demonstrated by the 2009 Eurostar breakdowns in the Channel Tunnel.**""",500,351-600
15,1907,Why do centaurs have relatively short lifetimes compared to other Solar System objects?,They are constantly colliding with planets,They have unstable orbits that last only a few million years,They evaporate quickly due to solar radiation,They are consumed by Jupiter's gravitational field,B,without_facts,,25,6-25
16,4485,What three primary characteristics are used to assign asteroid spectral types?,"Size, orbital period, and distance from Sun","Reflectance spectrum, color, and albedo","Mass, density, and rotation period","Temperature, magnetic field, and composition",B,with_facts,"""\u2022 Asteroid spectral types are assigned based on reflectance spectrum, color, and albedo, which are thought to correspond to the asteroid's surface composition.\n\n\u2022 The first asteroid classification system was developed in 1975 with three basic categories: \""C\"" for dark carbonaceous objects, \""S\"" for stony objects, and \""U\"" for unclassified asteroids.\n\n\u2022 The Tholen classification system, proposed in 1984, is the most widely used taxonomy and includes 14 types based on data from 978 asteroids observed between 0.31-1.06 micrometers wavelength.\n\n\u2022 Most asteroids fall into three main groups: C-group (dark, carbonaceous objects like Ceres and Pallas), S-group (siliceous/stony objects like Vesta and Juno), and X-group (which subdivides into primitive P-type, metallic M-type, and bright E-type based on albedo).\n\n\u2022 The Bus-DeMeo classification system, developed in 2009, expanded the taxonomy to 24 classes based on spectral analysis of 371 asteroids over 0.45-2.45 micrometers wavelength.\n\n\u2022 Multiple classification schemes exist (Tholen, SMASS, Bus-DeMeo, S3OS2) that sometimes assign different types to the same asteroid due to different criteria and methodologies.\n\n\u2022 The Tholen system uses additional notations like \""U\"" for unusual spectra, colons for noisy data, and multiple letters when classification is ambiguous (e.g., \""CG\"" or \""SCT\"").\n\n\u2022 Large differentiated bodies like Ceres and Vesta have internal structure, while smaller undifferentiated bodies likely have similar surface and internal compositions.""",25,6-25
17,484,What was the most significant achievement that distinguished Venera 7 from all previous space missions?,It was the first spacecraft to reach Venus orbit,It was the first to successfully soft-land on another planet and transmit data back,It was the first to measure atmospheric composition of another planet,It was the first Soviet spacecraft to leave Earth's atmosphere,B,without_facts,,500,351-600
18,2292,The name 'Tennessee' originates from which source?,A Spanish explorer's name for the region,An English translation meaning 'volunteer land',A Cherokee town called 'Tanasi',A French term for the Tennessee River,C,with_facts,"""I notice there's a mismatch between your request and the article content. You asked for facts about \""Tennessine\"" (which is a chemical element), but the article provided is about \""Tennessee\"" (the U.S. state). I'll extract key facts from the Tennessee article that was provided:\n\n\u2022 Tennessee is a landlocked state in the Southeastern United States, ranking as the 36th-largest by area and 15th-most populous state with an estimated 7.22 million residents as of 2024.\n\n\u2022 The state is divided into three Grand Divisions: East, Middle, and West Tennessee, with Nashville serving as both the capital and largest city.\n\n\u2022 Tennessee became the 16th state to join the Union on June 1, 1796, and earned the nickname \""The Volunteer State\"" due to its strong tradition of military service.\n\n\u2022 The state's name derives from \""Tanasi,\"" a Cherokee town, with the modern spelling attributed to Governor James Glen of South Carolina in the 1750s.\n\n\u2022 Tennessee was the last state to secede from the Union during the Civil War and the first former Confederate state to be readmitted after the war ended.\n\n\u2022 The state underwent major economic transformation in the 20th century, aided by federal investment in the Tennessee Valley Authority (TVA) and Oak Ridge, which housed Manhattan Project uranium enrichment facilities during World War II.\n\n\u2022 Tennessee's modern economy is dominated by healthcare, music, finance, automotive, chemical, electronics, and tourism sectors.\n\n\u2022 The state has played a major role in developing popular music genres including country, blues, rock and roll, soul, and gospel music.\n\n\u2022 The Great Smoky Mountains National Park, located in eastern Tennessee, is the nation's most visited national park.""",150,101-200
19,2437,Why is the standard Lewis structure O=O inadequate for representing molecular oxygen?,It shows the wrong bond length,It indicates the wrong bond order,It fails to show the unpaired electrons and paramagnetism,It doesn't represent the ground state properly,C,without_facts,,5,1-5
20,1246,How many sovereign states in Oceania are United Nations member states?,12,14,16,18,B,with_facts,"""\u2022 Oceania is a geographical region that is mostly ocean spanning many tectonic plates, occasionally listed as one of the continents, with Australia as its main continental landmass.\n\n\u2022 Geopolitical Oceania includes four main subregions: Australasia, Melanesia, Micronesia, and Polynesia.\n\n\u2022 The boundary between Southeast Asia and Oceania is not clearly defined, with the United Nations considering the Indonesian\u2013Papua New Guinean border as the political boundary between the two regions.\n\n\u2022 There are 14 sovereign states in Oceania that are United Nations member states, and all of them are full members of the Pacific Islands Forum.\n\n\u2022 Two states, the Cook Islands and Niue, are in free association with New Zealand, maintaining close constitutional ties while having full treaty-making capacity and acting largely as independent states.\n\n\u2022 The region contains numerous non-sovereign territories that fall into three categories: federal territories, integral parts of sovereign states, and dependent territories.\n\n\u2022 Seven territories have formal relationships with the Pacific Islands Forum: French Polynesia and New Caledonia as associate members, and five others (American Samoa, Guam, Northern Mariana Islands, Tokelau, and Wallis and Futuna) as observers.\n\n\u2022 The geological boundaries of Oceania are complex, with some Indonesian provinces lying on the Australian continental shelf, while biogeographical lines like the Wallace and Lydekker lines help distinguish Asian from Australian flora and fauna.""",50,26-50
21,4257,"How long did Disney Channel operate under the original name ""Disney Channel Premiere Films"" before rebranding?",12 years (1983-1995),14 years (1983-1997),16 years (1983-1999),10 years (1983-1993),B,without_facts,,750,601-1000
22,5307,"In the context of a Riemannian manifold's tangent bundle, what is the structure group and what type of matrices does the curvature form take values in?","Structure group GL(n), curvature form takes values in symmetric matrices","Structure group O(n), curvature form takes values in antisymmetric matrices","Structure group SL(n), curvature form takes values in diagonal matrices","Structure group U(n), curvature form takes values in Hermitian matrices",B,with_facts,"""\u2022 The curvature form describes the curvature of a connection on a principal bundle, with the Riemann curvature tensor being a special case of this general concept.\n\n\u2022 For a principal G-bundle P \u2192 B with Ehresmann connection \u03c9 (a Lie algebra-valued 1-form), the curvature form is defined as \u03a9 = d\u03c9 + \u00bd[\u03c9 \u2227 \u03c9] = D\u03c9, where D is the exterior covariant derivative.\n\n\u2022 A connection is called \""flat\"" if its curvature form vanishes (\u03a9 = 0), which is equivalent to the structure group being reducible to the same group with discrete topology.\n\n\u2022 For vector bundles, the curvature form follows Cartan's structure equation: \u03a9 = d\u03c9 + \u03c9 \u2227 \u03c9, where \u03c9 and \u03a9 are treated as matrices of differential forms.\n\n\u2022 In the case of a Riemannian manifold's tangent bundle, the structure group is O(n) and the curvature form \u03a9 takes values in antisymmetric matrices, providing an alternative description of the Riemann curvature tensor.\n\n\u2022 The curvature form is a Lie algebra-valued 2-form that can be expressed in terms of horizontal vector fields as \u03a9(X,Y) = -\u03c9([X,Y]) when X and Y are horizontal.\n\n\u2022 For vector bundle components, the curvature form satisfies \u03a9^i_j = d\u03c9^i_j + \u03a3_k \u03c9^i_k \u2227 \u03c9^k_j, showing how individual form components interact through wedge products.""",500,351-600
23,3058,How does the tenure system work for Kansas Supreme Court justices after their initial appointment?,They serve life terms with no retention votes,They face retention votes every 6 years until mandatory retirement at 75,They must be reappointed by each new Governor,They serve one 6-year term and then must retire,B,without_facts,,200,101-200
24,1229,What does the organizational structure established in 2017 reveal about the RTS Link project management approach?,A single multinational company handles all aspects of the project,Each country independently manages its own portion without coordination,"Joint operation through SMRT-Prasarana partnership, but separate national infrastructure companies",Malaysia leads construction while Singapore focuses on operations,C,with_facts,"""\u2022 The Johor Bahru\u2013Singapore Rapid Transit System (RTS) Link is a 4 km (2.5 mi) twin-track rapid transit system that will connect Bukit Chagar station in Malaysia with Woodlands North station in Singapore, with operations targeted to commence in January 2027.\n\n\u2022 The system is expected to serve 40,000 passengers daily at launch, with long-term plans to accommodate approximately 140,000 daily passengers.\n\n\u2022 Both stations will feature independent customs, immigration and quarantine (CIQ) facilities for both countries, separate from existing border checkpoints at Sultan Iskandar Building and Woodlands Checkpoint.\n\n\u2022 The RTS Link will replace the existing KTM Shuttle Tebrau service between JB Sentral and Woodlands Train Checkpoint stations by June 2027.\n\n\u2022 The project was first proposed in 1990 during discussions between Singapore's Lee Kuan Yew and Malaysia's Mahathir Mohamad, but was later revisited and formally proposed during the Singapore-Malaysia Leaders' Retreat in May 2010.\n\n\u2022 In September 2015, Bukit Chagar was selected as the Malaysian terminus through a public vote, chosen over other options including Tanjong Puteri and JB Sentral locations.\n\n\u2022 The system will use a high-bridge crossing design to span the Strait of Johor, as confirmed by both countries' prime ministers in December 2016.\n\n\u2022 A joint venture between SMRT Corporation and Prasarana Malaysia was established in 2017 to operate the link, with each government appointing separate infrastructure companies to handle construction and maintenance in their respective countries.""",25,6-25
25,1753,Which statement best describes how English uses different frames of reference?,English uses only relative reference for all spatial descriptions,English primarily uses absolute reference with some relative terms,English uses all three frames but relies mainly on relative reference,English alternates equally between intrinsic and absolute reference,C,without_facts,,750,601-1000
26,5030,What geological event marked the end of Balkanatolia's separation from other landmasses?,The formation of the Mediterranean Sea,The Eocene-Oligocene extinction event (Grande Coupure),The collision of Africa with Europe,The opening of the Atlantic Ocean,B,with_facts,"""\u2022 Balkanatolia was an island continent or series of islands that existed for approximately 10 million years until the end of the Eocene epoch, separated from both Asia and Western Europe.\n\n\u2022 The Balkanatolian landmass comprised the region of the modern-day Balkans and Anatolia, with fossil mammals distinct from those found in western Europe or Asia.\n\n\u2022 Eocene fossil mammals found in southeastern Europe (including Amynodontidae, Hyracodontidae, Brontotheriidae, and Anthracotheriidae) showed closer relationships to Asian species rather than western European ones.\n\n\u2022 The distinct Balkanatolian fauna remained separate from Western Europe for about 10 million years until the Eocene-Oligocene extinction event (Grande Coupure), when Antarctic glaciation caused sea levels to fall and enabled land migration.\n\n\u2022 During the Grande Coupure, the endemic western European fauna largely disappeared and was replaced by Asian forms, some of which may have arrived via Balkanatolia.\n\n\u2022 Asian mammals began colonizing southeastern Europe (part of Balkanatolia) during the middle or late Eocene, between the Lutetian and Priabonian stages, as evidenced by fossils of bachitheriids and cricetid rodents.\n\n\u2022 The fauna of southeastern Europe differed from that of Anatolia within Balkanatolia itself, suggesting possible internal barriers to animal movement between eastern and western parts of the landmass.""",250,201-350
27,1262,"What was the peak wind speed achieved by Hurricane Carlotta, the season's first hurricane?",85 mph,95 mph,80 mph,90 mph,D,without_facts,,10,6-25
28,1602,"Based on the latitude range given, what can be concluded about the Thracian Sea's position relative to the 40th parallel?",Part of it lies south of the 40th parallel,It straddles the 40th parallel equally,The entire sea lies north of the 40th parallel,Most of it lies south of the 40th parallel,C,with_facts,"""\u2022 The Thracian Sea is the northernmost part of the Aegean Sea, bounded by Macedonia, Thrace, and northwestern Turkey.\n\n\u2022 The sea connects to the Black Sea through a series of waterways: the Dardanelles Strait, the Sea of Marmara, and the Bosphorus Strait.\n\n\u2022 The entire sea lies north of the 40th parallel, extending from 23\u00b0E to 25.8\u00b0E longitude and from 40.25\u00b0N to 41\u00b0N latitude.\n\n\u2022 Major islands in the Thracian Sea include Thasos and Samothrace (Greece) and G\u00f6k\u00e7eada/Imvros (Turkey), with the sea extending south to the north coast of Lemnos.\n\n\u2022 Important gulfs and bays include the Ierissian Gulf, Strymonian Gulf, Kavala Gulf, and Saros Gulf in Turkey.\n\n\u2022 Major rivers that empty into the sea include the Strymon, Nestos, and Evros/Meri\u00e7 rivers.\n\n\u2022 The northern part of the Thracian Sea serves as a habitat for the endangered Black Sea harbor porpoise (Phocoena phocoena relicta).\n\n\u2022 Key ports in the region include Kavala, Alexandroupoli, Amfipoli, Thasos, and Samothrace.""",25,6-25
29,1715,What fundamental characteristic distinguishes gravity from the other three fundamental forces in physics?,Gravity is the weakest of all fundamental forces,Gravity is the only force that acts over long distances,Gravity is the only fundamental force not yet described by quantum mechanics,Gravity is the only force that can bend spacetime,C,without_facts,,50,26-50
30,4868,What was the closest recorded distance of a storm passing near Barbados among the examples provided?,"12 miles (Tropical Storm Gonzalo, 2020)","20 miles (Hurricane Allen, 1980)","35 miles (Hurricane Tomas, 2010)","75 miles (Hurricane Harvey, 2017)",A,with_facts,"""\u2022 Barbados has experienced numerous hurricane encounters from 1950 to present, with most storms passing within 20-75 miles of the island rather than making direct hits.\n\n\u2022 Hurricane Tomas in October 2010 was the most impactful recent storm, causing $8.5 million in damage, affecting 1,200 residences, and recording wind gusts of 105 mph at the airport, though no deaths occurred.\n\n\u2022 The island typically experiences tropical storms and hurricanes passing to the north, south, northeast, or southwest, with distances ranging from as close as 12 miles (Tropical Storm Gonzalo, 2020) to 75 miles away.\n\n\u2022 Hurricane Allen in August 1980 passed \""just north of the island,\"" representing one of the closest encounters on record during the period covered.\n\n\u2022 Recent significant storms include Hurricane Harvey (2017) which caused widespread power outages and flooding, Hurricane Elsa (2021) which passed just south of the island, and Hurricane Beryl (2024) which sunk 40 small boats and destroyed 4 homes.\n\n\u2022 Tomas in 2010 holds the distinction of being the latest hurricane on record in a calendar year to impact the Windward Islands region where Barbados is located.\n\n\u2022 The storms have varied in intensity when passing Barbados, ranging from tropical depressions to Category 2 hurricanes, with many weakening to tropical storm status by the time they reach the island's vicinity.""",1,1-5
31,557,What was the chronological relationship between the fall of Assyria and Babylon's rise to dominance?,Babylon rose to power 50 years before Assyria fell,Babylon became the most powerful state after Assyria fell in 612 BC,Babylon and Assyria shared power equally until 539 BC,Babylon conquered Assyria in 612 BC but remained weak,B,without_facts,,500,351-600
32,3468,"In the bag-of-words model, what do the key-value pairs represent when describing a document?",Keys are document names and values are total word counts,Keys are words and values are their positions in the document,Keys are sentence numbers and values are words in each sentence,Keys are words and values are the number of occurrences of each word,D,with_facts,"""\u2022 The bag-of-words (BoW) model represents text as an unordered collection of words, disregarding word order and grammar while capturing word frequency/multiplicity.\n\n\u2022 BoW is primarily used in natural language processing, information retrieval, and document classification, where word occurrence frequencies serve as features for training classifiers.\n\n\u2022 The model treats documents with identical words but different word order as equivalent (e.g., \""man bites dog\"" and \""dog bites man\"" have the same BoW representation).\n\n\u2022 BoW represents each document as key-value pairs where keys are words and values are the number of occurrences of each word in the document.\n\n\u2022 Common implementations use word frequencies that can be normalized using tf-idf (term frequency-inverse document frequency) or binary weighting (presence/absence) depending on the application.\n\n\u2022 The hashing trick is an alternative implementation that maps words directly to indices using a hash function, eliminating the need to store a dictionary and improving scalability.\n\n\u2022 Despite losing syntactic and grammatical information, BoW is computationally fast and sufficient for simple tasks like document classification where word order is less critical.\n\n\u2022 An early reference to the \""bag of words\"" concept in linguistics dates back to Zellig Harris's 1954 article on Distributional Structure.""",200,101-200
33,1903,Which Chinese astronomical theory most closely resembled modern understanding by proposing that celestial bodies exist as matter floating freely in space?,Gaitian theory,Huntian theory,Xuanye theory,Tianwen theory,C,without_facts,,5,1-5
34,2035,"In the hierarchical system of note values, what is the relationship between consecutive note durations?",Each note value is twice as long as the next one,Each note value is half as long as the next one,Each note value is three times as long as the next one,Note values have no consistent mathematical relationship,A,with_facts,"""\u2022 Musical notes are the most basic building blocks of music - distinct, isolatable sounds that can be visually communicated through musical notation.\n\n\u2022 Notes have multiple distinguishing characteristics: pitch (how high or low), duration (note values like whole, half, quarter notes), dynamics (loudness), and articulations (how to shape the sound).\n\n\u2022 Note duration is expressed through a hierarchical system of note values, with each value representing half the duration of the previous one (whole note, half note, quarter note, eighth note, etc.).\n\n\u2022 Pitch classes are named differently across cultures: European countries often use solf\u00e8ge (do-re-mi-fa-sol-la-ti), English-speaking regions use letters A-G, and traditional Indian music uses Sa-Re-Ga-Ma-Pa-Dha-Ni.\n\n\u2022 Musical notes are written on a staff using specific vertical positions (lines and spaces), with the clef determining which note names correspond to each position.\n\n\u2022 Accidentals modify a note's pitch: sharp (\u266f) raises by a half step, flat (\u266d) lowers by a half step, and natural (\u266e) cancels previous accidentals.\n\n\u2022 The chromatic scale contains 12 distinct pitch classes, created by adding 5 accidental notes to the 7 basic letter names (A-G).\n\n\u2022 Notes separated by octaves (frequencies in ratios that are powers of two) are perceived as very similar and are grouped under the same pitch class.""",50,26-50
35,4633,"Based on the transportation impacts described, which statement best reflects the scope of disruption caused by the earthquake?",Disruptions were limited to local transportation in Miyazaki Prefecture only,"Only air transportation was affected, with no impact on rail services","Transportation impacts extended beyond the immediate earthquake zone, affecting national rail networks",All transportation in Japan was completely shut down for one week,C,without_facts,,5,1-5
36,4547,What does the dental anatomy of LD 350-1 suggest about early Homo evolution?,Jaw and tooth characteristics evolved gradually over millions of years,Dental features remained unchanged from Australopithecus,Homo jaw and tooth anatomy evolved very early in human evolutionary history,Tooth size increased significantly compared to australopithecines,C,with_facts,"""\u2022 LD 350-1 is the earliest known specimen of the genus Homo, dating to 2.75\u20132.8 million years ago, discovered in Ethiopia's Afar Region in 2013.\n\n\u2022 The fossil consists of a partial adult left mandible (jawbone) with teeth, representing a transitional form between Australopithecus and Homo.\n\n\u2022 While similar in size to small Australopithecus afarensis specimens, LD 350-1's jaw and dental anatomy align more closely with Homo characteristics than australopithecines.\n\n\u2022 The specimen remains unassigned to a specific species and its relationship to later Homo species like H. habilis is unclear.\n\n\u2022 The earliest known Oldowan stone tools (2.6 million years old) were found at the same site and may have been made by the same species as LD 350-1.\n\n\u2022 LD 350-1 lived in a drier, more open grassland environment compared to the typical habitat of A. afarensis, during a period of climatic change.\n\n\u2022 The discovery challenges previous hypotheses about the timing of the Australopithecus to Homo transition and suggests dietary changes may have driven early human evolution.\n\n\u2022 The specimen's strong dental divergence from australopithecines confirms that Homo jaw and tooth anatomy evolved very early in human evolutionary history.""",100,51-100
37,1188,"Based on the wildlife consumption data, which animal group shows the highest diversity in feeding on Ficus variegata fruit?",Birds with 5 species,Monkeys with 7 species,Marsupials with 7 species,Bats with 15 species,D,without_facts,,750,601-1000
38,735,What distinguishes the 'berrypicking' model from traditional linear search approaches?,It uses only keyword-based searches instead of natural language,"Users modify their search terms based on results, creating an evolving feedback loop",It focuses exclusively on retrieving basic facts from library databases,It eliminates the need for human-computer interaction,B,with_facts,"""\u2022 Cognitive models of information retrieval combine cognitive science, human-computer interaction, information retrieval, and library science to understand how people's mental models relate to information organization in systems.\n\n\u2022 \""Berrypicking,\"" a model developed by Marcia Bates at UCLA, describes how users search for information in an evolving, non-linear way rather than through simple linear query-document matching.\n\n\u2022 In berrypicking, users constantly modify their search terms based on results they receive, creating a feedback loop that changes their cognitive model of the information being sought.\n\n\u2022 Information retrieval often occurs \""bit by bit\"" through activities like following footnotes, scanning journal articles, or exploring related sources, with search goals evolving throughout the process.\n\n\u2022 Exploratory search focuses on how people iteratively refine their search activities when interacting with systems like the WWW, particularly when dealing with ill-defined search goals.\n\n\u2022 Traditional search engines were designed based on library science theories for retrieving basic facts, but exploratory information retrieval involves more complex cognitive activity and evolving relevance criteria.\n\n\u2022 Natural language searching represents a major goal in the field, aiming to allow users to make complex, conversational queries rather than using keyword-based searches.\n\n\u2022 The ultimate objective is to program information retrieval systems that can respond to natural language searches by better understanding how people structure queries and think about information needs.""",50,26-50
39,5380,What is the primary reason that text retrieval is considered a critical area of study?,It enables processing of chemical representations in molecular biology,It forms the fundamental basis of all internet search engines,It allows for exact substring matching in documents,It provides user interfaces for database access,B,without_facts,,25,6-25
40,4999,Which elements in sapphire's chemical structure are responsible for creating the variety of colors observed in different sapphire types?,The primary aluminum oxide composition,"Trace amounts of elements like iron, titanium, and chromium",The crystal structure of the corundum mineral,External treatments applied during processing,B,with_facts,"""\u2022 Sapphire is a precious gemstone variety of the mineral corundum, composed of aluminum oxide (\u03b1-Al2O3) with trace amounts of various elements like iron, titanium, and chromium.\n\n\u2022 Sapphire has exceptional hardness with a score of 9 on the Mohs scale, making it the third-hardest mineral after diamond (10) and moissanite (9.5).\n\n\u2022 While blue is the most well-known color, sapphires occur in many colors including yellow, purple, orange, and green (called \""fancy sapphires\""), with red corundum being classified as ruby instead of sapphire.\n\n\u2022 Major sapphire deposits are found worldwide, including Australia, Myanmar (Burma), Sri Lanka, Madagascar, Kashmir (India), Thailand, and Montana (USA), with Kashmir sapphires commanding the highest premiums.\n\n\u2022 Sapphires have important industrial applications beyond jewelry, including infrared optical components, high-durability windows, watch crystals, and electronic substrates for integrated circuits and LED technology.\n\n\u2022 Padparadscha sapphires, featuring a rare pink-orange color reminiscent of lotus flowers, are among the most valuable and sought-after fancy sapphires, originally from Sri Lanka.\n\n\u2022 Particolored or \""parti\"" sapphires display two or more colors within a single stone, occur only naturally (cannot be created synthetically), and are primarily sourced from Australia.\n\n\u2022 The value of sapphires depends on factors including color purity, clarity, size, cut, treatment status, and geographical origin, with completely untreated stones commanding significantly higher prices.""",350,201-350
41,5048,"Based on the migration patterns described, which region appears to have been a major dispersal center around 60,000 BC?",Northern Europe,Southeast Asia,"The Middle East region including Iraq, Iran, Pakistan, and Afghanistan",The Eurasian steppe exclusively,C,without_facts,,100,51-100
42,3028,"Before federal courts can hear a case, they must meet justiciability requirements. Which of the following is NOT mentioned as one of these requirements?",The case must involve an actual dispute,The plaintiff must have standing,The case must involve a federal crime,The case must avoid political questions that belong to other branches,C,with_facts,"""\u2022 Constitutional law of the United States governs the interpretation and implementation of the U.S. Constitution, focusing on federal vs. state power and individual rights, with the Supreme Court holding ultimate authority over constitutional interpretation.\n\n\u2022 The Supreme Court established the power of judicial review in Marbury v. Madison (1803) and Fletcher v. Peck (1810), giving it authority to strike down federal and state laws that violate the Constitution.\n\n\u2022 Supreme Court constitutional interpretations are binding on all branches of federal government, lower federal courts, and state courts through the precedent system of \""stare decisis.\""\n\n\u2022 Federal courts must meet justiciability requirements before hearing cases, including actual dispute, standing, ripeness, mootness, and avoiding political questions that belong to other branches of government.\n\n\u2022 Major judicial philosophies include originalism (interpreting the Constitution according to its 18th-century meaning), purposivism (emphasizing congressional intent), judicial restraint (deciding narrow cases to preserve democratic processes), and instrumentalism (allowing law to evolve with society).\n\n\u2022 The U.S. operates under federalism, which divides political power between federal and state governments as a compromise between centralized tyranny and the ineffective decentralization of the Articles of Confederation.\n\n\u2022 The Constitution separates federal powers among legislative (Article I), executive (Article II), and judicial (Article III) branches, while the Tenth Amendment reserves non-delegated powers to states and the people.\n\n\u2022 Congress receives specific enumerated powers under Article I, Section 8, including the commerce power to \""regulate commerce with foreign nations, and among the several states, and with the Indian tribes.\""""",10,6-25
43,424,What can be inferred about the wealth and cultural influences of the rulers buried at El-Kurru?,They were poor local rulers with no external cultural contacts,They rejected all Egyptian influences in favor of purely Nubian traditions,They possessed significant wealth and incorporated Egyptian religious elements into their burials,They only adopted Christian burial practices throughout the site's use,C,without_facts,,150,101-200
44,756,"According to the Unified Process, what is the primary focus of the elaboration phase?",Defining project scope and gathering initial requirements,Creating production-ready code for deployment,Developing a working system architecture,Deploying the system to the production environment,C,with_facts,"""\u2022 Iterative and incremental development combines iterative design with incremental build models, originating in software development with early mentions in the 1985 DOD-STD-2167 standard.\n\n\u2022 The method develops systems through repeated cycles (iterative) in smaller portions (incremental), allowing developers to learn from earlier development phases and user feedback.\n\n\u2022 The process consists of three main components: an initialization step that creates a base system version, iteration steps involving redesign and implementation, and a Project Control List tracking all tasks and features.\n\n\u2022 The Unified Process organizes development into four phases: inception (project scope and requirements), elaboration (working architecture), construction (production-ready code), and transition (deployment to production).\n\n\u2022 One of the earliest examples was NASA's Project Mercury in the 1960s, followed by the space shuttle's primary avionics software system built from 1977-1980 using 17 iterations over 31 months.\n\n\u2022 The US Department of Defense has historically preferred iterative methodologies, with DoD Instruction 5000.2 (2000) explicitly stating preference for evolutionary approaches over single-step waterfall methods.\n\n\u2022 Each iteration involves analysis based on user feedback and program analysis, examining structure, modularity, usability, reliability, efficiency, and goal achievement to modify the project control list.\n\n\u2022 The approach allows for varying levels of documentation detail, from lightweight projects using code as primary documentation to critical projects requiring formal Software Design Documents.""",750,601-1000
45,5537,What characteristic makes 216 an untouchable number?,It cannot be divided by any prime number,It cannot be expressed as the sum of proper divisors of any other integer,It cannot be written as a sum of consecutive integers,It cannot be factored into prime numbers,B,without_facts,,50,26-50
46,3772,How did Muscular Hinduism serve as opposition to British colonialism?,By promoting economic boycotts of British goods,By establishing independent educational institutions,By countering stereotypes of Indian men as effeminate,By creating alternative political parties,C,with_facts,"""\u2022 Muscular Hinduism is a philosophy advocating for Hindus to be physically strong, with early proponents including Bankim Chandra Chatterjee and Swami Vivekananda in the early 20th century.\n\n\u2022 The movement emerged in response to communal conflicts in early 20th century India, when urban Hindus began incorporating armed displays into religious festival processions.\n\n\u2022 Muscular Hinduism was partly inspired by fears of Muslim violence against Hindus and influenced by Western concepts like Muscular Christianity and British ideas about religion, sport, and masculinity.\n\n\u2022 The philosophy served as opposition to British colonialism and stereotypes of Indian men as effeminate, with even Mahatma Gandhi initially supporting it to counter feelings of physical inferiority.\n\n\u2022 The movement promoted various sports and traditional Indian physical culture practices in gymkhanas and akhadas, while yoga was remolded into a tool for physical and martial strengthening.\n\n\u2022 In the post-colonial era, the RSS (Rashtriya Swayamsevak Sangh) supports Muscular Hinduism as part of remaking India free from Islamic and Western influences, providing paramilitary training to members.\n\n\u2022 Major BJP politicians including Narendra Modi and Yogi Adityanath have been associated with promoting Muscular Hinduism at the governmental level.\n\n\u2022 Modern proponents emphasize the muscular narratives of the Mahabharata and view the philosophy as a form of decoloniality to reclaim Hindu identity and values.""",200,101-200
47,720,What is the primary advantage of inducing hypothermia during cardiopulmonary bypass?,It prevents blood clotting during the procedure,It reduces the body's metabolic rate and oxygen demand,It eliminates the need for anticoagulation,It improves the surgeon's visibility in the operative field,B,without_facts,,250,201-350
48,4158,Which of the following is an example of catachresis?,An extended metaphor that tells a complete story,A metaphorical anecdote with a moral lesson,A mixed metaphor combining incompatible comparisons,A metaphor that creates entirely new ideas,C,with_facts,"""\u2022 A metaphor is a figure of speech that refers to one thing by mentioning another, creating an implied comparison between two normally unrelated entities or ideas.\n\n\u2022 Metaphors differ from similes in that the comparison is implied or assumed, while similes use explicit comparison words like \""like\"" or \""as\"" to make the comparison more obvious.\n\n\u2022 The word \""metaphor\"" comes from Greek \u03bc\u03b5\u03c4\u03b1\u03c6\u03bf\u03c1\u03ac (metaphor\u00e1), meaning \""transference of ownership,\"" reflecting how metaphors transfer meaning from one semantic realm to another.\n\n\u2022 According to I.A. Richards' theory, metaphors have two main parts: the tenor (the subject being described) and the vehicle (the object whose attributes are borrowed for the comparison).\n\n\u2022 Metaphors have ancient origins, with vivid examples found in the Hebrew Book of Psalms from around 1000 B.C., such as \""The Lord is my shepherd\"" and \""The Lord is my rock.\""\n\n\u2022 Shakespeare's famous line \""All the world's a stage\"" from As You Like It is one of the most commonly cited examples of metaphor in English literature.\n\n\u2022 Psychologist Julian Jaynes developed an extended theory of metaphors using terms like metaphrand and metaphier, arguing that metaphors can create entirely new ideas and \""literally create new objects\"" in our understanding.\n\n\u2022 The metaphor category includes several specialized types such as allegory (extended metaphors that tell stories), parable (metaphorical anecdotes with moral lessons), and catachresis (mixed metaphors).""",50,26-50
49,163,What is the specific focus of this list in terms of governmental system changes?,All types of governmental system changes throughout history,Transitions from republics to monarchies only,"Transitions from monarchies to republics, making it a subset of broader governmental system changes",Only transitions that occurred during wartime periods,C,without_facts,,250,201-350
50,4265,What is the etymological origin of the word 'document' and what does it mean?,Greek 'dokumentos' meaning 'written record',Latin 'documentum' meaning 'teaching' or 'lesson',French 'documenter' meaning 'to prove',Germanic 'dokument' meaning 'official paper',B,with_facts,"""\u2022 A document is a written, drawn, presented, or memorialized representation of thought, with the word deriving from the Latin \""documentum\"" meaning \""teaching\"" or \""lesson\""\n\n\u2022 In the Computer Age, \""document\"" typically refers to a primarily textual computer file that includes structural and format elements like fonts, colors, and images\n\n\u2022 Documents are distinguished from \""realia\"" (three-dimensional objects) because documents are usually considered two-dimensional representations\n\n\u2022 The modern definition of \""document\"" has evolved beyond traditional physical forms to emphasize function over format, including anything that serves as evidence or memorializes information\n\n\u2022 Documents can be structured (like forms or charts), semi-structured (like books or newspaper articles), or unstructured (like handwritten notes)\n\n\u2022 Documents are used across numerous fields including academia, media, administration/law/politics, business, and geography/planning\n\n\u2022 Traditional document media included papyrus, parchment, stone tablets, and clay tablets, while contemporary documents use electronic means like computer monitors, e-readers, and digital formats like PDF\n\n\u2022 The concept of documentation is distinct from individual documents because it encompasses broader denotations and applications""",10,6-25
51,5348,Which classification system is used for quadratic forms based on the number of variables?,"Primary, secondary, tertiary","Linear, quadratic, cubic","Unary, binary, ternary","Simple, compound, complex",C,without_facts,,200,101-200
52,3581,Which notable musician died in 2023 according to the timeline?,Taylor Hawkins,Quincy Jones,Tina Turner,Ozzy Osbourne,C,with_facts,"""\u2022 This Wikipedia page serves as an index for individual \""year in music\"" pages, organizing musical events chronologically from ancient times through the 2020s\n\n\u2022 The timeline covers an extensive historical span, from ancient music and early history through specific decades, with detailed breakdowns by individual years in recent periods\n\n\u2022 Recent years (2022-2025) document significant deaths of notable musicians, including major figures like Taylor Hawkins (2022), Tina Turner (2023), Quincy Jones (2024), and Ozzy Osbourne (2025)\n\n\u2022 The page tracks notable album releases for each year, featuring diverse artists across genres, from mainstream pop (Taylor Swift, Beyonc\u00e9) to metal (Metallica, Kreator) to experimental acts (100 gecs, King Gizzard & the Lizard Wizard)\n\n\u2022 The timeline includes regional music coverage, with specific pages dedicated to music from different countries and regions including American, British, Canadian, Japanese, Philippine, Scandinavian, South Korean, African, and Asian music\n\n\u2022 The format provides both obituaries and discography information, making it a comprehensive reference for tracking both the loss of musical talent and the creation of new works\n\n\u2022 The page demonstrates the global nature of contemporary music by including artists and releases from multiple countries and musical traditions""",100,51-100
53,2333,Which approximation formula would be most appropriate for calculating water vapor pressure at 80°C?,"Tetens equations, as they work well for all temperatures","Buck's equation, as it is more accurate at higher temperatures",Lowe's polynomial equations are unnecessary for this temperature,Any formula works equally well at this temperature,B,without_facts,,100,51-100
54,4539,Which of the following applications is NOT mentioned as a use for micrographs in revealing material information?,Failure analysis and grain size estimation,Material behavior and phases in systems,Elemental analysis and microstructure details,Temperature resistance and electrical conductivity,D,with_facts,"""\u2022 A micrograph is a magnified image captured through a microscope, either photographically or digitally, as opposed to a macrograph which shows only slight magnification (less than 10 times).\n\n\u2022 There are two main types of micrographs: photomicrographs (taken with optical/light microscopes) and electron micrographs (taken with electron microscopes).\n\n\u2022 Micrographs provide extensive details about microstructure and can reveal information about material behavior, phases in systems, failure analysis, grain size estimation, and elemental analysis.\n\n\u2022 Scientific photomicroscopy began in England in 1850 when Richard Hill Norris used it to study blood cells, marking the beginning of systematic scientific application.\n\n\u2022 Micrographs should ideally include micron bars (scale bars of known length) rather than just magnification ratios, since magnification can be misleading as it depends on the final printed picture size.\n\n\u2022 The microscope has been used for artistic purposes since its invention in the 17th century, with modern art competitions like Nikon Small World and Olympus Bioscapes showcasing microscopic imagery for aesthetic enjoyment.\n\n\u2022 Smartphone photomicrography became possible through free-hand techniques described in 2009, later enhanced by commercial and homemade adapters that allow phones to capture images through microscope eyepieces.\n\n\u2022 Roman Vishniac was a pioneer in photomicroscopy, specializing in photographing living creatures in motion and developing techniques in light-interruption photography and color photomicroscopy.""",10,6-25
55,3554,What is the current scholarly consensus about the authorship of the three Armada Portrait versions?,"They were all painted by George Gower, Elizabeth's Serjeant Painter",They were created by Italian artists working in England,They are attributed to unknown English artists working in separate workshops,They were painted by a single anonymous master and his apprentices,C,without_facts,,750,601-1000
56,5461,What term describes the practice of organizing list items from best to worst?,Categorizing,Indexing,Ranking,Prioritizing,C,with_facts,"""\u2022 A list is a collection of discrete items of information organized for utility, entertainment, or other purposes, and can exist mentally, on paper, or electronically.\n\n\u2022 Lists primarily serve as tools to help organize overwhelming information in an era of overstimulation, with users typically looking up specific information rather than reading the entire list.\n\n\u2022 Lists can be created for practical purposes (like shopping lists) or entertainment (like \""best of\"" music lists), with entertainment lists often based on subjective opinions or expert surveys.\n\n\u2022 The practice of ordering lists to evaluate items from best to worst is called ranking, with \""top 10\"" or \""top 100\"" lists having significant psychological impact due to round numbers.\n\n\u2022 Lists can be organized by various principles including priority, proximity for efficiency, or may have no particular organizational structure at all.\n\n\u2022 Common everyday lists include shopping lists, to-do lists, checklists, rosters, and wish lists, each serving specific practical functions.\n\n\u2022 Specialized lists exist for specific purposes, such as tables of contents, indexes, track lists for albums, set lists for concerts, and word lists for language learning.\n\n\u2022 Items on lists are typically formatted using bullet points or numbering schemes to clearly delineate each entry.""",500,351-600
57,2808,Which organization developed a prototype Java processor for DSD?,World Wide Web Consortium (W3C),Oracle Corporation,BRICS (Basic Research in Computer Science),Apache Software Foundation,C,without_facts,,200,101-200
58,3890,What event is considered to mark the beginning of modern Egyptology?,The discovery of Tutankhamun's tomb in 1922,Napoleon's invasion of Egypt in the late 18th century,Prince Khaemweset's restoration work in the 13th century BC,The introduction of geophysical methods in the 20th century,B,with_facts,"""\u2022 **Egyptology is the scientific study of ancient Egypt**, encompassing artifacts, writing, history, language, literature, religion, architecture, culture and art from the 5th millennium BC until the 4th century AD.\n\n\u2022 **Modern Egyptology began with Napoleon's invasion of Egypt in the late 18th century** and the subsequent discovery of the Rosetta Stone in 1799.\n\n\u2022 **Jean-Fran\u00e7ois Champollion deciphered Egyptian hieroglyphs in 1822**, marking the true beginning of modern Egyptological study and enabling scholars to read ancient Egyptian texts.\n\n\u2022 **Prince Khaemweset, son of Ramesses II, is considered the first Egyptologist** for his work in the 13th century BC identifying and restoring historic buildings, tombs, temples, and pyramids.\n\n\u2022 **Medieval Islamic scholars played a crucial role in preserving Egyptian knowledge**, making attempts to translate Ancient Egyptian texts into Arabic and writing detailed descriptions of monuments.\n\n\u2022 **Flinders Petrie introduced modern archaeological techniques** to Egyptology, including systematic field preservation, recording, and excavation methods.\n\n\u2022 **Howard Carter's 1922 discovery of Tutankhamun's tomb** brought widespread public attention to Egyptology and significantly advanced understanding of Egyptian burial practices and artifacts.\n\n\u2022 **Contemporary Egyptology uses modern technology** including geophysical methods and advanced sensing techniques, with excavation permits controlled by Egypt's Ministry of State for Antiquities.""",350,201-350
59,2431,At what temperature does oxygen transition from liquid to solid at standard atmospheric pressure?,Below 23.8 K,Below 96 K,Below 54.36 K,Below 100 K,C,without_facts,,1,1-5
60,2856,Which of the following is NOT mentioned as one of the three main mapping/ranking systems incorporated in the article?,Freedom of the Press Report,Press Freedom Index,Internet censorship and surveillance data,Global Democracy Index,D,with_facts,"""Based on the provided Wikipedia article content, here are the key facts about \""Censorship by country\"":\n\n\u2022 The article compiles information on censorship, Internet censorship, freedom of the press, freedom of speech, and human rights organized by country in a sortable table format\n\n\u2022 Coverage extends beyond just sovereign nations to include former countries, disputed territories, political sub-units within countries, and regional organizations\n\n\u2022 The article incorporates three main mapping/ranking systems: Freedom of the Press Report, Press Freedom Index, and Internet censorship and surveillance data\n\n\u2022 Source material includes public domain content from the U.S. Department of State's Bureau of Democracy, Human Rights, and Labor, specifically their \""Country Reports on Human Rights Practices\""\n\n\u2022 Additional licensed content is sourced from the OpenNet Initiative under Creative Commons Attribution 3.0 Unported license, including their Country Profiles, Regional Overviews, and Filtering Maps sections\n\n\u2022 The article serves as a comprehensive reference tool that links to more detailed articles about specific countries' censorship practices\n\nNote: The provided article content appears to be primarily structural/organizational information rather than substantive content about actual censorship practices in specific countries.""",50,26-50
61,4125,What is the primary function of the Metadata Server (mds daemon) in Spotlight?,To provide network connectivity for searching other Macs,To maintain indices of filesystem metadata,To create Spotlight Importer plug-ins for custom file formats,To generate live file previews through Quick Look,B,without_facts,,500,351-600
62,213,What was the code name of the final wartime Allied conference?,OCTAGON,TERMINAL,SEXTANT,FINALE,B,with_facts,"""\u2022 Allied World War II conferences brought together leaders from the United States, United Kingdom, and Soviet Union to coordinate military strategy and post-war planning.\n\n\u2022 Only three conferences featured all three major Allied leaders (US, UK, and USSR) present simultaneously, as indicated by boldface names in the original list.\n\n\u2022 Churchill attended the most conferences with 16.5 meetings, followed by Roosevelt with 12, Stalin with 7, Truman with 1, and Attlee with 0.5 meetings.\n\n\u2022 Major wartime conferences used code names with numeric prefixes corresponding to their sequence: TRIDENT (3rd), QUADRANT (4th), SEXTANT (6th), and OCTAGON (8th).\n\n\u2022 The final wartime conference was code-named TERMINAL, marking the end of the series of Allied strategic meetings.\n\n\u2022 The Anglo-French Supreme War Council operated separately from September 1939 until June 1940, before the broader Allied conference system developed.\n\n\u2022 These conferences were part of the broader diplomatic history of World War II and the Grand Alliance between the major Allied powers.""",250,201-350
63,766,How did initial consonant mutations originally develop in the transition from Primitive Irish to Old Irish?,They were deliberately created by scribes to simplify writing,They developed from borrowing grammatical features from Latin,They originated as sandhi effects that became grammaticalized when final syllables were lost,They were introduced by Viking settlers during the medieval period,C,without_facts,,150,101-200
64,1685,What is the primary reason Chopta offers the best panoramic views of Himalayan peaks during winter months?,The snow reflects light making peaks more visible,The skies are clear during winter,The elevation is higher in winter,There are fewer tourists blocking the views,B,with_facts,"""\u2022 Chopta is a small region of meadows and evergreen forest located in Uttarakhand state, India, situated at an elevation of 2,709 metres (8,888 ft) above sea level and part of Kedarnath wildlife sanctuary.\n\n\u2022 It serves as a base for trekking to Tungnath temple (3.5 km away), the third temple of Panch Kedar, and Chandrashila summit (1.5 km from Tungnath), which rises to over 4,000 metres (13,000 ft).\n\n\u2022 The region offers panoramic views of major Himalayan peaks including Trishul, Nanda Devi, Chaukhamba, and 41 other Himalayan peaks, with the best visibility during winter months when skies are clear.\n\n\u2022 Chopta is located 162 kilometres from Rishikesh, 45 km from Ukhimath, and approximately 450 kilometres from Delhi, accessible via roads connecting Gopeshwar with Guptkashi.\n\n\u2022 The area experiences heavy snowfall from November to March with temperatures ranging from -15\u00b0C to 15\u00b0C, creating 4-7 feet thick snow layers by January, while summers (March-May) are pleasant with temperatures between 10\u00b0C-30\u00b0C.\n\n\u2022 The region is rich in biodiversity, surrounded by forests of pine, deodar, and rhododendron, and home to rare species including monal birds, musk deer, and pika mice, making it popular among birdwatchers.\n\n\u2022 Popular activities include trekking, camping, snow skiing, rock climbing, and photography, with the complete Chopta-Tungnath-Chandrashila trek typically taking 3-5 days starting from Kund.\n\n\u2022 Key attractions include Tungnath temple at 3,680m elevation, Chandrashila peak at 4,090m, Deoria Tal lake at 2,350m, and dense forests within the Kedarnath Wildlife Sanctuary.""",500,351-600
65,2976,Under what pseudonym was Federalist No. 74 published?,Brutus,Cato,Publius,Federalist,C,without_facts,,100,51-100
66,1778,Why are transition metal compounds often colored while simple inorganic compounds like sodium chloride are typically colorless?,Transition metals have higher atomic masses,Transition metals can undergo electron transitions between d-orbitals,Transition metals always form ionic compounds,Transition metals absorb only infrared radiation,B,with_facts,"""\u2022 The color of chemicals comes from the excitation of electrons due to energy absorption, and the study of this phenomenon is called spectroscopy.\n\n\u2022 Visible light spans wavelengths of approximately 380-760 nm, and color perception is governed by three types of color receptors in the human eye that are sensitive to different wavelength ranges.\n\n\u2022 The energy-wavelength relationship follows the Planck-Einstein relation: E = hf = hc/\u03bb, where energy is inversely proportional to wavelength.\n\n\u2022 What we see is the complementary color, not the absorbed color - when certain wavelengths are absorbed by matter, the remaining visible wavelengths create the observed color.\n\n\u2022 Most simple inorganic compounds (like sodium chloride) and organic compounds (like ethanol) are colorless, while transition metal compounds are often colored due to electron transitions between d-orbitals.\n\n\u2022 Organic compounds become colored when there is extensive conjugation, which decreases the energy gap between HOMO and LUMO orbitals, shifting absorption from UV to visible range.\n\n\u2022 The same element can display different colors depending on its chemical state and what it's complexed with - for example, vanadium(III) appears reddish in VCl\u2083 but black in V\u2082O\u2083.\n\n\u2022 Some compounds change color based on environmental conditions, such as cobalt chloride which is blue when dry but pink when hydrated, making it useful as a moisture indicator.""",100,51-100
67,2586,What property of carbon atoms enables the formation of long macromolecules and polymers?,Their ability to form ionic bonds,Their large atomic size,Their ability to bond to other carbon atoms through catenation,Their tendency to lose electrons easily,C,without_facts,,200,101-200
68,505,What made the collision between USS Grayling and K-407 Novomoskovsk unavoidable despite evasive maneuvers?,The Russian submarine suddenly changed course without warning,USS Grayling's sonar equipment malfunctioned during the approach,USS Grayling lost contact with the target and reacquired it at only half a mile distance,Severe weather conditions prevented proper navigation,C,with_facts,"""\u2022 On March 20, 1993, the US Navy nuclear attack submarine USS Grayling collided with the Russian Navy nuclear ballistic missile submarine K-407 Novomoskovsk approximately 150 km north of the Russian naval base of Severomorsk.\n\n\u2022 The collision occurred when USS Grayling, which was trailing the Russian submarine, lost contact and then reacquired the target at only half a mile distance, making the collision unavoidable despite evasive maneuvers.\n\n\u2022 This was the second US-Russian submarine collision in just over a year, following the February 11, 1992 collision between USS Baton Rouge and Russian submarine B-276 Kostroma in the same area.\n\n\u2022 The incident happened just one week before the first summit meeting between US President Bill Clinton and Russian President Boris Yeltsin, creating significant diplomatic tensions.\n\n\u2022 The US Navy was conducting ongoing submarine surveillance operations known as \""Operation Holy Stone\"" and \""Operation Pinnacle\"" to monitor Russian nuclear submarine activities, despite the end of the Cold War.\n\n\u2022 Both submarines sustained only minor damage - Novomoskovsk suffered a large scratch on her starboard bow, while Grayling also had minor damage, and both vessels returned to service.\n\n\u2022 President Clinton promised to review both the incident and the broader surveillance policies, though after briefings the submarine operations continued at a reduced pace with improved procedures and training.\n\n\u2022 The collision occurred in shallow Barents Sea waters where breaking waves create background sonar interference, limiting detection range to just a few hundred meters when submarines approach head-on.""",750,601-1000
69,216,How many nations can players control across all campaigns in Cold War Conflicts?,Six nations,Seven nations,Eight nations,Nine nations,C,without_facts,,200,101-200
70,3808,What was the outcome when the King family pursued legal action regarding conspiracy theories about the assassination?,They lost the case and conspiracy theories were debunked,They won a symbolic civil lawsuit but the Department of Justice disputed their claims,The case was dismissed due to lack of evidence,James Earl Ray was given an additional sentence,B,with_facts,"""\u2022 Martin Luther King Jr. was assassinated on April 4, 1968, at 6:01 p.m. at the Lorraine Motel in Memphis, Tennessee, and pronounced dead at 7:05 p.m. at age 39.\n\n\u2022 James Earl Ray, an escaped convict, was arrested on June 8, 1968, at London's Heathrow Airport and pleaded guilty on March 10, 1969, receiving a 99-year prison sentence.\n\n\u2022 King was in Memphis to support striking African-American sanitation workers who were paid only $1 per hour and faced poor working conditions under Mayor Henry Loeb.\n\n\u2022 On April 3, 1968, the night before his assassination, King delivered his famous \""I've Been to the Mountaintop\"" speech at Mason Temple, which proved to be his final speech.\n\n\u2022 The King family believes the assassination was part of a conspiracy involving the U.S. government, mafia, and Memphis police, and in 1999 won a symbolic civil lawsuit against Loyd Jowers for $100.\n\n\u2022 The U.S. Department of Justice disputed the conspiracy allegations in 2000, citing lack of evidence to support the claims made during the civil trial.\n\n\u2022 King's assassination was one of four major political assassinations in 1960s America, following JFK (1963) and Malcolm X (1965), and preceding Robert F. Kennedy (June 1968).\n\n\u2022 King had received death threats since the mid-1950s due to his civil rights activism and had survived a near-fatal stabbing in 1958.""",1,1-5
71,4555,What distinguishes pinnipeds from other marine mammal groups like cetaceans and sirenians?,They are much older evolutionarily,They can still return to land to breed,They have more living species,They evolved from different carnivoran ancestors,B,without_facts,,500,351-600
72,4627,What characteristic of the main earthquake's depth and duration contributed to the severity of damage?,Deep focus at 25 km lasting 20 seconds,Moderate depth at 15 km lasting 30 seconds,Shallow depth at 7.2 km lasting 50 seconds,Very shallow depth at 2 km lasting 90 seconds,C,with_facts,"""\u2022 The 2011 Van earthquakes consisted of two major events: a magnitude 7.1-7.2 earthquake on October 23, 2011, and a second earthquake on November 9, 2011, both occurring in eastern Turkey near Van city.\n\n\u2022 The October 23 earthquake killed 604 people and injured 4,152, while the November 9 earthquake killed an additional 38 people and injured 260.\n\n\u2022 The main earthquake occurred at a shallow depth of 7.2 kilometers, producing severe shaking (Mercalli intensity VIII) and lasting approximately 50 seconds.\n\n\u2022 Over 11,000 buildings sustained damage, with 6,017 deemed uninhabitable, leaving approximately 60,000 people homeless across 8,321 households.\n\n\u2022 The earthquake was caused by oblique thrust faulting along the Bitlis-Zagros fault zone, resulting from continental collision between the Arabian and Eurasian plates.\n\n\u2022 Erci\u015f town was the hardest hit area with at least 55 destroyed buildings, while Van city center saw 970 building collapses and about 100 confirmed deaths.\n\n\u2022 The earthquake generated over 1,500 aftershocks above magnitude 2.0 within the first week, with more than 9,000 aftershocks recorded in the first five months.\n\n\u2022 The Turkish government deployed over 3,800 search and rescue officers, 900+ medical personnel, and allocated approximately $12 million USD in emergency relief and charity funds for the disaster response.""",25,6-25
73,4656,"According to seismic tomography evidence from 1997 and 2005 studies, what supports the whole-mantle convection model?",The absence of any slab material below 660 km depth,Uniform temperature distribution throughout the mantle,Cool slab material detected near the core-mantle boundary,Complete mixing of all mantle materials at all depths,C,without_facts,,250,201-350
74,4514,What does the 1-in-a-million probability of impact around 4479 CE suggest about our ability to predict comet orbits?,Comet orbits can be predicted with perfect accuracy indefinitely,Small uncertainties in orbital calculations compound over very long time periods,The comet will definitely impact Earth in 4479 CE,Gravitational forces become weaker over thousands of years,B,with_facts,"""\u2022 **Comet Swift\u2013Tuttle (109P/Swift\u2013Tuttle) is a large periodic comet with a 133-year orbital period** that was independently discovered by Lewis Swift and Horace Parnell Tuttle in July 1862.\n\n\u2022 **The comet has a nucleus 26 km (16 miles) in diameter** and is the parent body of the famous Perseid meteor shower.\n\n\u2022 **It is in a rare 1:11 orbital resonance with Jupiter**, completing one orbit for every 11 Jupiter orbits, making it the first retrograde comet found in such a resonance.\n\n\u2022 **The comet last appeared in 1992 and will return in 2126**, when it is expected to be a bright naked-eye comet reaching apparent magnitude 0.7.\n\n\u2022 **Swift\u2013Tuttle has been observed throughout history**, with Chinese records showing it reached magnitude 0.1 in 188 CE and was likely visible in 69 BCE and 322 BCE.\n\n\u2022 **It is considered \""the single most dangerous object known to humanity\""** due to its large size and orbit that repeatedly brings it close to Earth, with the closest approach predicted for 3044 CE at 0.011 AU.\n\n\u2022 **The comet poses no immediate threat**, with calculations showing no risk of Earth impact for the next 2,000 years, though there is a 1-in-a-million probability of impact around 4479 CE.\n\n\u2022 **An Earth impact would be catastrophic**, with an estimated energy 27 times greater than the asteroid that caused the Cretaceous-Paleogene extinction event due to its 60 km/s relative velocity.""",200,101-200
75,5224,"If a rotation vector has length θ, which other rotation vector lengths would represent the exact same rotation?",Only θ and -θ,θ + 2πM where M is any integer,"θ/2, θ, and 2θ only",Any vector with length less than 2π,B,without_facts,,150,101-200
76,4744,What makes the bird fossil evidence from the Prince Creek Formation particularly significant?,It represents the largest flying birds ever discovered,It shows the first evidence of flightless birds,It provides the oldest evidence of birds nesting at polar latitudes,It proves birds lived only in tropical climates during the Cretaceous,C,with_facts,"""\u2022 The Prince Creek Formation is located in Alaska and contains strata dating from the Late Cretaceous (Campanian and Maastrichtian stages) to the Paleocene (Danian and Selandian stages).\n\n\u2022 Dinosaur remains and other vertebrate fossils have been recovered from the formation, including tyrannosaurid teeth and the oldest evidence of birds nesting at polar latitudes.\n\n\u2022 During deposition, the formation was located at approximately 80\u00b0N latitude in the Arctic Circle and would have experienced 120 days of winter darkness annually.\n\n\u2022 The paleoenvironment consisted of tidally influenced meandering rivers, lakes, ponds, and mires with a boreal forest ecosystem featuring trees up to 20cm in diameter and canopy heights of 5-6 meters.\n\n\u2022 The climate during deposition involved global cooling with mean annual temperatures estimated at 12-15\u00b0C, frequent temperature drops to 6-10\u00b0C during growing seasons, and variable precipitation ranging from 350-3900mm/yr.\n\n\u2022 Some deposits contain large gravel clasts up to 1.2 meters in diameter with faceted surfaces characteristic of glacial transportation, indicating ice transport processes.\n\n\u2022 The formation preserves evidence of frequent forest fires through charcoal deposits, similar to modern boreal forest environments.\n\n\u2022 Recent radiometric dating indicates the fossiliferous beds near Ocean Point are late Campanian in age rather than the previously suggested early Maastrichtian age.""",350,201-350
77,3123,How did the Dutch government ultimately handle the referendum results?,They immediately withdrew from the Association Agreement,They ignored the results and ratified the original agreement unchanged,They secured additional agreements to address concerns before ratifying,They called for a second referendum with different terms,C,without_facts,,150,101-200
78,803,"Beyond serving as cell markers, CD molecules have diverse physiological functions. Which of the following is NOT mentioned as one of these functions?",Acting as receptors and ligands,Mediating cell adhesion,Functioning as growth factor receptors,Producing antibodies,D,with_facts,"""\u2022 **CD (Cluster of Differentiation) is a protocol used to identify and investigate cell surface molecules**, serving as targets for immunophenotyping of cells.\n\n\u2022 **The CD nomenclature system was established in 1982** at the 1st International Workshop and Conference on Human Leukocyte Differentiation Antigens in Paris.\n\n\u2022 **As of 2016, CD molecules for humans are numbered up to 371**, with more than 370 unique clusters and subclusters identified.\n\n\u2022 **A surface molecule receives a CD number only after two specific monoclonal antibodies are shown to bind to it**; molecules with insufficient characterization receive a provisional \""w\"" designation (e.g., CDw186).\n\n\u2022 **CD molecules have diverse physiological functions beyond serving as markers**, including acting as receptors, ligands, growth factor receptors, and mediating cell adhesion and signaling cascades.\n\n\u2022 **Cell populations are defined using \""+\"" or \""\u2212\"" symbols** to indicate presence or absence of CD molecules (e.g., \""CD34+, CD31\u2212\"" typically indicates stem cells).\n\n\u2022 **CD4 and CD8 are commonly used markers** that generally identify helper and cytotoxic T cells respectively, and are monitored to track HIV infection progression.\n\n\u2022 **CD molecules are essential tools in immunophenotyping and cell sorting**, including flow cytometry, allowing precise definition of cell types within the immune system.""",100,51-100
79,2475,What happens to Unicode character names starting from version 2.0 when they are found to be misspelled or misleading?,The names are immediately changed and updated in all systems,The names are deleted and the characters are reassigned new code points,"The names never change, but formal Character Name Aliases are assigned",The names are marked as deprecated but remain unchanged,C,without_facts,,500,351-600
80,2737,For what achievement was François Auguste Victor Grignard awarded the 1912 Nobel Prize in Chemistry?,Developing the theory of organometallic bonding,Discovering the catalytic properties of magnesium compounds,Discovering the Grignard reaction in 1900,Creating the first synthetic pathway to alcohols,C,with_facts,"""\u2022 The Grignard reaction is an organometallic chemical reaction where carbon-magnesium halides (Grignard reagents) are added to carbonyl groups of aldehydes or ketones under anhydrous conditions to form carbon-carbon bonds.\n\n\u2022 The reaction was discovered by French chemist Fran\u00e7ois Auguste Victor Grignard in 1900, for which he was awarded the 1912 Nobel Prize in Chemistry.\n\n\u2022 The reaction mechanism involves the carbon attached to magnesium acting as a nucleophile that attacks the electrophilic carbon in the carbonyl group, typically proceeding through a six-membered ring transition state.\n\n\u2022 Anhydrous (water-free) conditions are absolutely essential because water causes the Grignard reagent to act as a base rather than a nucleophile, preventing formation of the desired product.\n\n\u2022 The classical definition refers specifically to reactions with aldehydes and ketones to form alcohols, but modern interpretations extend the scope to include reactions with various electrophilic substrates.\n\n\u2022 Variants like Turbo-Grignards (modified with lithium chloride) offer improved chemoselectivity and don't react with esters, amides, and nitriles unlike conventional Grignard reagents.\n\n\u2022 The reaction can be modified with other metals such as copper(I) salts for organocuprates or cerium trichloride to control reaction selectivity and outcomes.""",50,26-50
81,3190,What was the primary factor that brought the Abu Ghraib scandal to public attention in April 2004?,A leaked government report detailing the abuses,CBS News published photographs of the abuses,Testimony from former detainees at congressional hearings,An investigation by the International Committee of the Red Cross,B,without_facts,,250,201-350
82,1493,What major problem required intervention by Muhammad Sa'id Pasha within twenty years of the canal's completion?,The canal was damaged by earthquakes,Pirates were attacking ships using the canal,The canal filled with sand and became nearly impassable,The locks were destroyed by flooding,C,with_facts,"""\u2022 The Mahmudiyya Canal is a 45-mile-long (72 km) waterway connecting the Nile River to Alexandria and the Mediterranean Sea, built to supply Alexandria with food and fresh water.\n\n\u2022 Construction was ordered by Viceroy Mohamed Ali on May 8, 1817, and completed in January 1820, with the canal named after Ottoman Sultan Mahmud II.\n\n\u2022 The canal was built on the site of earlier waterways dating back to Ptolemy I, though previous canals had been covered by sand over the centuries before being re-established.\n\n\u2022 During construction, workers discovered ancient houses buried in sand containing old boxes, some of which were sent to Mohamed Ali with unknown contents.\n\n\u2022 Work was temporarily halted in April 1819 due to a plague outbreak before resuming and completing in 1820.\n\n\u2022 Within twenty years of completion, the canal filled with sand and became nearly impassable until Muhammad Sa'id Pasha ordered it cleared and made navigable again.\n\n\u2022 In the 1850s, a steam-tug company was formed to operate on the canal, with directors including Jules Pastr\u00e9 and other prominent figures, and was tasked with upgrading locks and maintaining the waterway.\n\n\u2022 The canal unfortunately became notorious as a location where criminals disposed of murder victims, with documented cases reported in 1904 and 1906.""",10,6-25
83,2183,A food label states that a snack contains 200 kilocalories. How many joules of energy does this represent?,836.8 J,"8,368 J","83,680 J","836,800 J",D,without_facts,,500,351-600
84,476,"What process was responsible for forming the Moon's distinct layered structure of crust, mantle, and core?",Volcanic activity over billions of years,Impact cratering and debris accumulation,Fractional crystallization of a magma ocean about 4.5 billion years ago,Gradual cooling and compression from solar radiation,C,with_facts,"""\u2022 The Moon has a mean density of 3,346.4 kg/m\u00b3 and consists of three distinct layers: a geochemically distinct crust, mantle, and planetary core formed through fractional crystallization of a magma ocean about 4.5 billion years ago.\n\n\u2022 The lunar crust is primarily anorthositic in composition, averaging about 50 km thick, and is composed mainly of oxygen, silicon, magnesium, iron, calcium, and aluminum with trace elements including titanium, uranium, and thorium.\n\n\u2022 The Moon's mantle is composed predominantly of olivine, orthopyroxene, and clinopyroxene minerals, and is more iron-rich than Earth's mantle, with partial melting producing the mare basalts visible on the lunar surface.\n\n\u2022 Deep moonquakes occur about 1,000 km below the surface with monthly periodicities related to tidal stresses from the Moon's eccentric orbit around Earth.\n\n\u2022 The lunar core is unusually small with a radius of about 330-381 km (only 20% of the Moon's diameter, compared to 50% for most terrestrial bodies) and is composed of metallic iron alloy with small amounts of sulfur and nickel.\n\n\u2022 The core has both solid and liquid components: a solid inner core of pure iron (radius ~240 km) surrounded by a partially molten outer core, with about 40% of the total core volume having solidified.\n\n\u2022 Core temperatures are estimated at 1600-1700 K (1330-1430\u00b0C), and the liquid outer core has a density of about 5 g/cm\u00b3 and may contain up to 6% sulfur by weight.\n\n\u2022 The core is surrounded by a partially melted lower mantle layer (10-30% molten) with a radius of about 480 km, indicating the Moon's internal structure is more complex than previously thought.""",200,101-200
85,236,Which pair of textile innovations were both crucial to the early Industrial Revolution?,The spinning jenny and the power loom,The cotton gin and the spinning wheel,The spinning jenny and the spinning mule,The water frame and the steam loom,C,without_facts,,1,1-5
86,2177,"In medical applications, indium-111 is particularly valuable because it:",Has the longest half-life of all indium isotopes,Is completely stable and non-radioactive,Has a half-life suitable for imaging procedures and can be used as a radiotracer,Can only bind to cancerous cells,C,with_facts,"""\u2022 Indium has two primordial nuclides, with the most abundant isotope (115In) comprising 95.7% of naturally occurring indium but being weakly radioactive with a half-life of 4.41\u00d710\u00b9\u2074 years.\n\n\u2022 The stable isotope 113In makes up only 4.3% of naturally occurring indium, making indium one of only three elements (along with tellurium and rhenium) where stable isotopes are less abundant than long-lived radioactive ones.\n\n\u2022 Indium-111 is the longest-lived radioisotope after 115In, with a half-life of 2.8048 days, while all other radioisotopes have half-lives of less than 5 hours.\n\n\u2022 Indium has 47 nuclear isomers, with the longest-lived being 114m1In having a half-life of 49.51 days.\n\n\u2022 Indium-111 has important medical applications as a radiotracer in nuclear imaging, including gamma camera localization of protein radiopharmaceuticals and white blood cell scans to detect hidden infections.\n\n\u2022 Indium-111 is specifically used in Octreoscan procedures, where In-111-labeled octreotide binds to receptors on certain endocrine tumors for diagnostic imaging.\n\n\u2022 Several proton-rich isotopes of indium have been utilized in nuclear physics research to help measure the mass of the doubly-magic isotope tin-100.""",250,201-350
87,2987,"According to the facts, what requirement exists for altering provincial boundaries under Section 3?",Approval from the British Parliament,Consent of the affected province's legislature,Unanimous consent from all provinces,Approval from the Supreme Court of Canada,B,without_facts,,200,101-200
88,2593,"Based on the historical development of HDS, what can be concluded about the relationship between scientific discovery and commercial implementation?",Commercial HDS was implemented immediately after Sabatier's 1897 discovery,There was approximately a 60-year gap between the scientific foundation and widespread commercial use,The commercial process was developed independently of Sabatier's work,Scientific understanding followed commercial implementation by several decades,B,with_facts,"""\u2022 **Hydrodesulfurization (HDS) is a catalytic chemical process used to remove sulfur from natural gas and refined petroleum products** like gasoline, jet fuel, diesel, and fuel oils to reduce harmful sulfur dioxide emissions when these fuels are burned.\n\n\u2022 **Sulfur removal is critical for protecting catalysts in petroleum refineries**, as even extremely low sulfur concentrations poison the noble metal catalysts (platinum and rhenium) used in catalytic reforming units that upgrade octane ratings.\n\n\u2022 **HDS is the most common processing unit in modern refineries**, with more than 1,600 active hydrotreating units across over 600 refineries globally, having a combined capacity exceeding 400 million barrels per day.\n\n\u2022 **The process produces hydrogen sulfide gas as a byproduct, which is captured and converted into elemental sulfur or sulfuric acid** - in fact, the vast majority of the 64 million metric tons of sulfur produced worldwide in 2005 came from refineries and hydrocarbon processing plants.\n\n\u2022 **The scientific foundation for HDS was established by French chemist Paul Sabatier in 1897**, who discovered that finely divided nickel could catalyze the addition of hydrogen to hydrocarbon double bonds.\n\n\u2022 **Commercial HDS processes were first implemented in the mid-1950s** alongside the development of noble metal catalytic reforming processes, and virtually all petroleum refineries worldwide now have one or more HDS units.\n\n\u2022 **HDS is a hydrogenolysis reaction that breaks carbon-sulfur bonds**, where hydrogen is added to sulfur-containing compounds, producing clean hydrocarbons and hydrogen sulfide gas as products.""",350,201-350
89,4008,How did Galileo improve upon previous definitions of uniform motion?,He provided experimental proof through pendulum observations,He used mathematical quantifiers to define it as motion that covers equal distance over any equal periods of time,He demonstrated it could only occur in a vacuum,He showed it was impossible in the real world due to friction,B,without_facts,,10,6-25
90,4337,Which railroad purchased H6sb locomotives second-hand and what did they call them?,"Baltimore and Ohio Railroad, designated as E-24 class","South Manchuria Railway, nicknamed 'Pensori'","American Locomotive Company, classified as I-4","Railroad Museum of Pennsylvania, preserved as historic units",B,with_facts,"""\u2022 The Pennsylvania Railroad's H6 class were 2-8-0 \""Consolidation\"" freight locomotives, representing the most numerous class on the railroad with 1,707 units total across three subclasses (H6, H6a, and H6b).\n\n\u2022 The H6 class was the second most prolific 2-8-0 class in North America, with only the USATC S160 Class having more units (88 additional locomotives).\n\n\u2022 In the 1920s, 699 H6a and H6b locomotives received significant upgrades including superheaters and cylinder size increases from 22 inches to 23 inches, leading to their reclassification as H6sa and H6sb.\n\n\u2022 These locomotives served versatile roles throughout the Pennsylvania Railroad system as mainline freight haulers, local freight engines, and yard switchers, often operating in double- and triple-header configurations on steep grades.\n\n\u2022 Around 1938, thirty H6sb locomotives were sold second-hand to the South Manchuria Railway, where they were designated as Sorisa class and nicknamed \""Pensori\"" (Pennsylvania Consolidation).\n\n\u2022 The Baltimore and Ohio Railroad purchased identical locomotives from American Locomotive Company during PRR's period of stock control, classifying them as I-4 (later E-24), though none survived to the diesel era.\n\n\u2022 PRR #2846, an H6sb built by Baldwin Locomotive Works in 1905, is preserved at the Railroad Museum of Pennsylvania and was added to the National Register of Historic Places in 1979.""",150,101-200
91,5433,What type of statistical tests commonly use ranking as a data transformation technique?,Parametric tests that assume normal distribution,Non-parametric tests including Mann-Whitney U and Kruskal-Wallis,Tests that require equal sample sizes,Only correlation tests like Pearson's coefficient,B,without_facts,,25,6-25
92,1027,What represents a major technical challenge when the same scientific name refers to completely different organisms?,Synonyms,Metadata standardization,Homonyms,Geographic distribution mapping,C,with_facts,"""\u2022 **Taxonomic databases store biological taxa information** - organized by species names or taxonomic identifiers for efficient data management and retrieval of information about groups of organisms.\n\n\u2022 **Multiple applications in biological research** - used for creating automated biological checklists (floras/faunas), operating web-based species information systems, managing biological collections in museums/herbaria, and supporting biodiversity informatics.\n\n\u2022 **Databases vary in scope and content** - range from specific groups in defined regions (like beetles) to global coverage (like all mammals), and may include scientific names, synonyms, literature citations, images, geographic distribution, DNA barcodes, and ecological data.\n\n\u2022 **Follow established nomenclature codes** - databases for plants follow the International Code of Botanical Nomenclature, while those for animals follow the International Code of Zoological Nomenclature to ensure standardized taxonomic conventions.\n\n\u2022 **Historical development spans 50+ years** - earliest computerized system developed in 1972 for Chesapeake Bay biota, leading to major projects like ITIS, Species 2000, and the Catalogue of Life partnership formed in 2001.\n\n\u2022 **Face unique technical challenges** - issues include variant name citations, homonyms (same name for different taxa), synonyms (multiple names for same taxon), changing taxonomic concepts over time, and non-standardized metadata across databases.\n\n\u2022 **Data integration is a major challenge** - rapid expansion of online databases creates difficulties in aggregating, integrating, and aligning non-standardized data across different systems, representing a key challenge in biodiversity informatics.""",1,1-5
93,464,What can be inferred about the progression of the U.S. space program based on these facts?,Apollo 11 was developed independently without previous space missions,The program focused solely on lunar missions from its inception,Apollo 11 built upon earlier Mercury and Gemini programs and overcame previous setbacks,The Space Race had little influence on the development of Apollo 11,C,without_facts,,10,6-25
94,2479,"According to the facts, what can be said about General Category values in Unicode?",They are only assigned to characters that have been officially named,They are optional properties that may or may not be assigned to code points,"They are assigned to every code point, including unassigned ones and non-characters",They are only used for characters in the Basic Multilingual Plane,C,with_facts,"""\u2022 Unicode assigns various properties to each character and code point, which are used to handle characters in processes like line-breaking and script direction, with properties described in Standard Annex #44.\n\n\u2022 Properties have four levels of forcefulness: normative, informative, contributory, or provisional, and can be assigned to continuous ranges of code points with the same property for specification simplicity.\n\n\u2022 Each Unicode character has a unique Name composed of uppercase letters A\u2013Z, digits 0\u20139, hyphen-minus and space, with specific formatting rules, while ideographic characters follow the pattern \""cjk unified ideograph-hhhh\"".\n\n\u2022 Certain Unicode categories (Controls, Private use, Surrogate, Non-characters, and Reserved) do not have Name values but use Code Point Labels like <control> or <noncharacter-hhhh> enclosed in angle brackets.\n\n\u2022 Starting from Unicode 2.0, character names never change, so formal Character Name Aliases are assigned when names are misspelled or misleading, with five types: Correction, Control, Alternate, Figment, and Abbreviation.\n\n\u2022 As of Unicode 17.0, there are 39 formal character name aliases defined as corrections for defective character names, all following the same naming rules and guaranteed to be unique.\n\n\u2022 Each code point is assigned a General Category value, which is one of the character properties defined even for unassigned code points and those marked as \""not a character\"".\n\n\u2022 Unicode 1.0 names that were changed in version 2.0 were moved to the Alias property to maintain backward compatibility while enforcing the \""names never change\"" rule going forward.""",500,351-600
95,1345,When did Laos become eligible to nominate sites for UNESCO World Heritage status?,"March 20, 1987",1995,2001,2019,A,without_facts,,500,351-600
96,1558,Why are fall and winter considered the best seasons for visiting Grand Gulf State Park?,Wildlife is more active during cooler months,The natural bridge is only accessible in winter,Reduced foliage provides better viewing opportunities,Cave tours are only available during these seasons,C,with_facts,"""\u2022 Grand Gulf State Park is a 322-acre geologic preserve near Thayer, Missouri, featuring a forked canyon formed from an ancient collapsed dolomite cave system.\n\n\u2022 The park has been operated by the Missouri Department of Natural Resources since 1984 under a lease agreement with the L-A-D Foundation, after being acquired by conservationist Leo Drey.\n\n\u2022 Grand Gulf was designated a National Natural Landmark in 1971 as an excellent example of karst topography and underground stream piracy.\n\n\u2022 The gulf is nearly 1 mile long and up to 130 feet deep, with an uncollapsed cavern roof section creating a 250-foot natural bridge\u2014one of Missouri's largest.\n\n\u2022 Water entering the cave system emerges 1-4 days later at Mammoth Spring in Arkansas, located 9 miles away, as demonstrated by dye tracing studies.\n\n\u2022 A 28-square-mile watershed feeds into the gulf, which drains into a cave entrance at its eastern end.\n\n\u2022 The park offers picnicking facilities and two viewing trails, with fall and winter being the optimal seasons for viewing due to reduced foliage.\n\n\u2022 A 60-acre portion of the park was designated as the Grand Gulf Natural Area by the state in 1986.""",100,51-100
97,2221,"According to the Hunt effect, what happens to colorfulness when brightness becomes very high?",Colorfulness continues to increase proportionally with brightness,Colorfulness decreases as brightness increases,Colorfulness stops increasing despite brighter lighting,Colorfulness becomes independent of spectral reflectance,C,without_facts,,10,6-25
98,3366,What is the primary cause of journalist deaths worldwide since 1992?,War zone accidents,Murder,Natural disasters,Disease outbreaks,B,with_facts,"""\u2022 A journalist gathers information in text, audio, or picture form, processes it into newsworthy content, and disseminates it to the public through the process called journalism.\n\n\u2022 Journalists work across various media formats (broadcast, print, advertising, public relations) and include roles such as reporters, correspondents, editors, columnists, and photojournalists.\n\n\u2022 Employment for journalists is declining, with the U.S. Department of Labor projecting a 9% decrease for reporters, correspondents, and broadcast news analysts between 2016 and 2026.\n\n\u2022 A 2012-2016 worldwide survey of 27,500 journalists showed they are predominantly male (57%), average age 38, with 56% holding college degrees and 50% working in print media.\n\n\u2022 The journalism industry faces significant challenges, with local U.S. newspapers closing at a rate of 2.5 per week as of 2023, creating over 200 \""news deserts\"" in U.S. counties.\n\n\u2022 Journalism is a dangerous profession, with 2,253 journalists killed worldwide since 1992, primarily by murder (71%), with Iraq, Philippines, and Mexico being the deadliest countries.\n\n\u2022 Press freedom remains restricted globally, with 145 journalists imprisoned worldwide as of 2010 for their journalistic activities, with Turkey, China, and Iran having the highest numbers of jailed journalists.\n\n\u2022 The COVID-19 pandemic has worsened conditions for journalists in developing countries, as governments have used the crisis to impose restrictions that would normally be impossible.""",500,351-600
99,4211,How should viewers in Central and Mountain time zones adjust the listed program times?,Add one hour to the listed times,Subtract one hour from the listed times,Add two hours to the listed times,No adjustment needed,B,without_facts,,100,51-100
100,5522,"In PCP systems, what does the soundness property require?",Correct proofs must be accepted with probability exactly 1,The verifier must read the entire proof to make a decision,Incorrect proofs must be rejected with probability greater than 1/2,The verification process must be deterministic,C,with_facts,"""\u2022 **Probabilistically checkable proofs (PCPs) are proofs that can be verified by a randomized algorithm using limited randomness and reading only a few bits of the proof**, rather than reading the entire proof like traditional verification methods.\n\n\u2022 **The PCP theorem, a major result in computational complexity theory, states that PCP[O(log n), O(1)] = NP**, meaning every NP problem has a probabilistically checkable proof that uses logarithmic randomness and constant queries.\n\n\u2022 **PCP systems have two key properties: completeness (correct proofs are accepted with high probability) and soundness (incorrect proofs are rejected with high probability greater than 1/2)**.\n\n\u2022 **The notation PCP[r(n), q(n)] represents the class of problems with probabilistically checkable proofs using at most r(n) random bits and q(n) proof queries**.\n\n\u2022 **PCPs were formally introduced by Arora and Safra in 1992, building on earlier work, with the PCP theorem proved the same year**.\n\n\u2022 **Different parameter settings of PCPs correspond to well-known complexity classes**, such as PCP[0, poly(n)] = NP and PCP[poly(n), poly(n)] = NEXP.\n\n\u2022 **PCP theory has important applications to hardness of approximation problems and cryptography**, requiring detailed understanding of completeness, soundness, and query complexity parameters.\n\n\u2022 **The verifier in a PCP system is typically non-adaptive (makes all queries before receiving answers) and runs in polynomial time**.""",200,101-200
101,2569,How many possible isotopologues can H₃⁺ form through substitution with deuterium or tritium?,3,6,10,12,C,without_facts,,10,6-25
102,2458,What was the original meaning of the Greek word 'stoicheîon' that Plato used for 'element'?,Natural force,Divine essence,Smallest division,Physical property,C,with_facts,"""\u2022 The classical elements (earth, water, fire, air, and later aether) were proposed by ancient cultures including Greece, Angola, Tibet, India, and Mali to explain the nature of all matter in terms of simpler substances.\n\n\u2022 Greek philosopher Empedocles (c. 450 BC) was the first to propose the four classical elements as a complete set, calling them the four \""roots\"" and demonstrating air as a separate substance through experimentation.\n\n\u2022 Early Pre-Socratic philosophers debated which single element was the primordial substance: Thales believed it was water, Anaximenes favored air, and Heraclitus championed fire.\n\n\u2022 Hippocrates associated the four elements with bodily humours in medical theory: yellow bile (fire), black bile (earth), blood (air), and phlegm (water), forming the basis of ancient medical care.\n\n\u2022 Aristotle systematized the elements by relating each to two sensible qualities: fire (hot and dry), air (hot and wet), water (cold and wet), and earth (cold and dry).\n\n\u2022 The classical element system persisted from pre-Socratic times through the Middle Ages and into the early modern period, deeply influencing European thought until the Scientific Revolution of the 17th century.\n\n\u2022 Modern science has replaced classical elements with atomic theory and chemical elements, though the modern states of matter (solid, liquid, gas, plasma) share some conceptual similarities with the classical earth, water, air, and fire.\n\n\u2022 Plato was the first to use the term \""element\"" (stoiche\u00eeon) in reference to the four classical elements, with the Greek word originally meaning \""smallest division\"" or basic unit.""",150,101-200
103,5494,"In optimal source coding applications, what does information content determine?",The maximum compression ratio achievable for any message,The probability that a message will be transmitted successfully,The minimum message length needed to transmit information about an event,The number of possible encoding schemes for a given alphabet,C,without_facts,,50,26-50
104,3984,What trend has been observed with moon discoveries in the 21st century?,All new discoveries have been given mythological names immediately upon discovery,The IAU has stopped approving names for newly discovered moons,There has been an explosion of discoveries with many remaining unnamed even after receiving official numbers,Only moons larger than 100 km in diameter are being officially catalogued,C,with_facts,"""\u2022 The timeline charts discoveries of Solar System planets and their natural satellites in chronological order, with objects identified by various designations and credited to their discoverers.\n\n\u2022 Naming conventions for moons have been inconsistent throughout history - some discoverers declined to name their discoveries (like S.B. Nicholson with Jupiter's satellites Lysithea and Carme) or deferred naming indefinitely (like E.E. Barnard with Amalthea).\n\n\u2022 The International Astronomical Union (IAU) began officially approving celestial body names in the late 1970s, standardizing the previously informal naming process.\n\n\u2022 Early numbering systems for planetary satellites were repeatedly adjusted to reflect distance from the parent planet, causing confusion - particularly with Saturn's moons until 1848 and Uranus's moons in the late 1700s.\n\n\u2022 The discovery of Jupiter's moon Amalthea in the 19th century marked a significant change in numbering convention - Roman numerals began reflecting order of discovery rather than distance from the parent planet.\n\n\u2022 There has been an explosion of new moon discoveries in the 21st century, leading to many remaining unnamed even after receiving official numbers, starting with Jupiter LI and Jupiter LII in 2010.\n\n\u2022 The classification of dwarf planets remains uncertain, with nine objects widely agreed upon by astronomers (corresponding to about 900-1000 km diameter threshold), though additional candidates like Salacia and Varda may qualify.\n\n\u2022 Historical conflicts over naming occurred early, such as between Galileo (who used numbers for Jupiter's four main satellites) and his rival Simon Marius (whose suggested names eventually gained universal acceptance).""",1,1-5
105,3631,What happens to the gravitational force experienced by an object located inside a hollow spherical shell?,It increases linearly with distance from the center,It decreases with the square of distance from the center,There is no net gravitational force regardless of position within the shell,It is maximum at the center and zero at the surface,C,without_facts,,50,26-50
106,2511,"Based on the hydration equilibrium constant at 25°C, what can be concluded about the relationship between dissolved CO2 and carbonic acid in aqueous solution?",Equal amounts of CO2 and H2CO3 exist in solution,More carbonic acid exists than dissolved CO2,Most carbon dioxide remains as dissolved CO2 gas rather than converting to carbonic acid,The equilibrium strongly favors carbonic acid formation,C,with_facts,"""\u2022 Carbonic acid (H2CO3) is a chemical compound that rapidly converts to water and carbon dioxide in the presence of water, with a lifetime of approximately 20 milliseconds at 37\u00b0C.\n\n\u2022 Modern research since 1990 has confirmed that H2CO3 exists as a real molecule with a distinct Raman spectrum, contrary to earlier 20th-century textbooks that questioned its existence.\n\n\u2022 Solid anhydrous carbonic acid can be produced through two main methods: reaction of hydrogen chloride and potassium bicarbonate at 100 K in methanol, or proton irradiation of pure solid carbon dioxide.\n\n\u2022 Carbonic acid behaves as a diprotic Br\u00f8nsted acid and exhibits three conformational isomers: cis-cis, cis-trans, and trans-trans.\n\n\u2022 In aqueous solution, the hydration equilibrium constant at 25\u00b0C shows that most carbon dioxide remains as dissolved CO2 gas rather than converting to carbonic acid ([H2CO3]/[CO2] \u2248 1.7\u00d710\u207b\u00b3 in pure water).\n\n\u2022 The enzyme carbonic anhydrase dramatically accelerates the equilibrium between carbonic acid and its components in biological systems, making the reaction reach equilibrium rapidly.\n\n\u2022 The interconversion between carbon dioxide and carbonic acid is fundamental to the breathing process of all aerobic organisms and contributes to the acidification of natural waters.\n\n\u2022 Under high pressure conditions, crystallized carbonic acid forms dimers connected by hydrogen bonds, with unusual C-O bond lengths (1.34 \u00c5) that are intermediate between typical single and double bond distances.""",50,26-50
107,1665,What percentage of the world's Papilionidae (swallowtail butterfly) species are found in India?,About 12%,About 17%,About 25%,About 30%,B,without_facts,,250,201-350
108,1934,What method allows scientists to extend their knowledge of solar cycles beyond direct sunspot observations?,Using telescope observations from before 1610,Analyzing traditional smoothing algorithms,Studying the International Sunspot Numbers database,Reconstructing cycles using radiocarbon 14C proxy data,D,with_facts,"""\u2022 Solar cycles are nearly periodic 11-year changes in the Sun's activity based on sunspot counts, with the first cycle conventionally starting in 1755.\n\n\u2022 Sunspot observations exist since 1610, but cycle numbering is poorly defined during the Maunder minimum, and one cycle may have been lost in the late 18th century.\n\n\u2022 Solar cycles can be reconstructed indirectly using radiocarbon 14C proxy data for the last millennium, extending our knowledge beyond direct sunspot observations.\n\n\u2022 Solar cycle 25 began in December 2019 and reached its peak in October 2024 with a maximum sunspot number of 160.9, making cycle 24 the only \""11-year solar cycle\"" to last precisely 11 years.\n\n\u2022 Solar cycle 25 is significantly more active than cycle 24, averaging 30% more sunspots per day at the same point in their respective cycles as of February 1, 2026.\n\n\u2022 The Sun completed its polar field reversal in 2023, and since cycle 25 is already 5.5 years in progress, another maximum higher than October 2024 is considered unlikely.\n\n\u2022 Data sources include the revised International Sunspot Numbers (ISN v2.0) from SILSO, with smoothing done using traditional algorithms that can affect the precise timing and amplitude measurements of solar cycles.""",200,101-200
109,5390,"If a function has a positive second derivative at a point, what does this tell us about the graph at that point?",The graph is decreasing,The graph has upward concavity,The graph has downward concavity,The graph has zero slope,B,without_facts,,100,51-100
110,2765,What is the typical pH range over which a pH indicator undergoes its color change?,Exactly at the pKa value with no range,About 2 pH units centered around the pKa value,From pH 0 to pH 14 for all indicators,About 5 pH units below the pKa value,B,with_facts,"""\u2022 pH indicators are halochromic chemical compounds that change color based on the acidity or basicity of a solution, allowing visual or spectroscopic determination of pH levels.\n\n\u2022 Most pH indicators are weak acids or weak bases that exist in equilibrium between two forms (acid/conjugate base or base/conjugate acid), with the ratio determining the observed color.\n\n\u2022 The color change typically occurs over a pH range around the indicator's pKa or pKb value, usually spanning about 2 pH units (pKa \u00b1 1), rather than at a single precise pH point.\n\n\u2022 A neutral solution has a pH of 7.0 at 25\u00b0C, with values below 7.0 being acidic and values above 7.0 being basic.\n\n\u2022 pH indicators are widely used in titrations and analytical chemistry, though they are susceptible to subjective color interpretation and indicator error compared to precise pH meters.\n\n\u2022 Universal indicators are commercial blends of multiple indicators that provide smooth color changes across a wide pH range for rough pH estimation.\n\n\u2022 For precise pH measurements, indicators can be used spectroscopically by measuring absorbance at multiple wavelengths and applying the Henderson-Hasselbalch equation.\n\n\u2022 pH indicators represent one of three main types of chemical analysis indicators, alongside complexometric indicators (for metal analysis) and redox indicators (for oxidation-reduction reactions).""",350,201-350
111,5003,What can be inferred about the historical significance of Afghanistan's Sar-i Sang mines?,They were discovered during the Renaissance period to supply European artists,They represent one of the world's longest continuously operated mining sites,They were the exclusive source of lapis lazuli until the 19th century,They were established by the Indus Valley Civilization around 7570 BC,B,without_facts,,750,601-1000
112,3477,What was unusual about William I's path to becoming king?,He was Roger II's eldest son and natural heir,He conquered the throne through military force,He was the fourth son with little initial expectation of ruling,He was elected by the Sicilian nobles over other candidates,C,with_facts,"""\u2022 William I of Sicily (1120/1121-1166) was the second king of Sicily, ruling from 1154 to 1166 after his father Roger II's death, despite being the fourth son and initially having little expectation of ruling.\n\n\u2022 His nickname \""the Bad\"" appears to reflect the bias of contemporary historians and nobles rather than his actual character or performance as king.\n\n\u2022 Real power was initially exercised by his chancellor Maio of Bari, who continued the policy of excluding nobles from administration and curtailing town liberties, which created widespread resentment.\n\n\u2022 William successfully defended his kingdom against multiple enemies, defeating Roman forces at Brindisi in 1156 and signing the Treaty of Benevento with Pope Adrian IV, which confirmed his kingship.\n\n\u2022 During his reign, Sicily lost its African territories to the Almohads, with the key city of Mahdia surrendering in 1160, effectively ending the Norman \""African empire.\""\n\n\u2022 In 1160, Maio was assassinated by nobles led by Matthew Bonello, and William himself was captured by conspirators including his own relatives, though he eventually regained power and crushed the rebellion.\n\n\u2022 His later years were peaceful, and he became a supporter of Pope Alexander III against the Holy Roman Emperor, helping install the pope in the Lateran Palace in 1165.\n\n\u2022 William died on May 7, 1166, and was succeeded by his son William II of Sicily, having had four sons with his wife Margaret of Navarre.""",350,201-350
113,1928,What do the Earth trojan asteroids (706765) 2010 TK7 and (614689) 2020 XL5 have in common regarding their orbital position?,They both orbit 60° behind Earth at L5,They both orbit 60° ahead of Earth at L4,They both orbit at the same distance as L1 and L2,They both orbit between Earth and the Sun,B,without_facts,,50,26-50
114,547,"Based on the naming convention for photosystems, what does the number in P700 and P680 represent?",The number of chlorophyll molecules in each photosystem,The year each photosystem was discovered,The wavelength in nanometers of peak light absorption,The temperature at which each photosystem operates optimally,C,with_facts,"""\u2022 Chlorophyll is a green pigment found in cyanobacteria, algae, and plants that allows them to absorb energy from light for photosynthesis.\n\n\u2022 Chlorophyll absorbs light most strongly in the blue and red portions of the electromagnetic spectrum, but poorly absorbs green light, which is why chlorophyll-containing tissues appear green.\n\n\u2022 Two main types of chlorophyll exist in green plants: chlorophyll a and chlorophyll b, which work together in photosystems.\n\n\u2022 Chlorophyll was first isolated and named in 1817 by Joseph Bienaim\u00e9 Caventou and Pierre Joseph Pelletier, with its complete structure elucidated by Hans Fischer in 1940.\n\n\u2022 Chlorophyll contains magnesium at its center (discovered in 1906), unlike hemoglobin which contains iron, and is classified as a chlorin molecule with four pyrrole-like rings plus a fifth ketone-containing ring.\n\n\u2022 In photosynthesis, chlorophyll serves three key functions: absorbing light, transferring energy to reaction centers, and performing charge separation to produce electrons and protons.\n\n\u2022 The photosynthetic process involving chlorophyll produces oxygen gas through the oxidation of water, which is the source of practically all oxygen in Earth's atmosphere.\n\n\u2022 Chlorophyll molecules are organized in photosystem I (P700) and photosystem II (P680), named after the wavelength of their peak light absorption, and work together with accessory pigments to maximize light capture.""",1,1-5
115,4191,What was the primary reason PBS was excluded from the 2002-03 network television schedule?,It had lower ratings than commercial networks,Local stations had flexibility in programming decisions,It only aired educational content,It was not considered a major network,B,without_facts,,1,1-5
116,758,"Based on the NASA space shuttle example, what does the timeline suggest about iterative development cycles?",Each iteration must be completed within exactly one month,More iterations always result in longer development times,Multiple iterations can be distributed across an extended development period,Seventeen iterations is the optimal number for any software project,C,with_facts,"""\u2022 Iterative and incremental development combines iterative design with incremental build models, originating in software development with early mentions in the 1985 DOD-STD-2167 standard.\n\n\u2022 The method develops systems through repeated cycles (iterative) in smaller portions (incremental), allowing developers to learn from earlier development phases and user feedback.\n\n\u2022 The process consists of three main components: an initialization step that creates a base system version, iteration steps involving redesign and implementation, and a Project Control List tracking all tasks and features.\n\n\u2022 The Unified Process organizes development into four phases: inception (project scope and requirements), elaboration (working architecture), construction (production-ready code), and transition (deployment to production).\n\n\u2022 One of the earliest examples was NASA's Project Mercury in the 1960s, followed by the space shuttle's primary avionics software system built from 1977-1980 using 17 iterations over 31 months.\n\n\u2022 The US Department of Defense has historically preferred iterative methodologies, with DoD Instruction 5000.2 (2000) explicitly stating preference for evolutionary approaches over single-step waterfall methods.\n\n\u2022 Each iteration involves analysis based on user feedback and program analysis, examining structure, modularity, usability, reliability, efficiency, and goal achievement to modify the project control list.\n\n\u2022 The approach allows for varying levels of documentation detail, from lightweight projects using code as primary documentation to critical projects requiring formal Software Design Documents.""",750,601-1000
117,3834,How does Martin Luther King Jr. compare to other Americans in terms of federal holiday recognition?,He is the only civil rights leader with a federal holiday,He is one of only three individuals honored with a national holiday in the U.S.,He shares this honor with five other historical figures,He is the most recently honored person among dozens with federal holidays,B,without_facts,,100,51-100
118,2660,What achievement connects Arielle Gold and Taylor Gold in the field of athletics?,Both are professional tennis players,Both are Olympic-level snowboarders,Both are marathon runners,Both are swimming champions,B,with_facts,"""\u2022 Gold is a surname shared by numerous notable individuals across diverse fields including entertainment, politics, business, science, and sports\n\n\u2022 The surname appears frequently among American professionals, with many Gold family members achieving prominence in fields such as music, journalism, law, and academia\n\n\u2022 Several Gold family members have achieved Olympic-level athletic success, including Arielle Gold (snowboarding bronze medalist) and Taylor Gold (Olympic snowboarder)\n\n\u2022 The entertainment industry includes multiple Gold family members, such as Andrew Gold (singer-songwriter), Murray Gold (composer), and various actors and comedians like Judy Gold\n\n\u2022 Notable business figures with the surname include Dave Gold (founder of 99 Cents Only chain) and Joe Gold (bodybuilder and entrepreneur)\n\n\u2022 The surname spans multiple generations and nationalities, with individuals of Austrian, British, American, Canadian, and other origins\n\n\u2022 Several Gold family members have made significant contributions to science and academia, including Thomas Gold (astrophysicist) and various professors and researchers\n\n\u2022 The legal and political fields feature multiple Gold family members, including judges, politicians, and legal scholars across different countries and time periods""",1,1-5
119,895,What is the primary repository where most bacterial genome sequences from this list are stored?,International Nucleotide Sequence Database Collaboration (INSDC),National Center for Biotechnology Information (NCBI) only,European Molecular Biology Laboratory (EMBL) only,Private institutional databases,A,without_facts,,5,1-5
120,448,"Based on their body structure and appendages, what can be inferred about ostracod locomotion?",They are primarily sessile organisms that remain attached to surfaces,They move exclusively by crawling along the seafloor using specialized legs,They are capable swimmers that use their antennae for propulsion,They rely entirely on ocean currents for movement due to lack of appendages,C,with_facts,"""\u2022 Ostracods are small crustaceans with approximately 33,000 identified species (13,000 extant), typically around 1 mm in size but ranging from 0.2 to 32 mm in length.\n\n\u2022 Their bodies are protected by a bivalve-like shell made of chitin and often calcium carbonate, with the hinge located in the upper (dorsal) region of the body.\n\n\u2022 Ostracods are the most common arthropods in the fossil record, with fossils found from the early Ordovician period to present day.\n\n\u2022 They serve as valuable indicators of paleoenvironments and are widely used for biozonation of marine strata due to their widespread occurrence and easily preservable shells.\n\n\u2022 A 2013 discovery in Queensland, Australia revealed 100-million-year-old ostracod fossils with preserved soft tissue, setting the Guinness World Record for the oldest penis and oldest observable sperm.\n\n\u2022 The ostracod body consists of a head and thorax with minimal segmentation, bearing four pairs of head appendages including two pairs of antennae used for swimming.\n\n\u2022 Most ostracods are deposit feeders, though the class includes carnivores, herbivores, scavengers, and filter feeders with diverse dietary habits.\n\n\u2022 Gas exchange occurs through \""ventilatory appendages\"" that create water currents, with some species having gills and circulatory systems while others rely on surface gas exchange.""",750,601-1000
121,358,What cultural influence did the Scottish court adopt in the fifteenth century to enhance its prestige?,The scholarly traditions of Italian Renaissance courts,The military customs of English royal courts,"The formal, elegant style of the Burgundian court",The artistic patronage models of French courts,C,without_facts,,50,26-50
122,2602,What suffix would be used to name a compound containing three hydroxyl groups?,-ol,-diol,-triol,-polyol,C,with_facts,"""\u2022 Alcohols are organic compounds containing at least one hydroxyl (-OH) functional group attached to a saturated carbon atom, ranging from simple molecules like methanol and ethanol to complex ones like cholesterol.\n\n\u2022 The hydroxyl group makes alcohols hydrophilic (water-attracted) and provides a reactive site where many chemical reactions can occur, significantly modifying the properties of hydrocarbons.\n\n\u2022 The word \""alcohol\"" derives from Arabic \""al-ku\u1e25l,\"" originally referring to a fine powder used as eyeliner, and its meaning evolved over centuries from fine powders to distilled substances to specifically ethanol by the 18th century.\n\n\u2022 Ancient philosophers like Aristotle knew about wine's flammable vapors, but alcohol isolation developed through Arabic alchemists like J\u0101bir ibn \u1e24ayy\u0101n (9th century) who discovered that adding salt to boiling wine enhanced vapor flammability.\n\n\u2022 By the 13th century, concentrated alcohol production became widely known among Western European chemists, with Taddeo Alderotti achieving 90% alcohol purity through repeated fractional distillation.\n\n\u2022 In IUPAC nomenclature, alcohols are named by replacing the terminal \""e\"" of the alkane chain with \""-ol\"" (e.g., ethane becomes ethanol), with numerical indicators for hydroxyl group position when needed.\n\n\u2022 The suffix \""-ol\"" indicates alcohols in systematic names, while the prefix \""hydroxy-\"" is used when higher priority functional groups like aldehydes or ketones are present in the compound.\n\n\u2022 Compounds with multiple hydroxyl groups are called polyols and use suffixes like \""-diol\"" and \""-triol\"" to indicate the number of OH groups present.""",750,601-1000
123,4690,What is the primary purpose of Climate Action Tracker (CAT)?,To provide weather forecasting services for climate-sensitive industries,To monitor government action on greenhouse gas emission reductions in relation to Paris Agreement goals,To fund renewable energy projects in developing countries,To negotiate international climate agreements between nations,B,without_facts,,150,101-200
124,5610,What percentage of all internet information does the Surface Web represent?,10 percent,25 percent,50 percent,90 percent,A,with_facts,"""\u2022 The Surface Web is the portion of the World Wide Web that is publicly accessible and searchable through standard web search engines like Google.\n\n\u2022 It is also known by several alternative names: Visible Web, Indexed Web, and Indexable Web.\n\n\u2022 The Surface Web represents only 10 percent of all information available on the internet.\n\n\u2022 It is the highest layer of the World Wide Web, with the other two layers being the Deep Web (not accessible via standard search engines) and the Dark Web (where user IP addresses and identities are hidden).\n\n\u2022 The Surface Web consists of public web pages stored on servers that can be accessed by any search engine.\n\n\u2022 As of June 14, 2015, Google's index of the Surface Web contained approximately 14.8 billion pages.""",500,351-600
125,4386,"Which variant of the C-12 Huron was specifically designed for surveillance missions and accumulated 400,000 combat hours before retirement in 2015?",UC-12B,MC-12W Liberty,12J,UC-12W,B,without_facts,,200,101-200
126,2388,"What does the Latin word 'documentum' mean, from which the word 'document' derives?",Written record or inscription,Teaching or lesson,Memory or remembrance,Evidence or proof,B,with_facts,"""\u2022 A document is a written, drawn, presented, or memorialized representation of thought, with the word deriving from the Latin \""documentum\"" meaning \""teaching\"" or \""lesson.\""\n\n\u2022 In the Computer Age, \""document\"" typically refers to a primarily textual computer file that includes structural and format elements like fonts, colors, and images.\n\n\u2022 Documents are distinguished from \""realia\"" (three-dimensional objects) because documents are usually considered two-dimensional representations that memorialize or represent thought.\n\n\u2022 Documentation scholar Suzanne Briet defined a document as \""any concrete or symbolic indication, preserved or recorded, for reconstructing or for proving a phenomenon, whether physical or mental.\""\n\n\u2022 Documents can be structured (like forms or charts), semi-structured (like books or newspaper articles), or unstructured (like handwritten notes).\n\n\u2022 Documents are classified by access level (secret, private, or public) and by stage of completion (drafts or proofs), with copied documents having an \""original\"" source.\n\n\u2022 Traditional document media evolved from ancient materials like papyrus, parchment, clay tablets, and stone to modern paper with ink, and now to electronic formats displayed on computers, tablets, and e-readers.\n\n\u2022 Documents serve numerous fields including academia (manuscripts, theses), media (scripts, images), administration/law (certificates, licenses), business (contracts, invoices), and geography (maps, architectural plans).""",50,26-50
127,3875,What role did Cleopatra of Macedon assume after her husband's death in 331 BC?,She became queen of Macedon,She became regent of Epirus for her young son,She joined Alexander the Great's military campaigns,She retired from political life,B,without_facts,,10,6-25
128,3504,How did the outcome of the Battle of Solway Moss affect the Scottish monarchy?,James V abdicated the throne and fled to France,The defeat led to a civil war between Protestant and Catholic Scottish nobles,"James V died two weeks after the battle, reportedly hastened by news of the defeat",The Scottish parliament forced James V to accept Henry VIII's religious demands,C,with_facts,"""\u2022 The Battle of Solway Moss occurred in November 1542 between English and Scottish forces near the River Esk on the English side of the Anglo-Scottish border.\n\n\u2022 The conflict arose because Scottish King James V refused his uncle Henry VIII's demand to break from the Catholic Church and convert to Protestantism.\n\n\u2022 A Scottish army of 15,000-18,000 men advanced into England on November 24, 1542, but suffered from poor leadership and command structure breakdown.\n\n\u2022 The battle was a decisive English victory despite being heavily outnumbered - Lord Wharton's 3,000 English troops routed the much larger Scottish force.\n\n\u2022 The Scots became trapped between the River Esk and Solway Moss (a peat bog), leading to mass surrenders and drownings, with several hundred Scots possibly drowning in the marshes and river.\n\n\u2022 Approximately 1,200 Scottish prisoners were captured, including high-ranking nobles like the Earls of Cassilis, Glencairn, and Maxwell, while only about 7 Englishmen and 20 Scots were killed.\n\n\u2022 News of the devastating defeat reportedly hastened the death of King James V, who died two weeks later at age 30 after falling ill with fever and learning his newborn child was a daughter rather than a son.\n\n\u2022 The captured Scottish nobles were generally well-treated in England, as Henry VIII hoped they would support English interests upon their return to Scotland after paying ransoms.""",750,601-1000
129,1467,What was the primary economic activity that led to temporary human settlement on the islands during the 19th century?,Whaling operations,Mining for precious metals,Sealing for elephant seal oil,Scientific research expeditions,C,without_facts,,350,201-350
130,2161,"According to the Pauli exclusion principle, why can an orbital hold a maximum of only two electrons?",Because orbitals are too small to fit more than two electrons,Because electrons repel each other due to their negative charge,Because no two electrons can have identical values for all four quantum numbers,Because the energy levels become too high with more electrons,C,with_facts,"""\u2022 **Electron configuration describes the distribution of electrons in atomic or molecular orbitals**, with notation like 1s\u00b2 2s\u00b2 2p\u2076 for neon, where superscripts indicate the number of electrons in each subshell.\n\n\u2022 **Electron shells are defined by the principal quantum number (n) and can accommodate 2n\u00b2 electrons maximum** - the first shell holds 2 electrons, second shell holds 8, third shell holds 18, etc.\n\n\u2022 **Subshells are defined by the azimuthal quantum number (l) and correspond to s, p, d, and f orbitals** (l = 0, 1, 2, 3 respectively), with maximum capacities of 2, 6, 10, and 14 electrons.\n\n\u2022 **The Pauli exclusion principle governs electron placement**, stating that no two electrons in the same atom can have identical values for all four quantum numbers, which explains why orbitals hold maximum two electrons with opposite spins.\n\n\u2022 **Electrons can move between configurations by absorbing or emitting photons**, as each electron configuration has an associated energy level according to quantum mechanics.\n\n\u2022 **Condensed notation uses noble gas cores in brackets** (like [Ne] 3s\u00b2 3p\u00b3 for phosphorus) to abbreviate lengthy electron configurations by representing inner electrons as the preceding noble gas configuration.\n\n\u2022 **Electron configuration knowledge is fundamental for understanding the periodic table structure, chemical bonding, molecular geometry, and properties of materials** like semiconductors and lasers.\n\n\u2022 **The orbital letters (s, p, d, f) originated from obsolete spectral line classifications** - \""sharp,\"" \""principal,\"" \""diffuse,\"" and \""fundamental\"" - based on observed fine structure in atomic spectra.""",25,6-25
131,2000,What distinguishes material properties as intensive properties?,They change significantly with temperature variations,They do not depend on the amount of material present,They can only be measured in laboratory conditions,They are always the same regardless of material type,B,without_facts,,350,201-350
132,3930,What caused Prince Napoléon-Jérôme Bonaparte to lose his position as heir presumptive to Napoleon III?,He was banished from France for his liberal views,Napoleon III had his own son who became the new heir,He died in the Crimean War,He renounced his claim to marry Princess Maria Clotilde,B,with_facts,"""\u2022 Prince Napol\u00e9on-J\u00e9r\u00f4me Bonaparte (1822-1891) was the second son of J\u00e9r\u00f4me, King of Westphalia and youngest brother of Napoleon I\n\n\u2022 He served as heir presumptive to Napoleon III until the Emperor had his own son, and later claimed headship of the House of Bonaparte after his cousin Louis-Napol\u00e9on, Prince Imperial died in 1879\n\n\u2022 Known by the nickname \""Plon-Plon,\"" he was an outspoken liberal and anti-clerical politician who often clashed with the conservative Empress Eug\u00e9nie at court\n\n\u2022 He held several important government positions including Minister to Spain, Governor of Algeria, and corps commander in the Crimean War and Italian campaigns\n\n\u2022 In 1859, he married Princess Maria Clotilde of Savoy as part of Napoleon III's alliance policy with Piedmont-Sardinia\n\n\u2022 Despite being genealogically senior, he was excluded from succession in the Prince Imperial's 1879 will, which instead named his own son Victor as heir, leading to a bitter family feud\n\n\u2022 He was banished from France in 1886 under laws exiling former ruling dynasty heads and spent his final years in Switzerland, dying in Rome in 1891\n\n\u2022 He was a supporter of General Georges Boulanger in the 1880s alongside other monarchist forces seeking to restore the monarchy in France""",5,1-5
133,2086,"During the final 20 milliseconds of the GW150914 merger, what remarkable energy characteristic was observed?",The power output was equivalent to a single supermassive black hole,Approximately 30 solar masses were converted to gravitational waves,The power output exceeded that of all stars in the observable universe combined,The energy release lasted for exactly 12 years,C,without_facts,,5,1-5
134,1673,What restriction exists regarding climbing Kangchenjunga?,Climbing is only allowed during certain months of the year,All climbers must be accompanied by local guides,The Indian side of the mountain is completely off-limits to climbers,"Only experienced climbers who have summited other 8,000m peaks are permitted",C,with_facts,"""\u2022 Kangchenjunga is the third-highest mountain in the world at 8,586 m (28,169 ft), located on the border between Nepal and India in the Himalayas.\n\n\u2022 Until 1852, it was assumed to be the world's highest mountain, but the Great Trigonometrical Survey of India determined in 1849 that Mount Everest was higher, officially announcing Kangchenjunga as third-highest in 1856.\n\n\u2022 The mountain was first climbed on May 25, 1955, by British climbers Joe Brown and George Band, who stopped just short of the true summit to honor a promise that the peak would remain inviolate due to its sacred status.\n\n\u2022 The name \""Kangchenjunga\"" means \""the five treasures of the high snow\"" in Tibetan, referring to five sacred treasures (salt, gold, turquoise, scriptures, and medicine) that local people believe are hidden in the mountain.\n\n\u2022 The mountain is considered sacred in both Nepal and Sikkim, and the Indian side is completely off-limits to climbers.\n\n\u2022 The Kangchenjunga massif encompasses 16 peaks over 7,000 m and features four main glaciers that drain into major river systems including the Ganges basin.\n\n\u2022 The adjoining Khangchendzonga National Park was declared a UNESCO World Heritage Site in 2016, recognizing its cultural and natural significance.""",100,51-100
135,3600,What is the most precise current estimate for the age of the universe?,13.787 billion years,13.8 billion years,14.2 billion years,13.5 billion years,A,without_facts,,500,351-600
136,4904,"How many major dinosaur families are preserved in the Hell Creek Formation, and what does this diversity represent?","6 families, representing only large-bodied dinosaur groups","12 families, representing primarily marine-adapted dinosaurs","9 families, representing both herbivorous and carnivorous dinosaur groups","15 families, representing the peak of dinosaur diversity before extinction",C,with_facts,"""\u2022 The Hell Creek Formation dates to the Maastrichtian-Danian period and contains fossils that span the K-T extinction event, with some insect species found in amber going extinct during this mass extinction.\n\n\u2022 Ceratopsidae dinosaurs (including Triceratops) dominated the Hell Creek ecosystem, comprising 61% of the most common dinosaur families, followed by Hadrosauridae at 23%.\n\n\u2022 Recent Hell Creek Project studies revealed unexpectedly high Tyrannosaurus abundance - comprising 24% of dinosaur remains and ranking as the second most common dinosaur after Triceratops (40%), even more common than the hadrosaur Edmontosaurus (20%).\n\n\u2022 The formation preserves a diverse dinosaur fauna including at least 9 major families: Ceratopsidae, Hadrosauridae, Ornithomimidae, Tyrannosauridae, Hypsilophodontidae, Dromaeosauridae, Pachycephalosauridae, Ankylosauridae, and Troodontidae.\n\n\u2022 Dinosaur footprints are extremely rare in the Hell Creek Formation, with only one possible Tyrannosaurus rex footprint discovered as of 2017 and one mid-sized theropod trackway named Wakinyantanka styxi.\n\n\u2022 Ceratopsid remains (primarily Triceratops) are exceptionally abundant, with ceratopsid teeth and bones making up 8.31% of all vertebrate remains in the formation.\n\n\u2022 The formation contains a complete ecosystem including invertebrates (insects preserved in amber, molluscs), fish (both bony and cartilaginous), amphibians, and diverse dinosaur groups spanning herbivores and carnivores.""",1,1-5
137,4582,Which volcanic eruption ejected the largest volume of tephra according to the provided facts?,Mount Tambora (1815),Mount Pinatubo (1991),"Lake Toba eruption (73,000 years ago)","Novarupta, Alaska (1912)",C,without_facts,,1,1-5
138,4777,What is the minimum surface area requirement for a water body to be classified as a main lake in the Lake District National Park?,0.01 km²,0.1 km²,1.0 km²,4.0 km²,B,with_facts,"""\u2022 Only one body of water in the Lake District is traditionally named a \""lake\"" - Bassenthwaite Lake - while larger bodies are typically called \""mere\"" or \""water\"" and smaller ones are called \""tarn\""\n\n\u2022 The Lake District National Park in Cumbria, England contains numerous lakes, tarns, and reservoirs, with the main lakes defined as those having a surface area of at least 0.1 km\u00b2\n\n\u2022 Major lakes are categorized by volume, with those over 4 million m\u00b3 considered the largest water bodies in the region\n\n\u2022 The term \""Lake Windermere\"" is deprecated by purists, as the proper name is simply \""Windermere\""\n\n\u2022 The district includes both natural water bodies and artificial reservoirs, such as Haweswater Reservoir, Thirlmere, and various smaller reservoirs\n\n\u2022 Some former water bodies no longer exist, including Baystone Bank Reservoir (removed in 2011) and Keppel Cove Tarn (dam destroyed by flood in 1931)\n\n\u2022 The water bodies are distributed throughout the Lake District's various fells and valleys, from well-known lakes like Windermere and Ullswater to small mountain tarns located near peaks and ridges""",500,351-600
139,3037,Which of the following best describes the typical background of Supreme Court law clerks?,Experienced attorneys with at least 10 years of practice,Recent law school graduates who typically graduated at the top of their class,Former judges from lower courts,Political appointees selected by the President,B,without_facts,,25,6-25
140,4764,What is the current scientific consensus regarding the inclusion of Mekosuchinae in Crocodyloidea?,It is universally accepted that Mekosuchinae belongs in Crocodyloidea,Mekosuchinae is definitively excluded from Crocodyloidea,The classification of Mekosuchinae within Crocodyloidea remains disputed among scientists,Mekosuchinae has been reclassified into Alligatoroidea,C,with_facts,"""\u2022 Crocodyloidea is one of three superfamilies of crocodilians, alongside Alligatoroidea and Gavialoidea, and encompasses all crocodiles.\n\n\u2022 The superfamily is defined cladistically as including the Nile crocodile and all crocodilians more closely related to it than to the American alligator or gharial.\n\n\u2022 Crocodyloidea is a stem-based group that includes more extinct crocodile ancestors than the crown group Crocodylidae, making it primarily useful in paleontological contexts.\n\n\u2022 When considering only living species, Crocodyloidea and Crocodylidae are synonymous, so only Crocodylidae is used in modern taxonomy.\n\n\u2022 Traditional classification grouped crocodiles and alligators together in the clade Brevirostres, but recent DNA sequencing studies have shown crocodiles are actually more closely related to gharials.\n\n\u2022 The new molecular evidence led to the creation of the clade Longirostres in 2003, grouping crocodiles and gharials together instead of crocodiles and alligators.\n\n\u2022 Recent studies combining morphological, molecular, and fossil age data have refined understanding of crocodilian relationships, with 2021 research even extracting DNA from the extinct Voay species.\n\n\u2022 The superfamily may include the extinct Mekosuchinae from Australasia (Eocene to Holocene periods), though this classification remains disputed among scientists.""",100,51-100
141,2872,Why are disabled people particularly vulnerable to climate change impacts according to the facts?,They consume more energy than average,They are not interested in climate issues,They have limited mobility and reduced access to emergency resources,They live primarily in coastal areas,C,without_facts,,750,601-1000
142,4589,What do the historical examples of the 2018 Sunda Strait tsunami and 1888 Ritter Island collapse demonstrate about landslide-generated tsunamis?,They only occur in volcanic island chains,They are becoming more frequent due to climate change,They do occur but are relatively rare events,They always generate megatsunamis that cross ocean basins,C,with_facts,"""\u2022 The Cumbre Vieja tsunami hazard refers to the theoretical risk that a volcanic eruption on La Palma (Canary Islands, Spain) could trigger a massive landslide, potentially causing a megatsunami across the Atlantic Ocean.\n\n\u2022 A 2001 study by Ward and Day proposed that a fracture formed during a 1949 eruption could lead to a giant collapse, potentially generating tsunamis that could impact areas as far as North America.\n\n\u2022 Later research suggests the tsunami threat may be overstated, as waves would likely decay quickly with distance from the source and be reduced by interactions with continental shelves.\n\n\u2022 Evidence indicates that most Canary Islands collapses occur as multi-stage events over hours or days rather than single catastrophic failures, which are less effective at generating large tsunamis.\n\n\u2022 The recurrence rate of major volcanic collapses in the Canary Islands is extremely low\u2014approximately once every 100,000 years or less.\n\n\u2022 About 14 major landslide events have been recorded in the Canary Islands, particularly at El Hierro, La Palma, and Tenerife, with volumes typically ranging from 50-200 cubic kilometers.\n\n\u2022 Recent eruptions, including the 2021 La Palma event, did not result in any collapse, and the most recent major collapse in the Canary Islands occurred between 39,000-87,000 years ago at El Hierro.\n\n\u2022 Historical examples of landslide-generated tsunamis include the 2018 Sunda Strait tsunami (437+ fatalities) and the 1888 Ritter Island collapse (3,000 deaths), demonstrating that such events do occur but are relatively rare.""",25,6-25
143,2656,Which combination represents the three main components of document retrieval systems?,"User queries, relevance algorithms, and search results","Form-based indexing, content-based indexing, and Boolean systems","Database of documents, classification algorithm for indexing, and user interface","Inverted index, PageRank algorithm, and semantic connections",C,without_facts,,5,1-5
144,1621,What role did Numidian cavalry play in ancient warfare?,They were primarily used for reconnaissance and avoided major battles,They served only as ceremonial guards for Roman generals,They were decisive in major battles including Cannae and Zama,They were ineffective and rarely used by military commanders,C,with_facts,"""\u2022 Ancient Libya referred to all of North Africa west of the Nile River (modern-day Libya, Tunisia, Algeria, and Morocco), much larger than the current country of Libya which only represents the eastern portion of this historical territory.\n\n\u2022 The region was linguistically and ethnically homogeneous, inhabited by Berber peoples who spoke Berber languages across North Africa from the Nile to the Atlantic coast.\n\n\u2022 During Roman times, Ancient Libya was divided into four main administrative regions: Mauretania, Numidia, Africa Proconsularis, and Libya.\n\n\u2022 The Berbers (known collectively as Libyans to the Greco-Roman world) were renowned as exceptional warriors and cavalry, particularly the Numidian cavalry who played decisive roles in major battles like Cannae and Zama.\n\n\u2022 According to ancient sources, Libyans taught the Greeks how to ride four-horse chariots, demonstrating significant cultural exchange between the civilizations.\n\n\u2022 Ancient Egyptians referred to various Libyan tribes by names including Tehenu, Temehu, Rebu, and Meshwesh, showing long-standing recognition of distinct tribal groups in the region.\n\n\u2022 Greek mythology connected Libya to major deities, particularly claiming that the goddess Athena was of Libyan origin and born at Lake Tritonis in North Africa.\n\n\u2022 The term \""Libya\"" comes from the Greek \""Liby\u0113,\"" which derived from the Berber word \""Libu,\"" and the region had part of the Mediterranean Sea named after it (the Libyan Sea).""",100,51-100
145,5226,What is the minimum dimension required for a sphere to be classified as a hypersphere?,n ≥ 1,n ≥ 2,n ≥ 3,n ≥ 4,C,without_facts,,350,201-350
146,3387,How does Malaysia's monarchical system differ from most hereditary monarchies?,Malaysia has multiple monarchs ruling different regions simultaneously,Malaysia uses an elective system to choose its monarch,Malaysian monarchs serve fixed terms rather than ruling for life,Malaysia rotates between different royal titles each generation,B,with_facts,"""\u2022 A monarch is the head of a monarchy who typically rules for life or until abdication and usually inherits the throne by birth.\n\n\u2022 Monarchs can be autocrats with absolute power or ceremonial figureheads with limited authority, where actual power rests with legislatures and executive cabinets.\n\n\u2022 Most states have only one monarch at a time, though regents may rule when the monarch is incapacitated, and rare cases like Andorra feature two monarchs ruling simultaneously (coregencies).\n\n\u2022 Various royal titles exist including \""king/queen,\"" \""prince/princess,\"" \""grand duke/grand duchess,\"" and \""emperor/empress,\"" with different forms used in local languages.\n\n\u2022 While most monarchies are hereditary using succession rules like primogeniture or proximity of blood, some are elective systems like Malaysia's throne.\n\n\u2022 Many monarchical systems combine hereditary and elective elements, restricting succession choices to members of royal bloodlines.\n\n\u2022 The list covers current monarchs who serve as heads of state in sovereign nations, organized alphabetically by country.\n\n\u2022 Monarchs are often associated with state religions and typically come from royal families where they are born and raised within the monarchical system.""",1,1-5
147,4460,What makes categorization of academic research tools challenging according to the article?,The distinction between databases and search engines is unclear for these complex document retrieval systems,There are too many different types of academic disciplines to organize effectively,The tools change their names and features too frequently,Most tools serve multiple languages and international audiences,A,without_facts,,1,1-5
148,5410,What is the primary purpose of scientific notation when dealing with large numbers?,To make calculations more accurate,To provide a compact way to represent and compare large numbers,To convert between different numbering systems,To eliminate the need for mathematical operations,B,with_facts,"""\u2022 Large numbers are quantities far exceeding those in everyday life, appearing prominently in mathematics, cosmology, cryptography, and statistical mechanics, with googology being the field that studies their naming conventions and properties.\n\n\u2022 Scientific notation provides a compact way to represent large numbers using decimal fractions multiplied by powers of 10 (e.g., 1\u00d710\u2079 for one billion), making them easier to read and compare than lengthy strings of digits.\n\n\u2022 Natural language numbering systems use names like \""billion\"" or abbreviated suffixes like \""2.34B\"" to make large numbers more comprehensible than pure digit sequences.\n\n\u2022 Famous mathematical large numbers include the googol (10\u00b9\u2070\u2070), googolplex (10^googol), Graham's number, and Rayo's number, with some being so large they cannot be represented using standard exponential notation.\n\n\u2022 Real-world examples of large numbers include approximately 37.2 trillion cells in the human body (3.72\u00d710\u00b9\u00b3), Avogadro's constant at about 6.022\u00d710\u00b2\u00b3 particles per mole, and an estimated 10\u2078\u2070 atoms in the observable universe.\n\n\u2022 The universe itself provides astronomical large numbers, being approximately 13.8 billion years old (4.355\u00d710\u00b9\u2077 seconds) with an observable span of 93 billion light years.\n\n\u2022 Different number naming systems can produce varying values for the same named number, such as centillion being either 10\u00b3\u2070\u00b3 or 10\u2076\u2070\u2070 depending on the system used.""",250,201-350
149,2858,What type of license covers the content sourced from the OpenNet Initiative?,Public domain,GNU General Public License,Creative Commons Attribution 3.0 Unported license,Fair use doctrine,C,without_facts,,50,26-50
150,3906,"According to the conventional Egyptian chronology, which kingdoms began in the correct chronological order from earliest to latest?","Middle Kingdom (21st century BC), Old Kingdom (27th century BC), New Kingdom (mid-16th century BC)","New Kingdom (mid-16th century BC), Middle Kingdom (21st century BC), Old Kingdom (27th century BC)","Old Kingdom (27th century BC), New Kingdom (mid-16th century BC), Middle Kingdom (21st century BC)","Old Kingdom (27th century BC), Middle Kingdom (21st century BC), New Kingdom (mid-16th century BC)",D,with_facts,"""\u2022 The Conventional Egyptian chronology places the Old Kingdom beginning in the 27th century BC, Middle Kingdom in the 21st century BC, and New Kingdom in the mid-16th century BC, representing broad scholarly consensus.\n\n\u2022 Chronological disagreements exist even within scholarly consensus, with variations of about 300 years for the Early Dynastic Period, up to 30 years in the New Kingdom, and a few years in the Late Period.\n\n\u2022 Alternative chronologies outside mainstream scholarship propose much larger date adjustments, such as the \""New Chronology\"" lowering New Kingdom dates by 350 years and the \""Glasgow Chronology\"" lowering them by 500 years.\n\n\u2022 Egyptian chronology relies heavily on regnal years from ancient king lists, but these sources are either comprehensive with significant text gaps (Turin King List) or textually complete but incomplete in their ruler coverage (Abydos King List, Palermo Stone).\n\n\u2022 Some Egyptian dynasties likely overlapped geographically rather than ruling sequentially, with different pharaohs controlling different regions simultaneously, creating major interpretive challenges for chronologists.\n\n\u2022 Egyptologists use cattle censuses (Old Kingdom) and Sed festival celebrations (later periods) as indicators to estimate total reign lengths when direct records are incomplete or missing.\n\n\u2022 Chronological synchronisms with other ancient civilizations, particularly Assyrian and Babylonian chronologies, provide crucial fixed reference points for establishing precise dates in Egyptian history.\n\n\u2022 Early Egyptology was significantly hampered by biblical bias, where scholars tried to reconcile Manetho's chronological figures with Old Testament references to Egypt, though this influence has largely diminished in modern scholarship.""",100,51-100
151,3476,Which significant territorial loss occurred during William I's reign?,The loss of southern Italy to papal forces,The surrender of Mahdia and Sicily's African territories to the Almohads,The conquest of eastern Sicily by Byzantine forces,The occupation of Palermo by Holy Roman Empire troops,B,without_facts,,350,201-350
152,3390,What is the primary purpose of the 'List of monarchies' page?,To provide detailed biographical information about specific monarchs,To serve as a disambiguation page directing readers to various lists of monarchs,To analyze the political systems of current monarchies,To compare the powers of different types of monarchs,B,with_facts,"""\u2022 This is a disambiguation page that directs readers to various lists of monarchs rather than providing detailed information about specific monarchies\n\n\u2022 The page categorizes monarch lists into several types: current sovereign monarchs, constituent monarchs, monarchs by nickname, fictional monarchs, and longest-reigning monarchs\n\n\u2022 King lists are identified as an early form of historical periodization used to organize time periods\n\n\u2022 The page distinguishes between current countries (which may or may not still have monarchies) and defunct countries (where both the country and monarchy no longer exist)\n\n\u2022 Fictional monarchs are included as a separate category, with examples like those from Isaac Asimov's Galactic Empire\n\n\u2022 The page references current pretenders - individuals who claim titles to thrones that no longer exist or are disputed""",50,26-50
153,3487,Which of the following best describes the current scholarly consensus on Leonardo's body of work?,All surviving works attributed to Leonardo have been definitively authenticated,"Only paintings are considered authentic Leonardo works, not drawings or manuscripts",Some attributions remain controversial and may never be definitively resolved,Most disputed works have been proven to be forgeries,C,without_facts,,1,1-5
154,1348,"Based on the information provided, what is the maximum number of additional World Heritage Sites Laos could potentially nominate in the immediate future?",1,2,4,6,B,with_facts,"""\u2022 Laos ratified the UNESCO World Heritage Convention on March 20, 1987, making it eligible to nominate sites for World Heritage status.\n\n\u2022 As of 2025, Laos has four UNESCO World Heritage Sites: Luang Prabang (1995), Vat Phou (2001), Plain of Jars (2019), and Hin Nam No National Park (2025).\n\n\u2022 Three of Laos's World Heritage Sites are designated as cultural heritage sites, while one (Hin Nam No National Park) is designated as natural heritage.\n\n\u2022 Luang Prabang was the first site in Laos to receive World Heritage status when it was listed in 1995.\n\n\u2022 Hin Nam No National Park is the most recently added site, having been inscribed in 2025.\n\n\u2022 Laos maintains a tentative list of two additional properties that may be considered for future World Heritage nomination.\n\n\u2022 Sites must first be placed on a country's tentative list before they can be formally nominated for World Heritage status.""",500,351-600
155,2032,What represents the primary technological advancement of modern spectroscopes compared to early designs?,The ability to measure gamma rays and X-rays instead of just visible light,"The use of diffraction gratings, movable slits, and computer-controlled photodetectors",The capability to heat materials to incandescence for emission analysis,The integration of telescopes for astronomical observations,B,without_facts,,10,6-25
156,3270,"Which country has maintained one of the strictest bans on communist symbols since 1966, with potential penalties of up to 20 years imprisonment for high treason?",Ukraine,Indonesia,Czech Republic,Germany,B,with_facts,"""\u2022 **Communist symbols have been banned primarily in former Eastern Bloc countries** as part of broader decommunization efforts following the Cold War, with bans mostly implemented in post-Soviet states and former communist nations.\n\n\u2022 **Indonesia has maintained one of the strictest bans since 1966**, prohibiting communism/Marxism-Leninism following the 30 September Movement, with displaying communist symbols for propaganda purposes punishable by up to 20 years imprisonment for high treason.\n\n\u2022 **Ukraine banned both communist and Nazi symbols in April 2015** following the Revolution of Dignity and start of the war with Russia, with all communist parties officially banned by December 2015 and singing Soviet anthems punishable by up to five years in prison.\n\n\u2022 **The Czech Republic recently criminalized communist promotion in 2025**, when President Petr Pavel signed a law equating communist ideology with Nazi propaganda, imposing 1-5 years imprisonment with exceptions for educational, scientific, or artistic uses.\n\n\u2022 **Germany maintains selective bans**, prohibiting the flag and emblem of the defunct Communist Party of Germany (KPD) under criminal code section 86a, while allowing the hammer and sickle symbol for contemporary parties like the German Communist Party (DKP).\n\n\u2022 **Enforcement varies significantly between countries**, with some nations like Georgia rarely enforcing their 2011 ban on Soviet symbols in public spaces, while others like Indonesia actively arrest tourists for unknowingly displaying communist symbols.\n\n\u2022 **The bans often extend beyond symbols to ideology**, with several countries prohibiting the propagation of communism in any form, and some creating de facto restrictions on broader leftist philosophies despite not explicitly banning them.""",1,1-5
157,3864,How does Rand Paul's Southern Kentucky Lions Eye Clinic reflect his approach to healthcare?,It demonstrates his focus on profitable medical practice,It shows his commitment to providing medical care regardless of patients' ability to pay,It was created primarily as a political campaign tool,It represents his opposition to government healthcare programs only,B,without_facts,,750,601-1000
158,2865,How many biblical names starting with 'U' are cataloged on this Wikipedia page?,19,23,27,31,B,with_facts,"""\u2022 This Wikipedia page catalogs biblical proper names beginning with the letter \""U\"" in English transcription, including both place names (toponyms) and personal names.\n\n\u2022 The list contains 23 biblical names starting with \""U\"", ranging from Ucal to Uzziah.\n\n\u2022 Some notable names include Ur (a significant biblical city), Uriah (a biblical figure), Uriel (an archangel name), and Uzziah (a king of Judah).\n\n\u2022 The page indicates that etymological meanings are provided for some names, though specific meanings are not detailed in this excerpt.\n\n\u2022 The article references five scholarly sources for further information, including works by Joan Comay, Herbert Lockyer, and Nancy M. Tischler published between 1958-2006.\n\n\u2022 This page is part of a larger alphabetical system covering biblical names from A through Z, with cross-references to more specialized lists organized by categories like gender, testament, and subject type.\n\n\u2022 The list includes both well-known biblical names (like Ur and Uriel) and more obscure ones (like Ucal and Upharsin).""",200,101-200
159,2464,What is the Unicode value for the lowercase version of Ó?,U+00D3,U+00F3,U+00E3,U+00C3,B,without_facts,,100,51-100
160,5026,The Tendaguru Formation in Tanzania shows strong biogeographical similarities to formations in which other regions?,Only the Morrison Formation in the United States,The Karoo Basin in South Africa and Patagonia in Argentina,The Morrison Formation in the United States and Lourinha Formation in Portugal,Only formations found in northern Africa,C,with_facts,"""\u2022 Africa has a rich fossil record of non-avian dinosaurs, particularly from the Triassic and Early Jurassic periods, including species like Megapnosaurus, Massospondylus, and Heterodontosaurus.\n\n\u2022 The Late Jurassic Tendaguru Formation in Tanzania's Lindi Region contains spectacular dinosaur fossils, including Giraffatitan, Kentrosaurus, and Elaphrosaurus, showing strong similarities to the Morrison Formation in the United States.\n\n\u2022 Early Cretaceous African dinosaurs are known primarily from northern Africa, especially Niger, and include notable species like Spinosaurus, Suchomimus, and Nigersaurus.\n\n\u2022 Africa's separation from South America during the Early Cretaceous period, which formed the South Atlantic Ocean, was crucial for African dinosaur evolution as it led to the development of endemic species due to geographic isolation.\n\n\u2022 Late Cretaceous North Africa hosted a rich dinosaur fauna including famous predators like Spinosaurus, Carcharodontosaurus, and large sauropods like Paralititan.\n\n\u2022 The biogeographical similarities between African Tendaguru Formation fossils and those from the Morrison Formation (US) and Lourinha Formation (Portugal) have important implications for understanding dinosaur distribution and continental drift.\n\n\u2022 Many African dinosaur genera have complex taxonomic histories, with several species being potential synonyms of others, particularly multiple species that may actually belong to Massospondylus.\n\n\u2022 Nyasasaurus parringtoni, described in 2013, has been proposed as potentially the oldest known dinosaur dating to the Anisian period, though both its age and classification remain disputed.""",25,6-25
161,2655,What is the primary reason text retrieval is considered a critical area of study?,It enables processing of chemical representations in molecular biology,It forms the fundamental basis of all internet search engines,It allows for exact substring matching in documents,It provides user interfaces for database access,B,without_facts,,5,1-5
162,648,What shift has occurred in recent research regarding Bayes' theorem in legal contexts?,Focus has moved from DNA evidence to fingerprint analysis,Emphasis has shifted from theoretical debates to empirical studies of jury instruction effectiveness,Research has concentrated on developing new mathematical formulations,Studies now focus exclusively on appellate court applications,B,with_facts,"""\u2022 Bayes' theorem compares the probability of finding particular evidence if the accused were guilty versus if they were not guilty, such as finding a person's hair at a crime scene.\n\n\u2022 The theorem provides a way to update the probability that a proposition is true by multiplying prior odds by a \""likelihood ratio\"" based on new evidence.\n\n\u2022 Evidence scholars use Bayes' theorem either to study the value of rules of evidence or to help determine facts at trial, making evidence analysis interdisciplinary with insights from psychology, economics, and probability theory.\n\n\u2022 Bayesian skeptics object to using Bayes' theorem in litigation due to concerns about jury confusion, computational complexity, and whether probability theory is appropriate for adjudicating rights.\n\n\u2022 Bayesian enthusiasts argue the theorem is valuable for studying evidence rules and modeling relevance, and is practical for limited circumstances like integrating genetic match evidence.\n\n\u2022 The likelihood ratio is calculated by comparing the odds that evidence would be found if the defendant was the source versus if the defendant was not the source.\n\n\u2022 Recent focus has shifted to empirical studies of whether jury instructions on Bayes' theorem improve jury accuracy, as the theoretical debate has become somewhat stagnant.\n\n\u2022 R v Adams is a famous court case that applied Bayes' theorem with DNA evidence, demonstrating real-world legal application of the principle.""",750,601-1000
163,1285,What caused USS Apogon to return to port early during one of her war patrols in 1944?,Engine failure during a deep dive,Damage from being rammed by a Japanese freighter,Torpedo malfunction during combat,Navigation equipment failure in rough seas,B,without_facts,,150,101-200
164,5490,"According to Shannon's axioms for information content, what happens to the information value as an event becomes more probable?",Information content increases as probability increases,Information content decreases as probability increases,Information content remains constant regardless of probability,Information content first increases then decreases with probability,B,with_facts,"""\u2022 Information content (also called self-information, surprisal, or Shannon information) is a fundamental quantity in information theory that measures the \""surprise\"" level of a particular event based on its probability of occurrence.\n\n\u2022 The information content is mathematically defined as the negative logarithm of an event's probability: I(x) = -log_b(P), where P is the probability of event x and b is the base of the logarithm.\n\n\u2022 Shannon's definition follows three key axioms: events with 100% probability yield no information, less probable events provide more information, and information from independent events can be summed together.\n\n\u2022 Different logarithmic bases correspond to different units of measurement: base 2 gives bits (shannons), base e gives natural units (nats), and base 10 gives hartleys.\n\n\u2022 Information content is closely related to entropy, which represents the expected value (average) of self-information across all possible outcomes of a random variable.\n\n\u2022 The concept has practical applications in optimal source coding, where it determines the minimum message length needed to transmit information about an event.\n\n\u2022 Information content provides an alternative way to express probability that offers particular mathematical advantages in information theory contexts, similar to how odds or log-odds relate to probability.\n\n\u2022 The term \""perplexity\"" is used in language modeling as a related concept to quantify uncertainty in sets of possible events.""",50,26-50
165,208,"According to Fraser MacDonald, what broader cultural function did Cold War playground equipment serve?",It promoted international cooperation between nations,It made nuclear weapons intelligible in a domestic context,It encouraged children to pursue careers in engineering,It preserved historical artifacts for future generations,B,without_facts,,100,51-100
166,623,"During eukaryotic pre-mRNA processing, what happens during 3′ polyadenylation?",Introns are removed from the mRNA,A 7-methylguanosine cap is added to the 5′ end,Approximately 200 adenines are added to the 3′ end,The mRNA is transported to the cytoplasm,C,with_facts,"""\u2022 Gene expression is the process by which genetic information in a gene is converted into functional products like proteins or functional RNA molecules through transcription and translation steps.\n\n\u2022 Transcription involves RNA polymerases creating an RNA copy from a DNA template, with bacteria using one type of RNA polymerase while eukaryotes use three specialized types (RNA Pol I, II, and III) for different gene types.\n\n\u2022 In eukaryotes, newly transcribed pre-mRNA undergoes extensive processing including 5\u2032 capping with 7-methylguanosine, 3\u2032 polyadenylation (adding ~200 adenines), and RNA splicing to remove introns and join exons.\n\n\u2022 RNA splicing by the spliceosome complex removes introns and can occur alternatively, allowing a single gene to produce multiple different protein variants and increasing proteome complexity.\n\n\u2022 Non-coding RNAs like ribosomal RNA (rRNA) and transfer RNA (tRNA) also require specific processing steps, with rRNA being modified by snoRNAs in the nucleolus and tRNA having its ends trimmed by specialized enzymes.\n\n\u2022 The separation of transcription and translation by the nuclear membrane in eukaryotes provides time for extensive RNA processing, which may represent an evolutionary advantage over prokaryotes where these processes occur simultaneously.\n\n\u2022 Gene expression levels can be regulated in response to cellular needs and environmental changes, though some genes are expressed continuously with minimal variation.""",100,51-100
167,1516,Which empire was responsible for ending the Twenty-fifth Dynasty's rule over Egypt?,The Persian Empire,The Roman Empire,The Assyrian Empire,The Babylonian Empire,C,without_facts,,350,201-350
168,188,What characterized the relationship between diplomatic progress and military buildup during 1953-1962?,Diplomatic successes led to complete nuclear disarmament,No diplomatic progress was made during this entire period,"Despite some diplomatic progress like the Austrian State Treaty, both superpowers continued their nuclear arms race",Military buildup was abandoned in favor of peaceful negotiations,C,with_facts,"""\u2022 **Stalin's death in March 1953 led to major Soviet leadership changes**, with Nikita Khrushchev eventually consolidating power and initiating De-Stalinization policies that caused political unrest across the Eastern Bloc.\n\n\u2022 **Khrushchev's secret speech at the 20th Party Congress in February 1956 denounced Stalin's personality cult and crimes**, shocking both domestic and international audiences when the contents were leaked.\n\n\u2022 **Dwight D. Eisenhower became U.S. President in 1953 but maintained the core Cold War policy of containing Soviet influence**, despite exploring alternative approaches like \""rollback of communism.\""\n\n\u2022 **Secretary of State John Foster Dulles developed the doctrine of \""massive retaliation\"" and \""brinkmanship\""**, threatening overwhelming nuclear force to deter Soviet aggression while avoiding costly conventional warfare.\n\n\u2022 **The Soviet launch of Sputnik 1 in 1957 initiated the Space Race**, extending Cold War competition beyond Earth and highlighting technological rivalry between the superpowers.\n\n\u2022 **The Cold War expanded into Africa during decolonization**, with the Congo Crisis in 1960 drawing Cold War battle lines as the Democratic Republic of Congo became a Soviet ally.\n\n\u2022 **The period culminated in the Cuban Missile Crisis of 1962**, bringing the world to the brink of nuclear war and representing the most dangerous point of the Cold War.\n\n\u2022 **Despite some diplomatic progress like the Austrian State Treaty and 1954 Geneva Conference**, both superpowers continued their nuclear arms race throughout this period.""",1,1-5
169,5175,What are the two essential components required for a complete proof by mathematical induction?,A hypothesis and a conclusion,A base case and an inductive step,A premise and a logical deduction,An assumption and a verification,B,without_facts,,500,351-600
170,5363,"According to Mercer's proof, what special property does triangle BGF have (where G is the additional constructed point)?",It is isosceles,It is equilateral,It is a right triangle,It is similar to triangle ABC,B,with_facts,"""\u2022 Langley's Adventitious Angles is a geometric puzzle posed by Edward Mann Langley in The Mathematical Gazette in 1922, requiring the inference of an unknown angle from given angles in a diagram.\n\n\u2022 The problem involves an isosceles triangle ABC where angles CBA and ACB each equal 80\u00b0, making the apex angle BAC equal to 20\u00b0.\n\n\u2022 Two lines are drawn within the triangle: CF at 30\u00b0 to AC (intersecting AB at point F) and BE at 20\u00b0 to AB (intersecting AC at point E).\n\n\u2022 The challenge is to prove that angle BEF equals exactly 30\u00b0.\n\n\u2022 The problem can be solved using Hansen's resection method, but this only provides finite precision and leaves doubt about the exact value.\n\n\u2022 A direct classical geometry proof was developed by James Mercer in 1923, involving drawing one additional line and using the fact that triangle angles sum to 180\u00b0.\n\n\u2022 Mercer's proof demonstrates that several triangles within the construction are isosceles, including triangles BCG and BCF.\n\n\u2022 The solution reveals that triangle BGF (where G is an additional constructed point) is equilateral, which is key to proving the 30\u00b0 angle.""",500,351-600
171,4319,Why is nuclear marine propulsion used almost exclusively in aircraft carriers and submarines rather than commercial vessels?,Nuclear propulsion is too slow for commercial shipping schedules,The technology is too expensive for commercial applications,Regulations limiting radioactive fuel distribution and safety concerns restrict its use,Nuclear reactors require too much space for cargo ships,C,without_facts,,5,1-5
172,1790,What does proper motion measure for celestial objects?,The radial velocity of stars moving toward or away from Earth,The angular speed of objects as they move across the sky relative to the Solar System's center of mass,The absolute brightness changes of variable stars over time,The gravitational influence of one celestial body on another,B,with_facts,"""\u2022 Proper motion is the angular speed of celestial objects like stars as they move across the sky, measured as change in angular position over time relative to the Solar System's center of mass.\n\n\u2022 Proper motion is typically measured in arcseconds per year or milliarcseconds per year and is calculated relative to distant stars or stable reference frames like the International Celestial Reference Frame (ICRF).\n\n\u2022 The measurement has two components in the equatorial coordinate system: right ascension (\u03bc\u03b1) and declination (\u03bc\u03b4), which combine to give the total proper motion as a two-dimensional vector.\n\n\u2022 While stars appear to maintain fixed positions in constellations over human timescales, precise long-term observations reveal that constellations slowly change shape as each star has independent motion.\n\n\u2022 The Sun travels in a nearly circular orbit around the galaxy center at about 220 km/s at a radius of 8,000 parsecs (26,000 light-years) from Sagittarius A*, representing the Milky Way's rotation rate at this distance.\n\n\u2022 Patterns in proper motion data reveal larger galactic structures including stellar streams, the general rotation of the Milky Way disk, and random motions of stars in the galactic halo.\n\n\u2022 Combined with distance and radial velocity measurements, proper motion allows astronomers to calculate an object's three-dimensional motion relative to both the Solar System and the galaxy.""",500,351-600
173,3200,What was the primary focus of Japan's early disability legislation after WWII?,Providing comprehensive support for all people with disabilities,Helping disabled veterans,Establishing independent living centers,Creating community integration programs,B,without_facts,,750,601-1000
174,2517,What challenge did isomerism present to early researchers studying chemical substances?,Isomers had different chemical compositions but identical properties,Isomers could not be separated from mixtures,Isomers had identical composition but different atomic arrangements,Isomers only existed in gaseous states,C,with_facts,"""\u2022 A chemical substance is a unique form of matter with constant chemical composition and characteristic properties, which can exist as a single element or chemical compound.\n\n\u2022 Chemical substances can exist in different physical states (solids, liquids, gases, plasma) without changing their chemical composition, transitioning between phases based on temperature or pressure changes.\n\n\u2022 When two or more chemical substances combine without reacting, they form a chemical mixture; when separated to isolate one substance, the result can be chemically pure.\n\n\u2022 The concept of chemical substances was established in the late 18th century by chemist Joseph Proust, who formulated the law of constant composition stating that all samples of a compound have the same proportions of elements by mass.\n\n\u2022 Pure water (H2O) exemplifies a chemical substance with a constant 2:1 hydrogen-to-oxygen atomic ratio and characteristic properties like boiling near 100\u00b0C.\n\n\u2022 Some chemicals can combine or convert into new substances through chemical reactions, while inert chemicals do not possess this ability.\n\n\u2022 The definition varies across fields: in geology, uniform inorganic solids are minerals; in law, it may include mixtures with defined composition; in polymer chemistry, it encompasses mixtures of molecules with multiple molar masses.\n\n\u2022 Isomerism presented early challenges to researchers since isomers have identical composition but different atomic arrangements, leading to the crucial understanding of stereoisomerism and three-dimensional molecular structure.""",150,101-200
175,1017,What significant milestone did SIOC achieve in 2007?,It became an open-source project,It was integrated into major blogging platforms,It achieved recognition as a W3C Member Submission,It was acquired by a major technology company,C,without_facts,,25,6-25
176,296,Why was the Battle of Antietam considered a strategic Union victory despite the tactical outcome?,It resulted in significantly fewer Union casualties than Confederate casualties,It led to the immediate surrender of Lee's Army of Northern Virginia,It stopped Lee's invasion and enabled Lincoln to issue the Emancipation Proclamation,It demonstrated McClellan's superior military leadership and tactics,C,with_facts,"""\u2022 The Battle of Antietam took place on September 17, 1862, near Sharpsburg, Maryland, between Confederate General Robert E. Lee's Army of Northern Virginia and Union Major General George B. McClellan's Army of the Potomac.\n\n\u2022 It remains the bloodiest single day in American history, with 22,726 total casualties (dead, wounded, or missing) on both sides.\n\n\u2022 The battle was part of Lee's Maryland Campaign and marked the first major Civil War engagement fought on Union soil in the Eastern Theater.\n\n\u2022 Two Union soldiers discovered Lee's detailed battle plans (Special Order 191) wrapped around cigars, giving McClellan crucial intelligence about Lee's divided army, though McClellan waited 18 hours before acting on this advantage.\n\n\u2022 Despite being outnumbered two-to-one, Lee committed his entire force while McClellan used less than three-quarters of his army, allowing Lee to fight to a standstill.\n\n\u2022 The battle was a strategic Union victory as it repelled Lee's invasion of the North, giving President Lincoln the political confidence to issue the Emancipation Proclamation.\n\n\u2022 The Union victory discouraged British and French governments from recognizing the Confederacy, as they did not want to appear to support slavery after the Emancipation Proclamation.\n\n\u2022 President Lincoln relieved McClellan of command in November 1862 due to his overcautious approach and failure to pursue Lee's retreating army.""",100,51-100
177,3118,The competition timeline was strategically planned to begin and end on significant dates. What was the starting date and its significance?,March 8 (International Women's Day),May 3 (World Press Freedom Day),June 20 (World Refugee Day),December 10 (Human Rights Day),B,without_facts,,1,1-5
178,5604,"According to the facts, approximately how many binary and ternary mixtures are included in the comprehensive database published by the American Chemical Society?","5,825 mixtures","10,825 mixtures","15,825 mixtures","20,825 mixtures",C,with_facts,"""\u2022 Azeotrope tables contain data for binary and ternary mixtures of solvents, including mixture composition by weight, boiling points of components and mixtures, and specific gravity.\n\n\u2022 In binary azeotrope data, when only one fraction is given, it represents the fraction of the second component in the mixture.\n\n\u2022 All boiling points are reported at standard atmospheric pressure (760 mm Hg) unless specifically noted otherwise.\n\n\u2022 For mixtures that separate into distinct layers, separate values are provided for upper (U) and lower (L) layers.\n\n\u2022 The data sources are primarily Lange's 10th edition and CRC Handbook of Chemistry and Physics 44th edition.\n\n\u2022 A comprehensive database of 15,825 binary and ternary mixtures has been compiled and published by the American Chemical Society.\n\n\u2022 An online azeotrope databank is accessible through the University of Edinburgh for research purposes.\n\n\u2022 Ternary azeotropes include special types such as \""saddle azeotropes,\"" which represent a specific thermodynamic behavior in three-component systems.""",150,101-200
179,4115,What was the primary motivation behind naming Google's 2013 algorithm update 'Hummingbird'?,To reflect the algorithm's ability to handle mobile searches more effectively,To symbolize the speed and accuracy improvements in search capabilities,To represent the algorithm's focus on social media integration,To indicate the algorithm's emphasis on visual search features,B,without_facts,,350,201-350
180,2652,What was significant about Solnitsata in Bulgaria?,It was the largest salt mine in ancient Europe,It was where salt processing was first invented,"It was the first known European city, built around salt mining",It was the center of Mediterranean salt trade,C,with_facts,"""I notice there's a mismatch between your request and the content provided. You asked for key facts about XSLT (a programming language for transforming XML documents), but the article content is actually about salt (the mineral/food seasoning).\n\nBased on the salt article content provided, here are the key facts:\n\n\u2022 Salt is a mineral composed primarily of sodium chloride (NaCl), essential for life and one of the basic human tastes\n\n\u2022 Salt processing dates back to around 6000 BC, with early evidence from Romania and China where people boiled spring water to extract salts\n\n\u2022 Salt became a crucial trade commodity throughout history, transported across the Mediterranean, along salt roads, and via camel caravans across the Sahara\n\n\u2022 Of the approximately 300 million tonnes produced annually, only a small percentage is used for human consumption - the majority serves as feedstock for chemical production\n\n\u2022 Salt is processed from salt mines and through evaporation of seawater and mineral-rich spring water in shallow pools\n\n\u2022 The first known European city, Solnitsata in Bulgaria, was built around a salt mine operation dating to 5400 BC\n\n\u2022 Salt has significant cultural and religious importance, used in ceremonies and to seal agreements (such as the Hebrew \""covenant of salt\"")\n\n\u2022 While sodium is essential for human health, excessive salt consumption increases cardiovascular disease risk, with WHO recommending less than 5 grams daily\n\n\u2022 Agricultural societies require salt supplementation more than nomadic peoples, since plant-based diets contain less natural sodium than meat and dairy""",750,601-1000
181,5161,"Based on the historical development described, what can be concluded about the relationship between algebra and theory of equations?",Theory of equations has always been a small subset of algebra,Modern algebra remains focused primarily on solving polynomial equations,"Until the 19th century, the two fields were essentially the same, but algebra later expanded beyond equation-solving",Theory of equations developed as a branch of algebra only after Galois theory was established,C,without_facts,,100,51-100
182,596,"According to meme theory, what process do memes undergo that is similar to biological evolution?",Only variation and mutation,Only competition and inheritance,"Variation, mutation, competition, and inheritance",Only imitation and transmission,C,with_facts,"""I notice there's a discrepancy in your request. You asked for key facts about \""Heme\"" but the article content is actually about \""Meme\"" (the cultural concept). I'll extract key facts from the provided article about memes:\n\n\u2022 A meme is an idea, behavior, or style that spreads through imitation from person to person within a culture, acting as a unit for carrying cultural ideas, symbols, or practices.\n\n\u2022 The term \""meme\"" was coined by British evolutionary biologist Richard Dawkins in his 1976 book \""The Selfish Gene\"" as a cultural analogue to genes.\n\n\u2022 Memes are theorized to evolve through processes similar to biological evolution, including variation, mutation, competition, and inheritance, with successful memes surviving and spreading while others become extinct.\n\n\u2022 The word \""meme\"" is derived from the Greek word \""mimema\"" meaning \""imitated thing\"" and was shortened to parallel the word \""gene.\""\n\n\u2022 In popular usage, \""meme\"" often refers to Internet memes - images, videos, or content that are remixed, copied, and shared online as part of digital culture.\n\n\u2022 Memetics emerged as a field of study in the 1990s to examine meme transmission using evolutionary models, though it faces criticism regarding empirical study methods.\n\n\u2022 Dawkins cited geneticist L. L. Cavalli-Sforza, anthropologist F. T. Cloak, and ethologist J. M. Cullen as inspirations for developing meme theory.\n\n\u2022 Examples of memes include melodies, catchphrases, fashion trends, and technologies like arch-building techniques.""",350,201-350
183,5047,What role did the Eurasian steppe primarily serve in early human history?,It was the exclusive homeland of Neanderthals,It served as a crucial corridor connecting diverse regions and facilitating trade routes,It was the origin point of the first human migration out of Africa,It was avoided by early humans due to harsh climate conditions,B,without_facts,,100,51-100
184,5084,What significant climatic impact is hypothesized to have resulted from tectonic activity in the Indonesian Seaway region?,Complete blocking of ocean currents between Pacific and Indian oceans,Alteration of regional monsoon patterns due to tectonic uplift beginning ~4 million years ago,Creation of permanent drought conditions across the Indonesian archipelago,Elimination of seasonal weather variations in Southeast Asia,B,with_facts,"""\u2022 Indonesia is located at the intersection of multiple tectonic plates, including the Australian Plate, Sunda Plate, Pacific Plate, and Philippine Sea Plate, making it one of the most seismically active regions on Earth.\n\n\u2022 The subduction of the Indian Plate beneath the Sunda Plate created the volcanic arc in western Indonesia, forming Sumatra, Java, Bali, and the Lesser Sunda Islands, most of which emerged within the last 2-3 million years.\n\n\u2022 Major fault systems include the Great Sumatran Fault (1,900 km long), the Palu-Koro fault across central Sulawesi, and the Sorong fault extending 2,000 km from West Papua to East Sulawesi.\n\n\u2022 Earthquake frequency varies significantly by region - large-scale earthquakes may occur every 100 years off Sumatra's coast but only every 500 years off western Java's coast.\n\n\u2022 Megathrust segments off Southeastern Sumatra and Western Java generate tsunamis averaging 11 meters in height, with potential to reach 34 meters due to the combination of megathrusts and backthrust faults.\n\n\u2022 Western Indonesia's geology is dominated by younger Cenozoic formations (Paleogene to Quaternary), while eastern Indonesia contains generally older rock formations ranging from Permian to Tertiary periods.\n\n\u2022 The Indonesian Seaway forms geological choke points between the Pacific and Indian oceans, with tectonic uplift beginning ~4 million years ago hypothesized to have altered regional climate patterns, particularly monsoons.""",50,26-50
185,5248,Which statement about Riemannian metrics on smooth manifolds is correct?,Only very special manifolds can admit a Riemannian metric,Each smooth manifold has exactly one natural Riemannian metric,Every smooth manifold admits at least one Riemannian metric,Riemannian metrics can only exist on manifolds embedded in Euclidean space,C,without_facts,,250,201-350
186,3107,What happened to the balance of power between the two largest political groups after the 1999 election?,The Social Democrats (PES) maintained their position as the largest group,Both groups gained seats equally,The conservative EPP overtook the Social Democrats to become the largest group,A coalition was formed between EPP and PES,C,with_facts,"""\u2022 The 1999 European Parliament election was held on June 10, 11, and 13, 1999, across 15 EU member states to elect all 626 members of the European Parliament.\n\n\u2022 This was the first election where Austria, Finland, and Sweden participated alongside other member states, having joined the EU in 1995 after voting separately in previous elections.\n\n\u2022 Voter turnout was generally low across most countries, with exceptions in Belgium and Luxembourg where voting is compulsory and national elections were held simultaneously.\n\n\u2022 The conservative EPP group became the largest parliamentary group by gaining 23 seats and reaching 233 total seats, overtaking the Social Democrats (PES) who lost 34 seats.\n\n\u2022 The Social Democratic PES group performed poorly, losing 34 seats and falling to become the second-largest group in Parliament.\n\n\u2022 A unique incident occurred when the \""Technical Group of Independent Members\"" (TGI) was forcibly dissolved in September 1999 by the Constitutional Affairs Committee for lacking political affinity\u2014the only group ever to be forcibly disbanded.\n\n\u2022 The Green Group strengthened its position by gaining 11 seats and forming the Greens/EFA alliance with European Free Alliance members, totaling 48 MEPs.\n\n\u2022 No explicitly far-right group existed before or after the election, with all far-right MEPs sitting as independents.""",100,51-100
187,5614,"Based on Google's index as of June 14, 2015, approximately how many pages did the Surface Web contain?",1.48 billion pages,14.8 million pages,14.8 billion pages,148 billion pages,C,without_facts,,500,351-600
188,1966,What are the SI units of magnetic scalar potential?,Volts (V),Tesla (T),Amperes (A),Weber (Wb),C,with_facts,"""\u2022 Magnetic scalar potential (\u03c8) is a physical quantity analogous to electric potential, used to specify the magnetic H-field when there are no free currents present.\n\n\u2022 The magnetic scalar potential is particularly useful for determining magnetic fields due to permanent magnets when their magnetization is known.\n\n\u2022 In regions with zero current density, the magnetic field H can be expressed as H = -\u2207\u03c8, similar to how electric field relates to electric potential.\n\n\u2022 The magnetic scalar potential has units of amperes (A) in the SI system.\n\n\u2022 The scalar potential satisfies Poisson's equation: \u2207\u00b2\u03c8 = \u2207 \u00b7 M, where M is the magnetization vector.\n\n\u2022 The divergence of magnetization (\u2207 \u00b7 M) acts as the source for the magnetic field, analogous to how electric polarization creates electric fields.\n\n\u2022 Bound magnetic charge density is defined as \u03c1\u2098 = -\u2207 \u00b7 M, though magnetic monopoles never occur in isolation and only exist within dipoles with zero total magnetic charge.\n\n\u2022 The potential is valid in simply connected regions without currents, allowing piecewise solutions to be combined for complete spatial descriptions of magnetic fields.\n\n\u2022 When free currents are present, their contributions can be subtracted using the Biot-Savart law, and the remainder solved using the scalar potential method.""",25,6-25
189,3652,What are the two main tasks that document retrieval systems must accomplish?,Building indexes and creating user interfaces,Storing documents and processing queries,Finding relevant documents and evaluating/sorting results by relevance,Classifying documents and generating summaries,C,without_facts,,200,101-200
190,1532,What geographic feature marks the end of Glen Canyon?,The confluence with the Green River,Lee's Ferry near the Vermilion Cliffs,The Utah-Arizona state border,The Glen Canyon Dam,B,with_facts,"""\u2022 Glen Canyon is a 169.6-mile natural canyon carved by the Colorado River, stretching from southeastern Utah to northern Arizona and ending at Lee's Ferry near the Vermilion Cliffs.\n\n\u2022 In 1963, the Glen Canyon Dam was constructed, creating Lake Powell reservoir which flooded much of the canyon under hundreds of feet of water.\n\n\u2022 The dam remains controversial among environmentalists, with organizations like the Sierra Club calling for its dismantling and the draining of Lake Powell since the late 1990s.\n\n\u2022 Archaeological evidence shows human occupation from pre-AD 1 to the 15th century, including Late Basketmaker II Era (AD 50-500), Pueblo I Era (AD 750-900), and Pueblo II-III periods (AD 900-1100).\n\n\u2022 The canyon was primarily used for seasonal rather than permanent occupation by hunters and farmers, with evidence suggesting \""home base\"" pueblos in nearby highlands supported temporary parties in the canyon.\n\n\u2022 Stone tool manufacturing was a major industry in the region, with cryptocrystalline rocks from Pleistocene gravel beds providing materials for tools ranging from arrowheads to large knives.\n\n\u2022 Today, Glen Canyon and Lake Powell are managed by the U.S. Department of the Interior as part of Glen Canyon National Recreation Area.""",1,1-5
191,518,What was the primary cause of Sisygambis's death?,She was executed by Alexander's successors,She died of old age and natural causes,She died of grief-induced starvation after Alexander's death,She was killed in battle defending her family,C,without_facts,,50,26-50
192,4140,What is the correct way to dial a Jakarta landline number from abroad?,+62 021 followed by the 8-digit number,+62 0021 followed by the 8-digit number,+62 21 followed by the 8-digit number,+62 followed by the 8-digit number only,C,with_facts,"""\u2022 Indonesia uses different numbering systems for landlines (with area codes) and mobile phones (without area codes)\n\n\u2022 When dialing domestically, landline area codes require a \""0\"" prefix, but this \""0\"" is omitted when calling from abroad using the country code +62\n\n\u2022 Landline numbers have 8 digits in large cities and 7 digits in other areas, while mobile numbers vary from 9-12 digits depending on the operator and service type\n\n\u2022 Emergency numbers in Indonesia follow an 11x format, with 110 for police, 118/119 for ambulance, 113 for fire, and 112 for mobile/satellite emergency calls\n\n\u2022 Until October 1999, East Timor was part of Indonesia's telephone numbering plan with area codes 0390 (Dili) and 0399 (Baucau)\n\n\u2022 Mobile phones are commonly referred to as \""HP\"" (hand phone) on business cards and contact information in Indonesia\n\n\u2022 Major mobile operators include PT Telkomsel, PT Indosat, PT XL Axiata, and Smartfren, each with specific number prefixes starting with 08\n\n\u2022 Jakarta uses area code 021, while other regions have different area codes (e.g., Yogyakarta uses 0274, Bandung uses 022)""",10,6-25
193,1527,What does the discovery of two dwarf giraffes in Murchison Falls National Park suggest about the Rothschild's giraffe population?,The population is genetically diverse and adapting to new environments,Natural selection is favoring smaller individuals in protected areas,The small population size may be leading to inbreeding and genetic problems,Climate change is affecting the normal growth patterns of giraffes,C,without_facts,,500,351-600
194,5507,How does rational decision-making under uncertainty work according to decision theory?,By choosing the option with the highest possible outcome regardless of probability,By calculating expected values through multiplying outcome probabilities with their respective values,By relying on intuition and past experience to guide choices,By selecting the option with the lowest risk of negative outcomes,B,with_facts,"""\u2022 Decision theory is a branch of probability, economics, and analytic philosophy that models rational behavior under uncertainty using expected utility and probability concepts.\n\n\u2022 The field is primarily prescriptive, focusing on identifying optimal decisions for rational agents rather than describing how people actually make decisions.\n\n\u2022 Decision theory has historical roots in 17th-century probability theory developed by Pascal and Fermat, with Daniel Bernoulli introducing \""expected utility\"" in the 18th century.\n\n\u2022 John von Neumann and Oskar Morgenstern formalized expected utility theory in the 1940s, establishing a rational basis for decision-making under uncertainty through their work on game theory.\n\n\u2022 The field has three main branches: normative (identifying optimal decisions), descriptive (describing observed behaviors), and prescriptive (making predictions about behavior).\n\n\u2022 Choice under uncertainty represents the core of decision theory, where rational decision-making involves calculating expected values by multiplying outcome probabilities with their respective values.\n\n\u2022 Daniel Kahneman and Amos Tversky challenged rational decision-making assumptions through behavioral economics, developing prospect theory to account for psychological factors and cognitive biases.\n\n\u2022 The Allais paradox and Ellsberg paradox demonstrated systematic departures from expected utility maximization in human behavior, highlighting limitations of purely rational models.""",750,601-1000
195,2848,How do some surplus items (numbers 14 and 15) differ from the traditional thirteen treasures?,They were added in the oldest manuscripts but removed in later versions,They originate from Arthurian romance literature rather than traditional Welsh material,They represent a different geographic region than the Hen Ogledd,They lack any magical properties unlike the original thirteen,B,without_facts,,500,351-600
196,682,"According to the facts, what distinguishes modern frameworks of personhood from traditional definitions?",Modern frameworks focus on genetic uniqueness while traditional ones focus on viability,"Modern frameworks emphasize subjectivity, intersubjectivity, mind, and selfhood while traditional ones were soul-based",Modern frameworks rely solely on scientific evidence while traditional ones were purely philosophical,Modern frameworks begin at birth while traditional ones began at conception,B,with_facts,"""\u2022 The beginning of human personhood is a contested concept with no scientific consensus, as different biologists propose various markers including fertilization, gastrulation, EEG patterns, and birth.\n\n\u2022 The debate spans multiple disciplines (science, religion, philosophy, and law) and is particularly relevant to discussions about abortion, stem cell research, reproductive rights, and fetal rights.\n\n\u2022 Fertilization occurs when sperm and egg fuse to form a genetically distinct zygote, but many zygotes (10-70%) die before implantation, and others are miscarried after implantation.\n\n\u2022 The concept of personhood has evolved from traditional soul-based definitions to modern frameworks involving subjectivity, intersubjectivity, mind, and selfhood.\n\n\u2022 Gastrulation at 14 days is significant because it marks the point after which non-conjoined twins can no longer form, leading some to argue this represents the earliest point of individual personhood.\n\n\u2022 Some scholars distinguish between \""human life\"" and \""personhood,\"" arguing that being biologically human does not automatically confer person status.\n\n\u2022 Implantation (around 9 days after fertilization) is proposed by some as the beginning of life because the embryo begins biochemical communication with the mother and establishes itself as an independent organism.\n\n\u2022 Religious perspectives vary, with some interpretations linking the \""breath of life\"" to either oxygen intake at implantation or the first breath of air at birth.""",100,51-100
197,4,Why are some uncompleted Axis ships included in this list?,They were captured and completed by Allied forces,They represent significant technological advances,For historical interest,They were used as training vessels,C,without_facts,,50,26-50
198,3656,Why was the Arabian Kamal limited in its practical application for navigation?,It could only be used during daylight hours,It was too heavy for ships to carry,It was limited to equatorial regions where the North Star appeared close to the horizon,It required complex mathematical calculations that most sailors couldn't perform,C,with_facts,"""\u2022 Pytheas, a Greek explorer, voyaged to Britain and the Arctic Circle in 325 BC, observing the midnight sun and contributing early measurements of latitude using methods like gnomon shadow measurements and solar observations.\n\n\u2022 The Greeks developed multiple methods for measuring latitude, including measuring the Sun's height above the horizon at midday, calculating day length at summer solstice, and observing solar elevation at winter solstice.\n\n\u2022 Marinus of Tyre (70-130 CE) was the first person to assign both latitude and longitude coordinates to every location on his maps.\n\n\u2022 The Arabian Kamal, used from the late 9th century CE, measured Polaris's height above the horizon but was limited to equatorial regions where the North Star appeared close to the horizon.\n\n\u2022 The mariner's astrolabe (15th-17th centuries) enabled latitude measurement in the Southern Hemisphere by observing the Sun's angle at noon, requiring solar declination tables like those published by Abraham Zacut in 1496.\n\n\u2022 The first recorded observations of using solar measurements for latitude at sea were made by Spanish pilot Andr\u00e9s de San Mart\u00edn during the Magellan-Elcano expedition (1519-1522).\n\n\u2022 The backstaff (16th century) and its improved version, the Davis quadrant, measured latitude using shadow length rather than direct solar observation.\n\n\u2022 The sextant, conceptualized by Isaac Newton and first implemented around 1730 by John Hadley and Thomas Godfrey, eventually displaced other navigation instruments and remains in use today.""",250,201-350
199,5163,Which century saw the discovery of solution methods for both cubic and quartic equations?,15th century,16th century,17th century,18th century,B,without_facts,,100,51-100
200,882,How are periods (.) used in bibcode formatting?,Only to separate different components of the bibcode,Only to indicate missing publication information,To fill unused fields and pad fields to their fixed length,To mark the beginning and end of the identifier,C,with_facts,"""\u2022 The bibcode (also called refcode) is a compact 19-character identifier used by astronomical data systems to uniquely specify literature references.\n\n\u2022 Originally developed for SIMBAD and the NASA/IPAC Extragalactic Database (NED), it became a de facto standard now used by systems like the NASA Astrophysics Data System.\n\n\u2022 The format follows the structure YYYYJJJJJVVVVMPPPPA, where YYYY is the four-digit year, JJJJJ indicates the publication source, VVVV is the volume number, M indicates the journal section, PPPP is the starting page number, and A is the first letter of the first author's last name.\n\n\u2022 Periods (.) are used to fill unused fields and pad fields to their fixed length, with right-padding for publication codes and left-padding for volume and page numbers.\n\n\u2022 Page numbers exceeding 9999 continue into the M column, and Physical Review's 6-digit article IDs are handled by converting the first two digits to lowercase letters in column M.\n\n\u2022 Modern publishers increasingly use electronic identifiers instead of page numbers, making the page field no longer guaranteed to be numeric and potentially containing letters, periods, dashes, or other characters.\n\n\u2022 The volume field may also contain non-numeric characters, and modern bibcodes are likely to be deprecated in the future due to these changes in publishing practices.""",750,601-1000
201,1204,"Based on the annual precipitation and temperature ranges, what can be inferred about the vegetation adaptations in this ecoregion?",Plants must be adapted to high moisture and constant temperatures,Vegetation must tolerate both drought conditions and extreme temperature variations,"Plants need adaptations only for hot, humid conditions",Vegetation requires adaptations primarily for flooding and waterlogged soils,B,without_facts,,50,26-50
202,1200,What type of climate characterizes the Central Asian northern desert ecoregion?,Hot desert with mild winters,Cold desert with low annual precipitation,Mediterranean with wet winters,Continental with high precipitation,B,with_facts,"""\u2022 The Central Asian northern desert is an ecoregion located in southern Kazakhstan and most of Uzbekistan, classified as part of the deserts and xeric shrublands biome.\n\n\u2022 The region experiences a cold desert climate with annual precipitation of 100-150 mm, cold winters averaging \u221210 to \u221215\u00b0C, and hot summers around 25\u00b0C.\n\n\u2022 The ecoregion features diverse habitat types including salt flats (\""solonchaks\""), clay deserts, rocky deserts, and some sandy desert areas.\n\n\u2022 Vegetation consists primarily of drought-adapted shrubs and semi-shrubs, including various Artemisia and Salsola species that are adapted to different soil types.\n\n\u2022 The fauna is diverse and includes notable mammals such as saiga antelope, goitered gazelle, onager, and tolai hare, plus numerous reptile species and rich invertebrate communities.\n\n\u2022 Bird species include the endangered houbara bustard, golden eagle, steppe eagle, and saker falcon among others.\n\n\u2022 The ecoregion's conservation status is listed as \""vulnerable\"" due to conversion to farmland, overgrazing, and poaching activities.\n\n\u2022 Protected areas within the ecoregion include Barsa-Kelmes Nature Reserve, Kaplankyr reserve, Ustyurt reserve, and Altyn-Emel National Park.""",50,26-50
203,3380,What happens when a customer fails to repay a pawn loan within the contractual time period?,The pawnbroker must return the item and report the default to credit agencies,The pawnbroker can sell the item to recover the loan value without affecting the customer's credit report,The customer is given an automatic extension and charged additional fees,The pawnbroker must hold the item for an additional 30 days before taking action,B,without_facts,,750,601-1000
204,1697,"If you weigh 100 kg at sea level, approximately how much would you weigh at an altitude of 9,000 meters?",99.71 kg,100.29 kg,90 kg,110 kg,A,with_facts,"""\u2022 Earth's gravity (g) is the net acceleration from both gravitational attraction and centrifugal force due to Earth's rotation, with a standard value of approximately 9.8 m/s\u00b2 near the surface.\n\n\u2022 The conventional standard value for Earth's gravity is 9.80665 m/s\u00b2, established in 1901 by the General Conference on Weights and Measures based on measurements near Paris.\n\n\u2022 Earth's gravity varies by location due to the planet's oblate shape (flatter at poles, bulging at equator) and rotation, ranging from 9.7639 m/s\u00b2 in Peru to 9.8337 m/s\u00b2 in the Arctic Ocean.\n\n\u2022 Gravity is stronger at the poles than at the equator - objects weigh approximately 0.5% more at the poles due to reduced centrifugal force and closer proximity to Earth's center.\n\n\u2022 Gravity decreases with altitude because of increased distance from Earth's center, with a weight decrease of about 0.29% when rising from sea level to 9,000 meters.\n\n\u2022 Astronauts in orbit (like on the ISS at 400 km altitude) still experience nearly 90% of Earth's surface gravity - they feel weightless because they are in continuous free-fall, not because they've escaped gravity.\n\n\u2022 Earth's gravity is measured in meters per second squared (m/s\u00b2) or newtons per kilogram (N/kg), and represents how much an object's downward velocity increases each second when falling freely.""",5,1-5
205,5194,"What is the key difference between complexity classes P, BPP, and BQP?","They represent different types of computational problems (decision, search, counting)",They classify problems by whether they are solvable or unsolvable,"They distinguish between polynomial-time algorithms on deterministic, probabilistic, and quantum machines respectively",They represent different ways of encoding problem instances as binary strings,C,without_facts,,750,601-1000
206,3891,Who is recognized as the first person to successfully decipher Egyptian hieroglyphs?,Howard Carter,Flinders Petrie,Jean-François Champollion,Prince Khaemweset,C,with_facts,"""\u2022 **Egyptology is the scientific study of ancient Egypt**, encompassing artifacts, writing, history, language, literature, religion, architecture, culture and art from the 5th millennium BC until the 4th century AD.\n\n\u2022 **Modern Egyptology began with Napoleon's invasion of Egypt in the late 18th century** and the subsequent discovery of the Rosetta Stone in 1799.\n\n\u2022 **Jean-Fran\u00e7ois Champollion deciphered Egyptian hieroglyphs in 1822**, marking the true beginning of modern Egyptological study and enabling scholars to read ancient Egyptian texts.\n\n\u2022 **Prince Khaemweset, son of Ramesses II, is considered the first Egyptologist** for his work in the 13th century BC identifying and restoring historic buildings, tombs, temples, and pyramids.\n\n\u2022 **Medieval Islamic scholars played a crucial role in preserving Egyptian knowledge**, making attempts to translate Ancient Egyptian texts into Arabic and writing detailed descriptions of monuments.\n\n\u2022 **Flinders Petrie introduced modern archaeological techniques** to Egyptology, including systematic field preservation, recording, and excavation methods.\n\n\u2022 **Howard Carter's 1922 discovery of Tutankhamun's tomb** brought widespread public attention to Egyptology and significantly advanced understanding of Egyptian burial practices and artifacts.\n\n\u2022 **Contemporary Egyptology uses modern technology** including geophysical methods and advanced sensing techniques, with excavation permits controlled by Egypt's Ministry of State for Antiquities.""",350,201-350
207,5096,"During which period of the Neoproterozoic did the most severe glaciation event occur, creating 'Snowball Earth' conditions?",Tonian,Ediacaran,Cryogenian,Cambrian,C,without_facts,,100,51-100
208,2874,What makes disabled people inherently more at risk from climate change effects beyond their disability status?,They are more likely to live in urban areas,"A disproportionate number live in poverty, limiting access to adaptation tools",They have higher energy consumption needs,They are less aware of climate risks,B,with_facts,"""\u2022 Climate change disproportionately affects individuals with disabilities, who are more likely to experience climate impacts more acutely than those without disabilities due to limited mobility and reduced access to emergency resources.\n\n\u2022 People with disabilities make up more than 15% of the global population but have had minimal involvement in climate change decision-making processes.\n\n\u2022 Only 37 of 192 State Parties to the Paris Agreement currently refer to persons with disabilities in their nationally determined contributions, and only 46 refer to them in domestic climate adaptation policies.\n\n\u2022 A disproportionate number of disabled people live in poverty, making them inherently more at risk from climate change effects as they cannot access crucial adaptation tools like air conditioning.\n\n\u2022 Disabled people are most likely to be negatively affected by both immediate emergencies (floods, tornadoes) and gradual emergencies (rising sea levels) due to accessibility barriers.\n\n\u2022 The UN Convention on the Rights of Persons with Disabilities (CRPD) is connected to five Sustainable Development Goals, including quality education, decent work, reducing inequality, sustainable cities, and global partnerships.\n\n\u2022 International agreements like the 2010 Cancun Agreements, 2013 Warsaw International Mechanism, and 2015 Paris Agreement preamble acknowledge the relationship between disability and climate change.\n\n\u2022 In 2019, the Office of the High Commissioner for Human Rights published an analytical study specifically addressing the rights of persons with disabilities in the context of climate change.""",750,601-1000
209,147,How many Paris sections participated in declaring themselves in insurrection on 30 May?,22 sections,29 sections,33 sections,31 sections,C,without_facts,,50,26-50
210,5605,Which organization has officially standardized seven-segment display character representations?,ISO (International Organization for Standardization),IEEE (Institute of Electrical and Electronics Engineers),IEC (International Electrotechnical Commission),None of these organizations have standardized them,D,with_facts,"""\u2022 Seven-segment display character representations are not standardized by any official entity (ISO, IEEE, or IEC), though Unicode 13.0 provides encoding codepoints in the Symbols for Legacy Computing block.\n\n\u2022 Multiple conventions exist for displaying certain digits, with optional segments for digit 6 (segment A), digit 7 (segment F), and digit 9 (segment D).\n\n\u2022 For hexadecimal digits A-F, the modern standard uses uppercase A, lowercase b, uppercase C, lowercase d, uppercase E and F, though historical implementations varied significantly across manufacturers.\n\n\u2022 Seven-segment displays can show most letters of Latin, Cyrillic, and Greek alphabets, but certain letters (M, V, W, X) cannot be expressed unambiguously due to diagonal strokes or multiple vertical segments.\n\n\u2022 Different decoder chips historically used various schemes for displaying hexadecimal values, including Texas Instruments chips that used truncated number forms and Soviet calculators that used symbols like \""\u2212\"", \""L\"", \""C\"", \""\u0413\"", \""E\"".\n\n\u2022 Some letters can only be displayed in either uppercase or lowercase form but not both, limiting the flexibility of text representation on seven-segment displays.\n\n\u2022 Seven-segment displays are typically used for basic notifications on consumer electronics and internal test messages, where more complex displays (14-segment, 16-segment, or dot matrix) are preferred for critical or extensive text display needs.""",50,26-50
211,1169,What does the presence of mucilage canals in Malvaceae stems suggest about the family's evolutionary adaptations?,All plants in the family are aquatic,The family evolved specialized internal structures with likely functional significance,Mucilage canals are found in all flowering plant families,This feature is only important for ornamental value,B,without_facts,,200,101-200
212,4227,"Based on the timeline provided, how long did it take from the FCC beginning to solicit proposals until satellite and cable companies began carrying HD programming?",Approximately 10 years,Approximately 13-15 years,Approximately 7 years,Approximately 20 years,B,with_facts,"""\u2022 HDTV was introduced in the United States in 1998, with WRAL-TV in Raleigh, North Carolina becoming the first station to broadcast a digital television signal on July 23, 1996.\n\n\u2022 The Federal Communications Commission (FCC) began soliciting proposals for a new television standard in the late 1980s and formed the \""Grand Alliance\"" in 1993 by having competing companies pool their resources.\n\n\u2022 The first public HDTV broadcast featured the launch of Space Shuttle Discovery and John Glenn's return to space, while the first commercial HD broadcast of a local sporting event was a Texas Rangers vs. Chicago White Sox baseball game on March 31, 1998.\n\n\u2022 Super Bowl XXXIV, broadcast by ABC on January 30, 2000, was the first major sporting event broadcast nationwide in HD.\n\n\u2022 Both satellite television companies (Dish Network and DirecTV) and cable television companies began carrying HD programming in 2003.\n\n\u2022 By 2018, HDTV had become the dominant standard with about 85% of all TVs used being HD, and by the 2014-15 season, every network show producing new episodes had transitioned to high definition.\n\n\u2022 In the US, 720p and 1080i formats are used for linear channels, while 1080p is available mainly for pay-per-view and video on demand content, with some networks beginning to transmit 1080p via ATSC 3.0 multiplex channels.\n\n\u2022 HD programming is now carried by all major television networks (ABC, CBS, NBC, FOX, PBS, The CW, etc.) in nearly all designated market areas (DMAs), with hundreds of HD channels available through various delivery methods.""",150,101-200
213,3222,What percentage of NATO's fuel needs were provided by Pakistani supply routes by 2007?,65%,75%,80%,85%,C,without_facts,,10,6-25
214,303,"According to Patriot accounts, what were the total casualties for each side in the battle?",Patriots: 1 killed; British: 24 killed or captured,Patriots: 4 killed; British: 20 killed,Patriots: 0 killed; British: 20 killed or captured,Patriots: 1 killed; British: 20 killed,A,with_facts,"""\u2022 The Battle of Summerfield took place on February 12, 1781, in present-day northern Guilford County, North Carolina, between Patriot forces under Col. Henry Lee III and British forces under Banastre Tarleton.\n\n\u2022 The battle occurred one month before the larger Battle of Guilford Courthouse and began when farmer Isaac Wright reported British dragoons in the area to Patriot commanders Williams and Lee.\n\n\u2022 14-year-old James Gillis, a bugler boy, was killed when his tired horse was overtaken by British dragoons while following a reconnaissance mission, sparking the main engagement.\n\n\u2022 According to Patriot accounts, the battle resulted in 20 British dragoons killed and 4 captured, including Captain Cornet Miller, with no Patriot losses except for bugler Gillis.\n\n\u2022 Col. Lee initially ordered the summary execution of Captain Miller, blaming him for Gillis's death, but the approach of British reinforcements forced a retreat before the execution could be carried out.\n\n\u2022 Captain Miller was ultimately taken as a prisoner of war to Major General Nathanael Greene rather than being executed.\n\n\u2022 Two memorials honor James Gillis today - one at Guilford Courthouse National Military Park and another at the site of his death, plus a state historical marker in Summerfield.""",250,201-350
215,4365,What is the planned investment amount for Germany's space security capabilities as of September 2025?,€25 billion,€35 billion,€45 billion,€30 billion,B,without_facts,,25,6-25
216,3898,What symbolic relationship exists between the twin lions Duaj and Sefe in Aker's later representation?,They represent the northern and southern borders of Egypt,They symbolize life and death in the afterlife journey,They embody the temporal concepts of tomorrow and yesterday,They guard the entrance and exit of the underworld,C,with_facts,"""\u2022 Aker was an ancient Egyptian deity who personified the horizon and served as an earth and underworld god, specifically guarding the eastern (Bakhu) and western (Manu) horizons.\n\n\u2022 The deity's visual representation evolved over time: initially depicted as a single recumbent lion torso, later as two merged lion torsos, and from the Middle Kingdom onward as twin lions named Duaj (\""tomorrow\"") and Sefe (\""yesterday\"").\n\n\u2022 Aker first appeared during Egypt's 1st Dynasty under pharaohs Hor Aha and Djer, with his mythological role fully described in the Pyramid Texts of king Teti, though his main cult center location remains unknown.\n\n\u2022 In Egyptian mythology, Aker protected deceased kings by \""encircling\"" them to seal them away from three demonic snakes (Hemtet, Iqeru, and Jagw) and their poisonous breath.\n\n\u2022 During the Middle Kingdom period, Aker replaced the god Kherty as the \""ferryman of Ra,\"" protecting the sun god during his nocturnal journey through the underworld.\n\n\u2022 In the Book of the Dead, Aker \""gives birth\"" to the god Khepri (the rising sun as a scarab beetle) after safely carrying Khepri's sarcophagus through the underworld caverns.\n\n\u2022 Aker was mythologically connected to forming a bridge between the northern and western horizons with his body, and in some texts represents the underworld itself.""",250,201-350
217,2853,"According to the Associated Press investigation, approximately how many allegations of sexual abuse by UN personnel occurred in the 12 years prior to 2017?",Nearly 500 allegations,"Nearly 1,000 allegations","Nearly 1,500 allegations","Nearly 2,000 allegations",D,without_facts,,10,6-25
218,3837,How was Smith ultimately captured after fleeing Texas?,He turned himself in to local authorities,He was found hiding in a barn near Paris,He was captured in Arkansas after a nationwide manhunt,He was arrested at a train station in Louisiana,C,with_facts,"""\u2022 Henry Smith was an African-American handyman who was lynched in Paris, Texas on February 1, 1893, after allegedly murdering 3-year-old Myrtle Vance, the daughter of Deputy Henry Vance who had beaten Smith during an arrest.\n\n\u2022 The incident began when Deputy Vance arrested Smith for being drunk and disorderly, using physical force (\""his club\"") to subdue him during the arrest.\n\n\u2022 Witnesses saw Smith carrying the child through Paris on January 26, 1893, claiming he was taking her to her mother or doctor, but the child's body was found dead the next day in a pasture.\n\n\u2022 Medical examiners provided sworn testimony that the child had been sexually assaulted and murdered, finding physical evidence of rape and strangulation, contradicting later claims by journalist Ida B. Wells that no such assault occurred.\n\n\u2022 Smith fled Texas but was captured in Arkansas after a nationwide manhunt that included free railroad transportation for searchers and massive public attention.\n\n\u2022 After initially denying involvement, Smith confessed on the train back to Paris, stating he was drunk and motivated by revenge against the child's father, and that he suffocated the child the morning after the assault.\n\n\u2022 Upon his return to Paris, Smith was met by an estimated 5,000-person mob and repeatedly begged his police guards to shoot him rather than turn him over to the crowd.\n\n\u2022 Smith was ultimately burned at the stake by the mob, and his lynching received national media coverage including reporting by The New York Times.""",200,101-200
219,2427,"Based on the formation requirements, where would you most likely find methane clathrate deposits?",In tropical ocean waters at any depth,"In deep ocean trenches below 5,000 meters",In continental shelves at depths greater than 300 meters,Only in freshwater lakes in polar regions,C,without_facts,,500,351-600
220,1800,What mathematical structure does relativistic angular momentum form when classical angular momentum combines with the time-varying moment of mass?,A first-order symmetric tensor,A second-order antisymmetric tensor,A scalar quantity,A vector in four-dimensional space,B,with_facts,"""\u2022 Relativistic angular momentum is the extension of classical angular momentum concepts to special and general relativity, where the relativistic quantity differs subtly from the three-dimensional classical version.\n\n\u2022 Angular momentum conservation corresponds to rotational symmetry in spacetime, with this connection described by Noether's theorem and mathematically formalized through the Lorentz group and Poincar\u00e9 group.\n\n\u2022 In relativity, classical angular momentum combines with a time-varying moment of mass (related to the boost of the center of mass) to form a second-order antisymmetric tensor, similar to how electric and magnetic fields combine to form the electromagnetic field tensor.\n\n\u2022 For rotating mass-energy distributions like gyroscopes, planets, stars, and black holes, the angular momentum tensor is expressed in terms of the stress-energy tensor of the rotating object rather than simple point-particle mechanics.\n\n\u2022 In special relativity, spinning objects have intrinsic angular momentum in their rest frame, analogous to quantum mechanical \""spin\"" but for extended bodies rather than point particles.\n\n\u2022 In relativistic quantum mechanics, elementary particles possess spin that adds to orbital angular momentum, creating a total angular momentum tensor operator, with the intrinsic spin expressible through the Pauli-Lubanski pseudovector.\n\n\u2022 Classical orbital angular momentum is defined as the cross product L = x \u00d7 p (position \u00d7 momentum), which can alternatively be expressed as an exterior product to form a second-order antisymmetric tensor.""",750,601-1000
221,2322,What is the main advantage of using the hashing trick in bag-of-words implementation?,It preserves word order information that would otherwise be lost,It improves the accuracy of document classification tasks,It provides scalability by eliminating the need to store dictionaries in memory,It automatically removes stop words and irrelevant terms,C,without_facts,,25,6-25
222,1625,What makes Olympias unique among world naval vessels?,It is the fastest rowing vessel ever built,It is the only commissioned trireme reconstruction in any world navy,It was the first ship to use experimental archaeology methods,It is the largest ancient Greek vessel ever discovered,B,with_facts,"""\u2022 Olympias is a reconstruction of an ancient Athenian trireme built from 1985-1987 in Piraeus, and is the only commissioned vessel of its kind in any world navy as part of the Hellenic Navy of Greece.\n\n\u2022 The ship was designed by naval architect John Coates in collaboration with historian John Morrison, based on evidence from Greek literature, art, and archaeology, representing an important example of experimental archaeology.\n\n\u2022 During sea trials with 170 volunteer rowers, Olympias achieved a speed of 9 knots and could perform 180-degree turns within one minute in an arc of just 2.5 ship-lengths, validating ancient historical accounts of trireme capabilities.\n\n\u2022 The ship features a 200 kg bronze bow ram (copied from an original in the Archaeological Museum of Piraeus) and is constructed from Douglas fir with Virginia oak tenons and an iroko hardwood keel.\n\n\u2022 A classical trireme crew consisted of 200 people including 5 officers, 170 oarsmen arranged in three banks (thranitai, zygitai, and thalamitai), 10 sailors, 14 marines, and 1 flute player for timing.\n\n\u2022 The ship's structural integrity depends on hypozomata (bracing ropes) that span from bow to stern beneath the deck - an ancient form of pre-tensioning that had to be replaced with steel cables in the reconstruction for safety reasons.\n\n\u2022 Olympias participated in significant ceremonial events including transporting the Olympic Flame in 2004 and celebrating 2,500 years of democracy in Britain in 1993, and is now exhibited at the Naval Tradition Park in Athens.""",150,101-200
223,2176,Which of the following best describes the relative abundance of indium's two primordial nuclides?,113In (95.7%) and 115In (4.3%),115In (95.7%) and 113In (4.3%),Both isotopes occur in approximately equal amounts,113In is more abundant but both are radioactive,B,without_facts,,250,201-350
224,5016,Which statement best describes the geological structure of Europe?,Uniformly mountainous terrain across the entire continent,A clear dichotomy between mountainous southern highlands and a vast northern plain,Predominantly desert landscapes in the south and forests in the north,Coastal lowlands surrounding a central mountainous core,B,with_facts,"""\u2022 Europe is the northwestern peninsula of the larger landmass Eurasia, with its eastern boundary typically defined by the Ural Mountains and Ural River, and southeastern boundary marked by the Caspian Sea, Caucasus Mountains, and Black Sea.\n\n\u2022 Europe consists of a collection of connected peninsulas, with the two largest being Europe itself and Scandinavia, plus three smaller peninsulas (Iberia, Italy, and the Balkans) emerging from the southern mainland.\n\n\u2022 The continent shows a clear geological dichotomy between the mountainous highlands of Southern Europe and a vast northern plain that extends from Great Britain to the Ural Mountains.\n\n\u2022 Europe's terrain varies dramatically from high mountains (Alps, Pyrenees, Carpathians) in the south to broad, low northern plains in the east, with an arc of uplands along the northwestern seaboard.\n\n\u2022 The Volga is Europe's longest river at 3,690 km, followed by the Danube at 2,860 km, with other major rivers including the Rhine, Elbe, Oder, and Dnieper.\n\n\u2022 Europe's population was approximately 701 million in 2005 (using standard geographical boundaries), with comparatively slow population growth and high median age relative to other continents.\n\n\u2022 Russia is the largest country by land area in Europe, and Iceland is typically included in Europe despite being geographically closer to North America because it is over twice as close to mainland Europe.""",10,6-25
225,5437,How much more training data did Llama 2 use compared to the original Llama model?,20% more data,40% more data,60% more data,100% more data,B,without_facts,,100,51-100
226,5623,How has facsimile technology evolved over time?,It has remained unchanged since the 18th century,It progressed from digital methods to lithography,It evolved from early methods like lithography to modern photographic and digital reproduction,It only became possible with the invention of computers,C,with_facts,"""\u2022 A facsimile is a highly accurate copy or reproduction of historical items like old books, manuscripts, maps, or art prints that attempts to replicate the original source as precisely as possible in scale, color, condition, and material qualities.\n\n\u2022 The term \""fax\"" is a shortened form of \""facsimile,\"" though modern fax transmissions do not meet the quality standards expected of true facsimiles.\n\n\u2022 Facsimiles serve important purposes for scholars who cannot access original sources directly, and for museums and archives engaged in media preservation and conservation efforts.\n\n\u2022 The development of facsimile techniques has evolved alongside advances in printmaking, from early methods like lithography and aquatint in the 18th century to modern photographic and digital reproduction methods.\n\n\u2022 Digital facsimiles represent a separate category that are stored and viewed on computers, often available online in repositories, and serve as important research aids particularly for historians.\n\n\u2022 Facsimiles are especially valuable for illuminated manuscripts because they preserve original colors more accurately than normal reproductions and maintain historical defects that provide scholarly insight.\n\n\u2022 Facsimiles work best for flat, printed or hand-written documents, while three-dimensional objects or oil paintings with unique surface textures are better served by replicas rather than facsimiles.\n\n\u2022 Historical techniques for creating facsimiles included specialized devices like the philograph, photostat, hectograph, and lithograph, while modern methods use scanners, computers, and desktop printers.""",750,601-1000
227,71,"Based on the expedition's dual purpose, what can be inferred about Roman intentions in the region?",They were solely interested in geographical discovery,They wanted to establish peaceful trade relationships with Ethiopia,They combined scientific exploration with military reconnaissance for potential conquest,They were searching for new sources of gold and precious metals,C,without_facts,,100,51-100
228,2716,"In the formula ΔH°reaction = Σ(νp × ΔfH°p) - Σ(νr × ΔfH°r), what do the symbols νp and νr represent?",The number of valence electrons in products and reactants,The molecular volumes of products and reactants,The stoichiometric coefficients of products and reactants,The standard pressures of products and reactants,C,with_facts,"""\u2022 Standard enthalpy of reaction (\u0394H\u00b0reaction) is the difference between total product and total reactant molar enthalpies when all substances are in their standard states.\n\n\u2022 The value can be interpreted in terms of chemical bond energies - specifically the total energy required to break bonds in reactants minus the energy released when forming bonds in products.\n\n\u2022 Standard enthalpy of reaction is calculated using the formula: \u0394H\u00b0reaction = \u03a3(\u03bdp \u00d7 \u0394fH\u00b0p) - \u03a3(\u03bdr \u00d7 \u0394fH\u00b0r), where \u03bd represents stoichiometric coefficients and \u0394fH\u00b0 represents standard enthalpies of formation.\n\n\u2022 Standard enthalpy of formation is the enthalpy change when 1 mole of a substance is formed from its constituent elements, with all substances in their standard states.\n\n\u2022 Standard states must be defined at specific temperature and pressure conditions, with most thermochemical data tabulated at either 25\u00b0C and 1 bar or 25\u00b0C and 1 atm.\n\n\u2022 For aqueous ions, the standard state convention sets the enthalpy of formation of H+ ions at exactly 1 mole/liter concentration equal to zero, enabling separate tabulation of cation and anion enthalpies.\n\n\u2022 Chemical reactions generally transform chemical potential energy into thermal energy, which manifests as changes in temperature, pressure, volume, and the amounts of chemical constituents.\n\n\u2022 Different fields use different standard concentration conventions for H+ ions, including 1 mole/(kg solvent) in chemical engineering and 10\u207b\u2077 mole/L in biochemistry.""",5,1-5
229,751,Which statement best describes the relationship between DITA topics and XML files?,Multiple topics are typically stored in a single XML file for efficiency,Topics are stored in proprietary formats and converted to XML during publishing,Each topic is an individual XML file covering a specific subject,"XML is only used for the final output, not for topic storage",C,without_facts,,250,201-350
230,4157,What does the Greek origin of the word 'metaphor' (metaphorá) literally mean?,Hidden comparison,Transference of ownership,Speaking figuratively,Creative expression,B,with_facts,"""\u2022 A metaphor is a figure of speech that refers to one thing by mentioning another, creating an implied comparison between two normally unrelated entities or ideas.\n\n\u2022 Metaphors differ from similes in that the comparison is implied or assumed, while similes use explicit comparison words like \""like\"" or \""as\"" to make the comparison more obvious.\n\n\u2022 The word \""metaphor\"" comes from Greek \u03bc\u03b5\u03c4\u03b1\u03c6\u03bf\u03c1\u03ac (metaphor\u00e1), meaning \""transference of ownership,\"" reflecting how metaphors transfer meaning from one semantic realm to another.\n\n\u2022 According to I.A. Richards' theory, metaphors have two main parts: the tenor (the subject being described) and the vehicle (the object whose attributes are borrowed for the comparison).\n\n\u2022 Metaphors have ancient origins, with vivid examples found in the Hebrew Book of Psalms from around 1000 B.C., such as \""The Lord is my shepherd\"" and \""The Lord is my rock.\""\n\n\u2022 Shakespeare's famous line \""All the world's a stage\"" from As You Like It is one of the most commonly cited examples of metaphor in English literature.\n\n\u2022 Psychologist Julian Jaynes developed an extended theory of metaphors using terms like metaphrand and metaphier, arguing that metaphors can create entirely new ideas and \""literally create new objects\"" in our understanding.\n\n\u2022 The metaphor category includes several specialized types such as allegory (extended metaphors that tell stories), parable (metaphorical anecdotes with moral lessons), and catachresis (mixed metaphors).""",50,26-50
231,1607,Why would the Madeira Abyssal Plain's physical characteristics have made it initially attractive for radioactive waste disposal?,Its proximity to major shipping routes made transportation easy,The volcanic activity would help break down radioactive materials,"Its extreme flatness, great depth, and thick sediment cover provided geological stability",The turbidite activity would quickly bury any waste materials,C,without_facts,,50,26-50
232,2847,What characteristic do many of the treasures share regarding their users?,They can only be used once before losing their power,They distinguish between worthy and unworthy users,They require specific incantations to activate,They only function during certain times of year,B,with_facts,"""\u2022 The Thirteen Treasures of the Island of Britain are a series of magical items from late-medieval Welsh tradition, with lists appearing in texts from the 15th and 16th centuries.\n\n\u2022 The number of treasures is consistently given as thirteen, though later versions sometimes replace or combine different items to maintain this count.\n\n\u2022 Most treasures are geographically placed in the Hen Ogledd (\""Old North\""), referring to Brittonic-speaking areas of what is now southern Scotland and Northern England.\n\n\u2022 The treasures include various categories of magical objects: food and drink vessels (hamper, cauldron, horn), weapons (sword, whetstone), transport items (chariot, halter), clothing (coat, mantle), and other mystical items (chessboard, stone ring).\n\n\u2022 The oldest manuscript (Manuscript A by Gwilym Tew, c. 1460) contains only a plain list, while later manuscripts from the 16th-19th centuries include explanatory comments about each treasure's magical properties.\n\n\u2022 Two major scholarly editions were published in 1959: Eurys I. Rowlands used 11 texts with 18 variants, while Peter C. Bartrum compiled an omnibus version using 32 manuscripts divided into ten groups plus 4 published texts.\n\n\u2022 Some surplus items (numbers 14 and 15) come from Arthurian romance literature rather than traditional Welsh material, such as Eluned's ring, whose owner corresponds to Lunete from \""Yvain, the Knight of the Lion.\""\n\n\u2022 The treasures possess specific magical properties that often distinguish between worthy and unworthy users, such as Arthur's invisibility mantle and Padarn's coat that only fits well-born men.""",500,351-600
233,3063,What aspect of federal law did the Supreme Court overturn in this case?,Laws requiring dual citizens to choose one citizenship by age 18,Laws allowing Congress to revoke citizenship for treason,Laws listing specific actions as conclusive proof of intent to abandon citizenship,Laws preventing naturalized citizens from losing their citizenship,C,without_facts,,500,351-600
234,2967,What was required for Congress to override a presidential line-item veto under the Confederate Constitution?,A simple majority vote in both houses,A three-fourths vote in both houses,A two-thirds vote in both houses,A unanimous vote in the Senate only,C,with_facts,"""\u2022 The Constitution of the Confederate States was the supreme law of the Confederate States of America from 1862 until the end of the Civil War in 1865, replacing the earlier Provisional Constitution.\n\n\u2022 Most provisions were word-for-word duplicates from the U.S. Constitution, but the Confederate Constitution uniquely enshrined slavery as a fundamental aspect of the state's existence, making it the only constitution in history to do so based on race.\n\n\u2022 The Confederate Constitution's preamble differed from the U.S. version by referencing God, emphasizing state sovereignty and independence, and describing a \""permanent federal government\"" rather than a \""more perfect Union.\""\n\n\u2022 All twelve amendments to the U.S. Constitution prior to 1860, including the Bill of Rights, were directly incorporated into the Confederate Constitution.\n\n\u2022 The Confederate Constitution granted the president a line-item veto power, allowing selective rejection of parts of bills while requiring a two-thirds override vote from both houses of Congress.\n\n\u2022 Article I was amended to prohibit foreign-born non-citizens from voting for any civil or political officers at state or federal levels.\n\n\u2022 The Constitution included provisions to prevent Congress from protecting industry, specifically prohibiting bounties from the Treasury and tariffs designed to promote domestic industry, while removing the \""general Welfare\"" clause.\n\n\u2022 State legislatures were given the power to impeach federal officials who lived and worked only within their state with a two-thirds vote of both houses.""",25,6-25
235,4443,Which Audi A1 variants do NOT include start-stop system and energy recuperation technology?,All SE trim level models,The 185 PS 1.4 TFSI and S tronic version of the 1.6-litre TDI,All three-door models from 2018,The base model and Sport trim variants,B,without_facts,,200,101-200
236,4827,"What does the National Weather Service's designation of this event as a ""maxi-tornado"" most likely refer to?",The tornado's maximum wind speed,The tornado's maximum width of 0.75 miles,The total damage amount of $50 million,The tornado's path length discrepancy,B,with_facts,"""\u2022 The Chandler\u2013Lake Wilson tornado occurred on June 16, 1992, striking the small towns of Chandler and Lake Wilson in Murray County, Minnesota during the afternoon hours.\n\n\u2022 The tornado was rated F5 on the Fujita scale, making it the only F5 tornado to occur in the United States in 1992.\n\n\u2022 Despite being described as \""two violent twisters,\"" the tornadoes received a joint, single F5 rating from the National Weather Service.\n\n\u2022 The tornado caused catastrophic damage in Chandler at approximately 5:18 pm, leveling half of the town and completely destroying the Chandler-Lake Wilson High School building.\n\n\u2022 The tornado killed one person (who died from injuries two months later), injured over 40 people (36 in Chandler alone), and caused at least $50 million in damage (1992 USD).\n\n\u2022 The tornado had a maximum width of 0.75 miles (1.21 km) around the Chandler-Lake Wilson area and was referred to as a \""maxi-tornado\"" by the National Weather Service.\n\n\u2022 There are discrepancies in official records regarding the tornado's path length, with some sources stating 35 miles (56 km) and others stating 16 miles (26 km).\n\n\u2022 The tornado touched down 2 miles south of Leota and moved northeast, completely destroying two farmsteads at F5 intensity just east of Leota before striking the towns.""",100,51-100
237,3257,"Based on the military structure described, what can be concluded about the Ground Forces organization?",It was a centralized force with no regional divisions,It consisted of only independent units without formal army structure,It was organized into three armies with various corps and independent units,It was primarily composed of reserve forces rather than active soldiers,C,without_facts,,250,201-350
238,26,What conclusion did investigators reach in 2020 about Gundolf Köhler's motives?,He acted purely for personal reasons unrelated to politics,He was mentally unstable and had no coherent motive,He acted from right-wing extremist motives to influence the 1980 federal election,He was seeking revenge against specific individuals at the festival,C,with_facts,"""\u2022 On September 26, 1980, a bomb exploded at the main entrance of Munich's Oktoberfest festival, killing 13 people (including the perpetrator) and injuring over 200 others.\n\n\u2022 The perpetrator was Gundolf K\u00f6hler, a geology student and right-wing extremist who had trained with the banned neo-Nazi militia Wehrsportgruppe Hoffmann and was instantly killed when the bomb exploded prematurely.\n\n\u2022 The improvised explosive device was made from a British mortar grenade filled with military explosives and a gas bottle from a fire extinguisher, placed in a rubbish bin near the festival entrance.\n\n\u2022 Initially investigated as a personal rather than political crime, the case was reopened in 2014 after a public campaign, with investigators concluding in 2020 that K\u00f6hler acted from right-wing extremist motives to influence the 1980 federal election.\n\n\u2022 Significant doubts remain about whether K\u00f6hler acted alone, with witness reports of him arguing with two men before the attack and other suspicious circumstances, though accomplices could not be proven beyond reasonable doubt.\n\n\u2022 The festival reopened less than 12 hours after the attack, with Munich's mayor stating that closing would support the perpetrator's intentions.\n\n\u2022 Critical evidence was destroyed in 1997 when the case was considered closed, including bomb fragments and unidentified human remains that could have indicated a second perpetrator.\n\n\u2022 Excluding perpetrators, this was one of Germany's deadliest terrorist attacks since World War II and the deadliest by a Nazi follower since 1945.""",150,101-200
239,5663,What is the relationship between loop termination and loop variant existence?,Only some terminating loops have corresponding variants,Loop variants exist only for loops with integer counters,"Every terminating while loop has a corresponding loop variant, assuming the axiom of choice",Loop variants are necessary but not sufficient for termination,C,without_facts,,50,26-50
240,1670,What was significant about the first successful climb of Kangchenjunga in 1955?,The climbers reached the summit during a blizzard,"It was the first mountain over 8,000m to be climbed",The climbers stopped short of the true summit to respect its sacred status,It took multiple attempts over several years to complete,C,with_facts,"""\u2022 Kangchenjunga is the third-highest mountain in the world at 8,586 m (28,169 ft), located on the border between Nepal and India in the Himalayas.\n\n\u2022 Until 1852, it was assumed to be the world's highest mountain, but the Great Trigonometrical Survey of India determined in 1849 that Mount Everest was higher, officially announcing Kangchenjunga as third-highest in 1856.\n\n\u2022 The mountain was first climbed on May 25, 1955, by British climbers Joe Brown and George Band, who stopped just short of the true summit to honor a promise that the peak would remain inviolate due to its sacred status.\n\n\u2022 The name \""Kangchenjunga\"" means \""the five treasures of the high snow\"" in Tibetan, referring to five sacred treasures (salt, gold, turquoise, scriptures, and medicine) that local people believe are hidden in the mountain.\n\n\u2022 The mountain is considered sacred in both Nepal and Sikkim, and the Indian side is completely off-limits to climbers.\n\n\u2022 The Kangchenjunga massif encompasses 16 peaks over 7,000 m and features four main glaciers that drain into major river systems including the Ganges basin.\n\n\u2022 The adjoining Khangchendzonga National Park was declared a UNESCO World Heritage Site in 2016, recognizing its cultural and natural significance.""",100,51-100
241,1749,What mathematical structure does sectional curvature define a function on?,The tangent bundle over the manifold,The cotangent bundle over the manifold,The 2-Grassmannian bundle over the manifold,The principal bundle over the manifold,C,without_facts,,500,351-600
242,519,Which of the following best demonstrates the cultural bridge-building aspect of Alexander's relationship with Sisygambis?,He captured her family at the Battle of Issus,He arranged for her to learn Greek and married her granddaughter,He called her 'mother' instead of using her real name,He allowed artists to paint scenes of their first meeting,B,with_facts,"""\u2022 Sisygambis was the mother of Darius III of Persia and died in 323 BCE, the same year as Alexander the Great.\n\n\u2022 She was captured by Alexander the Great at the Battle of Issus in 333 BCE when Darius III fled the battlefield, leaving his family behind.\n\n\u2022 Despite being a captive, Alexander treated her with great dignity and respect, eventually referring to her as \""mother\"" and she became devoted to him.\n\n\u2022 She famously mistook Hephaestion for Alexander when pleading for her family's lives, leading to Alexander's reassuring words: \""You were not mistaken, Mother; this man too is Alexander.\""\n\n\u2022 Alexander arranged for her to learn Greek while he was away conquering, and later married her granddaughter Stateira II in 324 BCE as part of the Susa weddings.\n\n\u2022 After Alexander's death, she was so overwhelmed with grief that she sealed herself in her rooms, refused to eat, and died of starvation four days later.\n\n\u2022 Her story, particularly the scene of mistaking Hephaestion for Alexander, became a popular subject in Western art by painters like Charles le Brun and Paolo Veronese.\n\n\u2022 Asteroid 823 Sisigambis was named in her honor, reflecting her lasting historical significance.""",50,26-50
243,2417,When and how were the lightest elements hydrogen and helium primarily formed?,In stellar cores over billions of years,During Big Bang nucleosynthesis in the first 20 minutes of the universe,Through synthetic nuclear reactions in laboratories,In supernovae explosions when massive stars died,B,without_facts,,750,601-1000
244,3630,"According to the shell theorem, how does a spherically symmetric body affect external objects gravitationally?",As if all its mass were concentrated at a single point at its center,As if its mass were distributed evenly across its surface,With a force that varies inversely with the cube of distance,With a force that is always weaker than predicted by Newton's law,A,with_facts,"""\u2022 The shell theorem is a classical mechanics principle that provides gravitational simplifications for spherically symmetric bodies, with particular applications in astronomy.\n\n\u2022 Isaac Newton proved the shell theorem, which states that a spherically symmetric body affects external objects gravitationally as if all its mass were concentrated at a single point at its center.\n\n\u2022 For hollow spherical shells, no net gravitational force is exerted on any object located inside the shell, regardless of the object's position within the shell.\n\n\u2022 Inside a solid sphere of constant density, gravitational force varies linearly with distance from the center, becoming zero at the center due to symmetry.\n\n\u2022 The theorem was crucial to Newton's analysis of planetary motion and requires calculus to prove, though the results are not immediately obvious.\n\n\u2022 The shell theorem applies beyond gravity to any phenomenon following an inverse square law, including electric fields generated by spherically symmetric charge distributions.\n\n\u2022 Gauss's law for gravity provides an alternative mathematical framework for expressing the shell theorem.\n\n\u2022 The mathematical derivation involves building up from rings to discs to spheres, calculating gravitational fields at each level of complexity.""",50,26-50
245,4642,What made the April 2011 Miyagi earthquake particularly significant among the aftershocks following the March 11 Tōhoku earthquake?,It was the only aftershock to cause fatalities,It was one of only three aftershocks with magnitude 7.0 or greater,It was the deepest aftershock recorded,It was the only aftershock to affect nuclear facilities,B,without_facts,,50,26-50
246,3072,"According to the Court's reasoning, why didn't the Higher Education Technical Amendment need to specifically reference 42 USC §407?",Because Social Security benefits were never protected from any form of collection,Because the 1996 Debt Collection Act had already provided the required authorization for Social Security offsets,Because the plaintiff waived his right to Social Security protection when he took the loans,Because student loan debt is considered a special category exempt from all statutory protections,B,with_facts,"""\u2022 **Case**: Lockhart v. United States, 546 U.S. 142 (2005) - Supreme Court case about whether the government can offset Social Security benefits to collect student loan debt over 10 years old\n\n\u2022 **Unanimous ruling**: The Court held that the federal government can offset Social Security benefits to collect on student loans that are more than 10 years delinquent\n\n\u2022 **Plaintiff's situation**: James Lockhart, age 67, received $874/month in Social Security as his only income and faced offsets of up to $143.10 monthly for student loans from 1984-1989\n\n\u2022 **Legal framework**: The Debt Collection Act of 1996 specifically referenced 42 USC \u00a7407 to authorize Social Security benefit offsets, while the Higher Education Technical Amendments eliminated time restrictions on student loan collection\n\n\u2022 **Circuit split resolved**: The Supreme Court granted certiorari to resolve disagreement between the Eighth and Ninth Circuits on this issue\n\n\u2022 **Key legal principle**: The Court ruled that the Higher Education Technical Amendment did not need specific reference to \u00a7407 since the 1996 Debt Collection Act already provided the required authorization for Social Security offsets\n\n\u2022 **Opinion author**: Justice Sandra Day O'Connor delivered the unanimous decision, with Justice Scalia filing a separate concurrence arguing that express-reference provisions cannot bind future legislatures\n\n\u2022 **Statutory interpretation**: The Court applied the principle that Congress's plain meaning should be given effect even if all consequences were not foreseen, citing Union Bank v. Wolas""",750,601-1000
247,914,"During peptidoglycan biosynthesis, what role does bactoprenol play in the process?",It catalyzes the cross-linking of amino acid chains,It serves as a carrier to transport monomers across the cell membrane,It provides the structural backbone for the peptidoglycan mesh,It determines whether bacteria will be gram-positive or gram-negative,B,without_facts,,50,26-50
248,2954,When did the 2009 Honduran constitutional crisis officially end?,In June 2009 when Zelaya was removed from office,In November 2009 after the disputed elections,In January 2010 when President Porfirio Lobo assumed office,In September 2009 when international mediation began,C,without_facts,,750,601-1000
249,4313,What experimental approach is used to measure the parity-violating asymmetry in Møller scattering?,Colliding polarized electron beams with polarized positron beams,Firing polarized electron beams through unpolarized electron targets,Using unpolarized electrons and measuring final state polarization,Comparing cross sections at different beam energies,B,without_facts,,750,601-1000
