"hit_id","article_topic","article_text_truncated","option_1","option_2","option_3","option_4","correct_option_position","distractor_1","distractor_1_rank_distance","distractor_2","distractor_2_rank_distance","distractor_3","distractor_3_rank_distance","topic_distance_from_base"
"0","Lymphogranuloma venereum","Here are the key facts about Lymphogranuloma venereum (LGV): • LGV is a sexually transmitted infection caused by specific invasive serovars (L1, L2, L2a, L2b, L3) of Chlamydia trachomatis bacteria • The infection primarily affects lymphatics and lymph nodes, entering through skin breaks or mucous membrane layers • Before 2003, LGV was considered rare in developed nations, but an outbreak among gay men in the Netherlands led to increased cases in Europe and the United States • The disease progresses in stages: - Primary stage: Painless genital ulcer (often unnoticed) occurring 3-12 days after infection - Secondary stage: Lymph node inflammation, occurring 10-30 days later, with potential complications like proctitis or lymphangitis • Symptoms can vary by sex and route of transmission, with males more likely to experience unilateral lymph node swelling and females often having less noticeable initial symptoms • Late-stage LGV can result in permanent complications like lymphatic obstruction, chronic edema, and strictures • Diagnosis is typically made through serological testing, with complement fixation tests, PCR, and specialized culture methods • The L2b variant (Amsterdam variant) has been identified as a significant strain, particularly among men who have sex with men (MSM) • The infection can lead to serious complications like abscesses, fistulas, and sinus tracts if left untreated","Rickettsia rickettsii","Viviparidae","Silver (color)","Lymphogranuloma venereum","4","Rickettsia rickettsii","202","Silver (color)","157","Viviparidae","241","196"
"1","Negative priming","Here are the key facts about Negative Priming: • Priming is a psychological concept where exposure to one stimulus influences the response to a subsequent stimulus, often without conscious intention • There are two main types of priming: positive priming (which speeds up processing) and negative priming (which slows down processing) • Positive priming occurs through spreading activation, where the first stimulus partially activates a memory representation, making subsequent processing faster • Negative priming is explained by two primary models: the distractor inhibition model and the episodic retrieval model, with recent research leaning away from the distractor inhibition approach • Priming can be categorized into different types, including: - Perceptual priming (based on stimulus form) - Conceptual priming (based on stimulus meaning) - Repetition priming (processing becomes faster with repeated stimuli) - Semantic priming (related to shared semantic categories) • In 2012, much priming research was challenged during the replication crisis, with many landmark studies unable to be reproduced • Priming works most effectively when stimuli are in the same modality (e.g., visual-to-visual or verbal-to-verbal), but can also occur across different modalities • Priming effects can occur even when the prime stimulus is not consciously perceived • The speed and mechanism of priming effects remain a topic of ongoing scientific debate and research","Lloyd's algorithm","Negative priming","Marasuchus","Discovery (law)","2","Discovery (law)","128","Marasuchus","201","Lloyd's algorithm","171","488"
"2","Basic reproduction number","Here are the key facts about the Basic Reproduction Number (R0): • R0 represents the expected number of cases directly generated by one case in a population where all individuals are susceptible to infection • When R0 > 1, an infection can spread in a population; when R0 < 1, the infection will not sustain transmission • R0 is a dimensionless number (persons infected per person) and is not a biological constant, as it can be affected by environmental conditions and population behavior • The herd immunity threshold requires immunizing a proportion of the population greater than (1 - 1/R0) to prevent sustained disease spread • R0 is influenced by multiple factors, including: - Duration of infectivity - Contagiousness of the microorganism - Number of susceptible people in the population • The concept was first modernly applied in epidemiology by George Macdonald in 1952 while studying malaria transmission • R0 can be estimated using various methods, including: - Compartmental models - Epidemic models on networks - Accounting for population heterogeneity • R0 is primarily used to: - Determine if an emerging infectious disease can spread - Calculate the proportion of population needing immunization to eradicate a disease","Maitotoxin","Glycine (plant)","Basic reproduction number","Human body","3","Maitotoxin","121","Glycine (plant)","172","Human body","153","816"
"3","Megachile pluto","Here are the key facts about Megachile pluto (Wallace's giant bee): • Largest known living bee species, with females reaching a wingspan of up to several centimeters and being 'as long as an adult's thumb' • Native to three islands in the North Moluccas, Indonesia: Bacan, Halmahera, and Tidore, primarily inhabiting primary lowland forests • Originally discovered by Alfred Russel Wallace in 1858, then believed extinct until rediscovered in 1981 by Adam C. Messer • Exhibits strong sexual dimorphism, with females having significantly larger bodies and distinctive large jaws compared to males • Builds nests inside active termite colonies (specifically Microcerotermes amboinensis), using tree resin to create protective compartments • Uses its large jaws to gather and transport balls of tree resin, particularly from Anisoptera thurifera trees • Considered vulnerable by the International Union for Conservation of Nature due to habitat loss from oil palm plantations • Rarely observed, with only sporadic sightings: rediscovered in 1981, two specimens sold on eBay in 2018, and first live female filmed in 2019 • Part of Global Wildlife Conservation's 'Search for Lost Species' initiative, listed among the 25 'most wanted' lost species","Lactic acid bacteria","2023–24 South Pacific cyclone season","Megachile pluto","Youngest Toba eruption","3","Lactic acid bacteria","160","2023–24 South Pacific cyclone season","108","Youngest Toba eruption","156","827"
"4","Proto-Human language","Here are the key facts about Proto-Human language: • Proto-Human language is a hypothetical, speculative concept proposing a single genetic predecessor for all human languages, presumably originating in the Middle Paleolithic period • The first serious scientific attempt to establish this 'monogenesis' was by Alfredo Trombetti in 1905, who estimated the common language ancestor was spoken between 100,000 and 200,000 years ago • Scholars disagree on the exact emergence of complex human language, with estimates ranging from 50,000 to 350,000 years ago, often linked to the development of behavioral modernity • A 2011 scientific article suggested human language originated in Africa and predated the out-of-Africa migrations of 50,000 to 70,000 years ago • Notable advocates of linguistic monogenesis include Morris Swadesh, Joseph Greenberg, Merritt Ruhlen, and John Bengtson • The concept remains highly speculative and is not widely accepted in mainstream historical linguistics • Some linguists, like Christopher Ehret, hypothesize that Proto-Human might have had a complex consonant system, potentially including click sounds • Researchers like Ruhlen have attempted to identify 'global etymologies' - words potentially traceable to this hypothetical ancestral language • There are competing theories about the basic word order of Proto-Human, with proposals including SVO (subject-verb-object) and SOV (subject-object-verb)","Comparison of Japanese and Korean","Uniform Resource Identifier","Proto-Human language","Holotype","3","Holotype","230","Uniform Resource Identifier","202","Comparison of Japanese and Korean","107","242"
"5","Uracil","Here are the key facts about Uracil: • Uracil is one of the four nucleotide bases in RNA, binding with adenine via two hydrogen bonds • Unlike DNA, which uses thymine, RNA uses uracil as a nucleobase (uracil is a demethylated form of thymine) • Uracil was first discovered in 1900 by Alberto Ascoli, isolated from yeast nuclein and found in various biological sources like bovine thymus and wheat germ • Extraterrestrial uracil has been detected in the Murchison meteorite and near-Earth asteroid Ryugu, suggesting potential origins beyond Earth • In biological systems, uracil can be synthesized by decarboxylating orotidine 5'-monophosphate, with the enzyme UMP synthase facilitating this process in humans • Uracil is rarely found in DNA, likely an evolutionary adaptation to increase genetic stability by preventing potential mutations from cytosine deamination • The molecule can undergo tautomeric shifts between lactam and lactim structures, with the lactam structure being most common at pH 7 • Uracil can be synthesized in laboratory settings through multiple methods, including adding water to cytosine or condensing malic acid with urea in fuming sulfuric acid • NASA scientists have successfully produced uracil under space-like conditions by exposing pyrimidine and water ice to ultraviolet light","Hektoen enteric agar","Disk diffusion test","Cladogram","Uracil","4","Hektoen enteric agar","235","Cladogram","228","Disk diffusion test","165","57"
"6","Mailto","Here are the key facts about Mailto: • Mailto is a URI (Uniform Resource Identifier) scheme specifically designed for email addresses • It allows users to create hyperlinks that directly open the default email client with a pre-filled email address • Originally defined in December 1994 (RFC 1738) and subsequently updated in 1998 and 2010 • Can be implemented in HTML using the syntax: <a href='mailto:email@example.com'>Send email</a> • Supports additional email parameters like subject, CC, and body through URL encoding • Allows specification of multiple email addresses in a single mailto link • Potential security risk exists due to email address harvesting by automated robots • The first header in a mailto link must use a question mark (?), with subsequent headers using ampersands (&) • Address obfuscation techniques like JavaScript masking can help mitigate spam risks, though not completely eliminate them","National conventions for writing telephone numbers","High-altitude adaptation in humans","Mailto","2024 Rolex Shanghai Masters – Singles","3","National conventions for writing telephone numbers","171","High-altitude adaptation in humans","111","2024 Rolex Shanghai Masters – Singles","184","318"
"7","Platypus venom","• The platypus is one of the few living mammals that produces venom, which is made in crural glands connected to hollow spurs on the hind legs of males only. • Venom production increases during mating season and is theorized to be used for asserting dominance and controlling territory rather than for hunting prey. • The venom contains at least 19 peptides and uniquely includes a D-amino acid - the only known example of this in mammalian systems. • While not lethal to humans, platypus venom causes excruciating pain that can last for weeks or months and does not respond to morphine treatment. • The venom can cause temporary paralysis in smaller animals and produces effects including lowered blood pressure, increased blood flow, and severe swelling around the wound. • Female platypuses have only rudimentary spur buds that drop off in their first year and lack functional venom glands. • The platypus represents an ancient mammalian trait rather than a unique evolution - many archaic mammal groups had similar venomous spurs. • The moveable spur can articulate at right angles to the limb, allowing a greater range of attack than a fixed spur would permit.","Panorpida","Woodcock","Platypus venom","Pseudomonas fluorescens","3","Panorpida","219","Pseudomonas fluorescens","110","Woodcock","222","191"
"8","M-ary tree","• An m-ary tree is a tree structure where each node has no more than m children, with binary trees (m=2) and ternary trees (m=3) being common examples. • The maximum depth of an m-ary tree is bounded by Big-Ω notation, though the specific formula details are referenced but not fully provided in the text. • M-ary trees can be traversed using pre-order, post-order, and in-order methods, with in-order traversal requiring division of children into 'left' and 'right' subtrees when m > 2. • Any m-ary tree can be converted to a binary tree by linking sibling nodes together and keeping only the parent-to-leftmost-child connections, which increases height by only a constant factor. • M-ary trees can be stored in arrays using breadth-first order, where a node at index i has its c-th child at index formula_12 and parent at index formula_13, with space complexity of formula_14. • Pointer-based storage uses internal arrays in each node to store pointers to children, offering superior space complexity of formula_16 compared to array-based implementation. • M-ary trees can be enumerated using bit sequence representations and 'Simple Zero Sequence' methods, which allow systematic generation of all possible tree structures. • A valid simple zero sequence must satisfy the constraint that the number of zeros cannot exceed the total number of null pointers available in the tree structure. • Converting m-ary trees to binary trees is often preferred because array representation of m-ary trees is inefficient due to sparse arrays with large unused memory space.","Lactic acid","M-ary tree","Periodate","Proto-Indo-Aryan language","2","Lactic acid","143","Proto-Indo-Aryan language","117","Periodate","220","604"
"9","Polyphenol","Here are the key facts about Polyphenols: • Polyphenols are a large family of naturally occurring phenols that are abundant in plants and structurally diverse • They include several classes of compounds such as phenolic acids, flavonoids, tannic acid, and ellagitannin, which have historically been used as dyes and for tanning garments • The term 'polyphenol' derives from Ancient Greek, referring to molecules with multiple hydroxyl groups on aromatic rings • Polyphenols are typically characterized by: - Molecular weight limit of about 800 daltons - Ability to rapidly diffuse across cell membranes - Reactive toward oxidation, making them potential antioxidants • They are mainly found in fruit skins and seeds, with black tea containing up to 20% polyphenols by weight • Polyphenols can readily react with metal ions to form coordination complexes • Extraction methods include various solvents like water, methanol, and techniques such as ultrasonic extraction, microwave-assisted extraction, and high-pressure liquid extraction • Analysis techniques for polyphenols include: - Spectroscopy - High-performance liquid chromatography (HPLC) - Mass spectrometry - Nuclear magnetic resonance • Quantification can be done through volumetric titration or colorimetric measurements","PG5 (molecule)","List of Rhyparochrominae genera","LSM-775","Polyphenol","4","List of Rhyparochrominae genera","159","LSM-775","134","PG5 (molecule)","150","829"
"10","List of bird extinctions by year","Here are the key facts from the Wikipedia article on bird extinctions by year: • The article covers bird extinctions from the 15th to 19th centuries, with a significant focus on species from islands like New Zealand, Mauritius, Réunion, and the Caribbean • Many extinct bird species are from isolated island ecosystems, suggesting vulnerability of endemic species to environmental changes and human intervention • The 17th century saw notable extinctions including the famous dodo (1662) and several species from the Mascarene Islands • Moa species from New Zealand, including multiple giant moa varieties, went extinct in the 15th and 16th centuries • Some extinct species are marked as hypothetical (H), indicating limited scientific evidence of their existence • The Great Auk, a flightless seabird, went extinct in 1852, marking a significant loss in marine bird biodiversity • Island-specific bird families like rails, parrots, and pigeons were particularly susceptible to extinction • The 19th century saw extinctions accelerate, with numerous bird species disappearing, especially from Pacific and Caribbean islands • Human activities like hunting, habitat destruction, and introduction of invasive species likely contributed to many of these extinctions • The list includes extinctions of entire bird genera and subspecies, representing a significant loss of biological diversity","Analytical profile index","Lyssavirus","List of bird extinctions by year","Common Alerting Protocol","3","Lyssavirus","120","Common Alerting Protocol","235","Analytical profile index","160","274"
"11","Walliserops","Here are the key facts about Walliserops: • Walliserops is a genus of spinose phacopid trilobite from the Acastidae family, found in Lower to Middle Devonian rocks in Morocco's Anti-Atlas Mountains • All species of Walliserops have a distinctive three-pronged 'trident' that protrudes from the glabella (front part of the head) • Three described species exist: W. trifurcatus, W. hammii, and W. tridens, all discovered near Foum Zguid in southern Morocco • The genus is characterized by unusual asymmetrical features, with variations in spine curvature and positioning that are likely genetically controlled • The function of the trident is not definitively known, but current theories suggest it may have served a purpose similar to beetle horns, potentially for sexual display or competition • The trident's development would have required significant energy expenditure, indicating its probable important biological function • Sexual dimorphism is suspected but not conclusively proven, as no definitive evidence of sexual differences has been established in trilobite exoskeletons • Walliserops is most closely related to the genus Comura, another trilobite genus from the same geological period","Cooperative eye hypothesis","Post Office Protocol","Walliserops","Lexical–gustatory synesthesia","3","Post Office Protocol","239","Cooperative eye hypothesis","148","Lexical–gustatory synesthesia","244","266"
"12","Debye–Waller factor","Here are the key facts about the Debye–Waller factor: • The Debye–Waller factor (DWF) describes the attenuation of x-ray and neutron scattering caused by thermal motion in materials • It is named after physicists Peter Debye and Ivar Waller, and is also known as the B-factor or temperature factor • The DWF depends on the scattering vector and represents the fraction of elastic scattering in a material • In crystallography, the DWF helps explain how thermal vibrations of atoms affect the intensity of diffraction patterns • For a given material, the factor can be mathematically expressed using the mean squared displacement of atoms • In protein structures, B-factors indicate the relative vibrational motion of different parts of the structure - Low B-factors suggest a well-ordered structure - High B-factors indicate more flexible or mobile parts of the structure • The concept applies to both classical and quantum mechanical descriptions of atomic motion • The DWF is typically measured in units of Å² (square Angstroms) • It is used in various scientific fields, including condensed matter physics, crystallography, and structural biology","Bornean orangutan","Debye–Waller factor","International Code of Nomenclature for algae, fungi, and plants","Fag bomb","2","Bornean orangutan","152","International Code of Nomenclature for algae, fungi, and plants","233","Fag bomb","164","711"
"13","Durvalumab","Here are the key facts about Durvalumab: • Durvalumab is an anti-cancer medication (brand name Imfinzi) developed by Medimmune/AstraZeneca, classified as an immune checkpoint inhibitor • It is a human monoclonal antibody that blocks the interaction of programmed cell death ligand 1 (PD-L1) • FDA approved in May 2017 for medical use in the United States, and in the European Union in September 2018 • Approved for treating multiple types of cancer, including: - Urothelial carcinoma - Non-small cell lung cancer - Small cell lung cancer - Biliary tract cancer - Endometrial cancer - Muscle invasive bladder cancer • The PACIFIC clinical trial demonstrated significant improvements in progression-free survival for stage III non-small cell lung cancer patients: - Median progression-free survival increased from 5.6 to 16.8 months - 12-month progression-free survival rate increased from 35.3% to 55.9% • Used in combination with various chemotherapy drugs, including etoposide, carboplatin, cisplatin, gemcitabine, and paclitaxel • Administered as both neoadjuvant (before surgery) and adjuvant (after surgery) treatment in some cancer types","Testosterone","Durvalumab","Twist Bioscience","Diet and cancer","2","Testosterone","105","Diet and cancer","179","Twist Bioscience","152","816"
"14","Simmons' citrate agar","Here are the key facts about Simmons' citrate agar: • Developed by James S. Simmons in 1926 as a modification of Koser's citrate agar, adding agar and bromothymol blue as a pH indicator • Used to differentiate gram-negative bacteria, particularly in the Enterobacteriaceae family, based on their ability to use citrate as a carbon source • Commonly applied in monitoring food and water for fecal contamination, especially distinguishing between fecal and non-fecal coliforms • Contains key ingredients including sodium citrate, ammonium dihydrogen phosphate, and bromothymol blue, which changes color from green to blue when pH increases • Bacteria that can use citrate metabolize it by breaking it down into acetate, oxaloacetate, carbon dioxide, and pyruvate • Often used in slant or slope test tube formats to provide better oxygen access for citrate metabolism • Positive results are indicated by: - Bacterial growth on the medium - Color change from green to blue - Ability to use citrate as the sole carbon source and ammonium salt as the sole nitrogen source • Can help distinguish between different species within the same genus, such as different Salmonella species • Serves as part of the IMViC tests used to identify coliforms","Mononykus","Simmons' citrate agar","Macrobiotic diet","Lymphocyte","2","Mononykus","186","Lymphocyte","174","Macrobiotic diet","197","103"
"15","Maywand District murders","Here are the key facts about the Maywand District murders: • The murders were committed by U.S. Army soldiers from the 3rd Platoon, Bravo Company, 2nd Battalion, 1st Infantry Regiment between January and May 2010 in Afghanistan's Kandahar Province • The soldiers, who called themselves the 'Kill Team', murdered at least three unarmed Afghan civilians, including a 15-year-old boy named Gul Mudin • Staff Sergeant Calvin Gibbs was the ringleader and was sentenced to life in prison for three counts of premeditated murder • The soldiers staged the killings to make them appear like combat encounters, and they collected body parts (such as fingers) as trophies • Eleven of the twelve soldiers charged were ultimately convicted of crimes, with punishments ranging from 3 to 24 years in prison • The murders were exposed after Private First Class Justin Stoner reported the incidents to his superiors • The victims were killed in different locations in the Maywand District, including the villages of La Mohammad Kalay and Kari Kheyl • Some of the victims were reportedly mentally disabled or unarmed civilians, killed in cold blood • Der Spiegel and Rolling Stone published photos of the soldiers posing with corpses and mutilated body parts, drawing comparisons to the Abu Ghraib prisoner abuse scandal","Cardiolipin","Nectria cinnabarina","Lycoperdon umbrinum","Maywand District murders","4","Nectria cinnabarina","141","Lycoperdon umbrinum","112","Cardiolipin","149","777"
"16","Marburg virus disease","Here are the key facts about Marburg virus disease: • Marburg virus disease (MVD) is a viral hemorrhagic fever that affects humans and non-human primates, caused by two viruses: Marburg virus (MARV) and Ravn virus (RAVV) • Egyptian fruit bats are believed to be the natural carriers of the virus, with transmission likely occurring through contact with bat-infested caves or bat excrement • The disease is characterized by symptoms including skin rash, red/purple spots, bruises, and hematomas, but death is primarily caused by multiple organ dysfunction syndrome, not blood loss • Human-to-human transmission occurs through direct contact with infected bodily fluids, with only 11 recorded outbreaks between 1975 and 2011 • MVD is clinically very similar to Ebola virus disease and can be easily confused with many other tropical diseases, making accurate diagnosis challenging • The most important diagnostic indicators include patient medical history, travel history, and potential wildlife exposure • Diagnosis is typically confirmed through RT-PCR and antigen-capture ELISA tests, which can be performed in field or mobile laboratories • The virus is endemic to arid woodlands in equatorial Africa, with most infections associated with people visiting caves or working in mines • Unlike Ebola, specific triggering factors for human transmission of Marburg virus have not yet been definitively identified","SARS-CoV-2","Hashimoto's encephalopathy","Poisson regression","Marburg virus disease","4","Hashimoto's encephalopathy","185","SARS-CoV-2","180","Poisson regression","232","717"
"17","Tocotrienol","Here are the key facts about Tocotrienols: • Tocotrienols are a type of vitamin E compound derived from plants, existing in four isomers (alpha, beta, gamma, delta) • They are naturally found in foods like palm oil, rice bran oil, barley, oats, and certain seeds and nuts • Tocotrienols differ from tocopherols by having three unsaturated isoprenoid double bonds in their side chain, compared to tocopherols' saturated side chain • They function as antioxidants by donating hydrogen atoms to free radicals and reactive oxygen species • Some research suggests potential benefits for cognitive function, particularly in middle-aged and elderly populations • Studies have linked tocotrienols to improved biomarkers for inflammation and cardiovascular disease, though clinical outcomes require more research • They were first discovered in 1964, isolated from rubber, with significant research emerging in the late 1980s and early 1990s • Tocotrienols are considered safe, with human studies showing no adverse effects when consuming up to 240 mg/day for 48 months • Their lipophilic nature allows better tissue penetration compared to tocopherols, potentially enhancing their antioxidant properties • Absorption is best when taken with a fat-rich diet and primarily occurs in the small intestine","Insulin degludec","Health effects of snus","Tocotrienol","BLOSUM","3","BLOSUM","108","Health effects of snus","121","Insulin degludec","185","227"
"18","Hypothetical types of biochemistry","• All known life on Earth uses carbon compounds for structure and metabolism, water as a solvent, and DNA/RNA for genetic control, but alternative biochemistries are scientifically viable though unproven. • Silicon has been the most discussed alternative to carbon because it's in the same periodic table group and is tetravalent, but it has significant drawbacks including being 10 times less cosmically abundant and forming weaker chemical bonds. • Alternative solvents to water could include ammonia (a polar molecule like water) and non-polar hydrocarbon solvents like methane and ethane, which exist in liquid form on Saturn's moon Titan. • A 'shadow biosphere' is a hypothetical microbial ecosystem on Earth that uses radically different biochemical processes than known life and may remain undetected because microbial exploration focuses on macro-organism biochemistry. • Alternative-chirality biochemistry would use opposite molecular orientations (L-amino acids instead of D-amino acids, D-sugars instead of L-sugars) and would be incompatible with normal Earth life. • Carl Sagan coined the term 'carbon chauvinism' to describe the assumption that carbon-based life is universal, arguing that silicon and germanium could be conceivable alternatives despite carbon's greater chemical versatility. • Silicon compounds are problematic for life because they react rapidly with water, long-chain silicon molecules spontaneously decompose, and most terrestrial silicon is 'locked up' in stable silica rather than diverse biological precursors. • The topic of alternative biochemistries is relevant to synthetic biology research and extraterrestrial life detection, informed by knowledge of alien environments and chemical behavior of various elements.","Apache ZooKeeper","Gracilaria","Alcohol-induced respiratory reactions","Hypothetical types of biochemistry","4","Alcohol-induced respiratory reactions","156","Apache ZooKeeper","242","Gracilaria","200","50"
"19","Nephromyces","Here are the key facts about Nephromyces: • Nephromyces is a genus of apicomplexans that live symbiotically inside sea grapes (ascidians of the Molgula genus) • Initially misclassified as a chytrid fungus in 1888, molecular research later revealed it is actually an apicomplex organism related to Piroplasmida • Found exclusively in the Molgulidae family, specifically in Molgula and Bostrichobranchus genera, with every wild-collected adult Molgula containing the symbiont • Inhabits the host's renal sac, with at least seven distinct cell types representing different life cycle stages, including filaments, spores, and motile cells • Uniquely beneficial among apicomplexans, rather than parasitic, suggesting a mutualistic relationship with its host • Can survive outside a host for at least 29 days in seawater, remaining infective during this time • Possesses urate oxidase enzyme, potentially using host's nitrogenous waste products as a nitrogen source • Contains intracellular bacteria, creating a 'symbiosis within a symbiosis' in some species • Three original species were described: Nephromyces molgularum, Nephromyces rosocovitanus, and Nephromyces sorokini","Granulocyte-macrophage colony-stimulating factor receptor","1935–36 Football League","Locality-sensitive hashing","Nephromyces","4","Granulocyte-macrophage colony-stimulating factor receptor","195","Locality-sensitive hashing","185","1935–36 Football League","138","757"
"20","Human coronavirus OC43","Here are the key facts about Human coronavirus OC43 (HCoV-OC43): • HCoV-OC43 is one of seven coronaviruses known to infect humans, primarily causing common cold symptoms • The virus likely originated from cattle, with zoonotic transmission to humans estimated to have occurred around 1890 • It is a positive-sense, single-stranded RNA virus that enters host cells by binding to specific neuraminic acid receptors • The virus has four identified genotypes (A to D), with the most recent common ancestor dating back to the 1950s • Typical symptoms include nasal congestion, sore throat, cough, and fever, with more severe respiratory infections possible in vulnerable populations • HCoV-OC43 has rare but documented cases of central nervous system involvement, including fatal encephalitis in infants • The virus is genetically and antigenically similar to bovine coronavirus, suggesting a close evolutionary relationship • It has a genome of approximately 30,700 nucleotides and encodes several structural proteins, including spike (S), hemagglutinin-esterase (HE), membrane (M), envelope (E), and nucleocapsid (N) proteins • Some researchers speculate that HCoV-OC43 might have been responsible for the 1889-1890 pandemic, previously attributed to influenza","Islamophobia","Singular value decomposition","Implicit stereotype","Human coronavirus OC43","4","Islamophobia","117","Implicit stereotype","113","Singular value decomposition","112","872"
"21","Plastination","• Plastination is a preservation technique developed by Gunther von Hagens in 1977 that replaces water and fat in bodies or body parts with plastics like silicone, epoxy, and polyester-copolymer. • The process involves four main steps: fixation (using formaldehyde-based solutions), dehydration (using acetone baths), forced impregnation in a vacuum (replacing acetone with liquid polymer), and hardening (curing with gas, heat, or UV light). • Plastinated specimens can be touched, do not smell or decay, and retain most properties of the original sample, making them superior to traditional preservation methods for educational purposes. • Von Hagens established the Institute for Plastination in Heidelberg, Germany in 1993, which now operates three international centers in Germany, Kyrgyzstan, and China. • The technique is used at more than 40 medical and dental schools worldwide as a teaching tool, providing hands-on learning experience without exposure to harmful chemicals like formalin. • Plastination reduces the need to kill animals for research since specimens can be studied for extended periods without deterioration. • The first public exhibition of plastinated bodies took place in Japan in 1995, attracting more than three million visitors. • Different plastination procedures exist for specific purposes, including the Silicone S 10 for natural-looking specimens and the Epoxy E 12 for thin, transparent organ slices.","Mycorrhiza","Plastination","Word embedding","Clipper (programming language)","2","Word embedding","145","Clipper (programming language)","134","Mycorrhiza","111","816"
"22","Ribosomal RNA","• **rRNA is a non-coding RNA that serves as the primary component of ribosomes and functions as a ribozyme to carry out protein synthesis in all cells** • **rRNA makes up approximately 80% of cellular RNA despite never being translated into proteins itself, making it the predominant form of RNA in most cells** • **Ribosomes consist of approximately 60% rRNA and 40% ribosomal proteins, organized into two major subunits: large subunit (LSU) and small subunit (SSU)** • **Prokaryotic ribosomes contain 50S and 30S subunits with three rRNA types (23S, 5S, and 16S), while eukaryotic ribosomes contain larger 60S and 40S subunits with four rRNA types (28S, 5.8S, 5S, and 18S)** • **rRNA sequences are highly conserved across species and widely used for studying evolutionary relationships, as they are of ancient origin and resistant to horizontal gene transfer** • **The large subunit rRNA contains the peptidyl transferase center (PTC) that catalyzes protein synthesis, while the small subunit rRNA contains the decoding center (DC) that decodes mRNA** • **rRNA structure can undergo conformational changes that affect tRNA binding and the ribosome's ability to match codons with anticodons during translation** • **rRNA is transcribed from ribosomal DNA (rDNA) and assembles with ribosomal proteins through specific chemical interactions, including stacking interactions and binding to the sugar-phosphate backbone**","Ribosomal RNA","Larotrectinib","Cenomanian-Turonian boundary event","Little skate","1","Larotrectinib","223","Little skate","193","Cenomanian-Turonian boundary event","194","328"
"23","Molecular imaging","Here are the key facts about Molecular Imaging: • Molecular imaging is a medical imaging field that focuses on visualizing molecules within living patients, in contrast to traditional methods that require tissue samples • The ultimate goal is to noninvasively monitor biochemical processes inside an organism in real time, using techniques that do not disrupt the biological system • Common approach involves injecting a contrast agent (like radioactive isotopes or microbubbles) into a patient's bloodstream and tracking its movement using imaging technologies like ultrasound, MRI, CT, or PET • Molecular imaging differs from traditional imaging by using biomarkers that interact chemically with their surroundings, allowing visualization of fine molecular changes instead of just physical differences like density • Key research areas include detecting pre-disease states, imaging gene expression, and developing novel biomarkers for early disease detection and treatment • The field emerged in the mid-20th century at the intersection of molecular biology and in vivo imaging, with potential applications in diagnosing cancer, neurological, and cardiovascular diseases • Imaging modalities like MRI have specific strengths and limitations, with challenges including sensitivity and the need for highly specific contrast agents • Molecular imaging is an interdisciplinary field involving cellular/molecular biology, chemistry, and medical physics, with ongoing research to develop more advanced imaging methods","Puffer machine","Taenia crassiceps","Molecular imaging","Vehicle registration plates of Bulgaria","3","Puffer machine","144","Taenia crassiceps","210","Vehicle registration plates of Bulgaria","135","337"
"24","Collagenous colitis","Here are the key facts about Collagenous colitis: • Collagenous colitis is a type of microscopic colitis characterized by inflammation of the colon and chronic watery diarrhea • The condition primarily affects late middle-aged or elderly people, with most patients diagnosed in their 60s • Women are significantly more likely to be affected than men, with female-to-male ratios ranging from 3:1 to 8:1 • Primary symptoms include chronic watery diarrhea, with patients experiencing an average of 6 stools per day, and potential additional symptoms like weight loss, abdominal pain, and fatigue • The cause is unknown, but there may be connections to autoimmune disorders, with up to 40% of patients having another autoimmune condition • Diagnosis is made through colonic biopsies, which show characteristic collagen depositions in the connective tissue between colonic glands, despite normal-appearing mucosa during colonoscopy • First-line treatment is budesonide, a locally-acting steroid, with other potential treatments including bismuth agents, immunosuppressants, and probiotics • Epidemiological studies have shown increasing incidence rates, with recent studies reporting 9.9-12.2 cases per 100,000 person-years • The condition is sometimes considered an inflammatory bowel disease, though its relationship to other IBDs like Crohn's disease is not fully understood","Tryptamine","Baeocystin","Complement fixation test","Collagenous colitis","4","Baeocystin","153","Complement fixation test","169","Tryptamine","111","253"
"25","Sarcodon squamosus","• Sarcodon squamosus is an edible basidiomycete fungus that was previously considered a subspecies of Sarcodon imbricatus until molecular DNA analysis revealed them to be genetically distinct species. • The mushroom grows in large fairy rings near pine heaths and rocky flat soil, requiring areas with old trees and long forest continuity, and cannot withstand complete forest clearing. • The cap measures 10-25 centimeters (4-10 inches) wide with a shallow funnel shape, starting white and turning brownish-purple with age, featuring dark scales arranged in concentric circles. • Young specimens have a pleasant smell and mild taste, while older mushrooms develop a bitter flavor; they can be cooked with other mushrooms and preserved in oil or vinegar. • The species is found in the British Isles and the Netherlands, representing the smaller, more palatable pine-associated forms that were historically grouped with S. imbricatus. • Sarcodon squamosus is notable for mushroom dyeing as one of the few species capable of producing blue dyes, with young mushrooms yielding brown shades and mature ones producing rare blue, turquoise, and green colors. • The mushroom grows in areas with old-growth forest characteristics and requires long-term forest continuity to thrive successfully.","Cucumis metuliferus","Alcohols (medicine)","Sarcodon squamosus","Ergocalciferol","3","Ergocalciferol","152","Cucumis metuliferus","185","Alcohols (medicine)","228","765"
"26","Rao–Blackwell theorem","Here are the key facts about the Rao–Blackwell theorem: • The Rao–Blackwell theorem is a statistical result that transforms an arbitrary estimator into a potentially more optimal estimator by using a sufficient statistic • The theorem is named after statisticians C.R. Rao and David Blackwell, and is sometimes called the Rao–Blackwell–Kolmogorov theorem • The key process, called Rao–Blackwellization, involves taking the conditional expectation of an initial estimator given a sufficient statistic • The transformed estimator (Rao–Blackwell estimator) is guaranteed to have a mean squared error that is no worse than the original estimator, and often significantly better • The improved estimator maintains the same bias as the original estimator - if the original was unbiased, the Rao–Blackwell estimator remains unbiased • When the conditioning statistic is both complete and sufficient, the Rao–Blackwell estimator becomes the unique minimum variance unbiased estimator • Rao–Blackwellization is an idempotent operation, meaning applying it multiple times to an already improved estimator yields no further improvement • The theorem is applicable across various loss functions, with a particularly clear application for mean-squared-error estimation • In practice, the improvement from Rao–Blackwellization can be substantial, transforming crude initial estimators into highly effective statistical estimates","KL-ONE","Content clause","List of IBM products","Rao–Blackwell theorem","4","List of IBM products","186","Content clause","245","KL-ONE","193","590"
"27","EM algorithm and GMM model","Based on the provided text, here are the key facts about the EM algorithm and Gaussian Mixture Model (GMM): • The EM (Expectation-Maximization) algorithm is a statistical method for handling latent variables in complex models • Gaussian Mixture Models (GMM) are probabilistic models that assume data is generated from a mixture of multiple Gaussian distributions • In the example provided, the model is used to analyze red blood cell characteristics across two groups (Anemia and Control) • The model uses a categorical distribution to represent group membership, with two possible groups (k=2) • The algorithm aims to estimate key parameters: - ϕ (group probabilities) - μ (mean vectors) - Σ (covariance matrices) • Maximum likelihood estimation is used to find the optimal parameters by maximizing a log-likelihood function • The model assumes that data within each group follows a normal (Gaussian) distribution • The method can handle scenarios where group membership (z) is not directly observable, treating it as a latent variable • The log-likelihood function combines the probability of observing the data given the group and the probability of group membership Note: The provided text appears to be a partial or technical excerpt, so the facts are derived from the available information.","Alpha Centauri Bb","Immune system","EM algorithm and GMM model","Ethylenediamine","3","Immune system","194","Ethylenediamine","158","Alpha Centauri Bb","120","266"
"28","Verbascoside","Here are the key facts about Verbascoside: • Verbascoside is a polyphenol glycoside composed of caffeic acid, hydroxytyrosol, and a disaccharide with a complex molecular structure • It is predominantly found in plant species within the Lamiales order, with only two known examples outside this taxonomic group • The compound occurs in numerous plant families, including Lamiaceae, Scrophulariaceae, Buddlejaceae, Bignoniaceae, and Oleaceae • Notable sources include medicinal plants like olive trees, vervain, lemon verbena, and various Verbascum species • Verbascoside can be produced through plant cell cultures and hairy root cultures of certain plant species • It demonstrates antimicrobial activity, particularly against Staphylococcus aureus • The compound has potential anti-inflammatory properties • Verbascoside acts as a protein kinase C inhibitor • While some in vitro studies suggested potential genotoxicity, subsequent in vivo tests found no genotoxic effects with high oral dosages","Enantiomer","Verbascoside","Simulated annealing","Louis Lewin","2","Enantiomer","125","Louis Lewin","100","Simulated annealing","109","870"
"29","Flagellin","• Flagellins are proteins that arrange in a hollow cylinder to form the filament of bacterial flagella, with an average mass of about 40,000 daltons and serving as the principal component for bacterial motility. • The flagellin structure consists of helical N- and C-termini that form the inner core and enable polymerization, while the middle residues form the outer surface and vary greatly between bacterial species. • Flagellin is transported through the center of the filament to the tip where it spontaneously polymerizes, and the filament consists of eleven protofilaments (nine L-type and two R-type). • In mammals, flagellin directly interacts with immune receptors TLR5 and TLR11, triggering acquired immune responses including T-cell and antibody responses against flagellated bacteria. • Flagellins can be classified into three immune response categories: silent flagellins (bind TLR5 but don't activate), evaders (cannot bind TLR5), and stimulators (variable binding but can activate TLR5). • Some bacteria can switch between multiple flagellin genes to evade mammalian immune responses. • In plants, a 22-amino acid sequence (flg22) from flagellin's conserved N-terminal region activates defense mechanisms through the FLS2 receptor, leading to PAMP-triggered immunity affecting over 900 genes. • The flagellin gene has different names across bacterial species, such as 'flaA' in Helicobacter pylori and 'fliC' or 'fljB' in other species.","Flagellin","C5-convertase","Oxybelis fulgidus","Persistence hunting","1","Oxybelis fulgidus","123","C5-convertase","209","Persistence hunting","207","556"
"30","Bayes factor","• The Bayes factor is a ratio of two competing statistical models represented by their evidence, used to quantify support for one model over another. • It serves as a Bayesian analog to the likelihood-ratio test, but uses integrated (marginal) likelihood rather than maximized likelihood. • Unlike classical hypothesis testing, Bayes factors can provide evidence 'in favor' of a null hypothesis, not just against it. • The Bayes factor is defined as the ratio of two marginal likelihoods - the likelihoods of statistical models integrated over the prior probabilities of their parameters. • Computing Bayes factors can be challenging, often requiring numerical approximations like MCMC methods since closed-form expressions are generally unavailable. • The Bayesian Information Criterion (BIC) approximates the Bayes factor in large datasets when prior influence diminishes. • Bayes factors automatically include a penalty for excessive model complexity, helping guard against overfitting. • Jeffreys' scale provides interpretation guidelines: K > 1 supports model M₁, with values like K > 3.2 indicating 'substantial' evidence and K > 10 indicating 'strong' evidence. • When comparing models with equal prior probability, the Bayes factor equals the ratio of their posterior probabilities.","Fezolinetant","Bayes factor","Magnetic circular dichroism","Ranitidine","2","Fezolinetant","239","Magnetic circular dichroism","211","Ranitidine","218","437"
"31","Globulin","Here are the key facts about Globulins: • Globulins are a family of globular proteins found in blood, with a normal concentration of 2.6-3.5 g/dL in human blood • They are classified into three main types: alpha, beta, and gamma globulins, which can be distinguished through serum protein electrophoresis • Globulins are produced in different locations: alpha and beta globulins are mainly created in the liver, while gamma globulins are made by lymphocytes and plasma cells in lymphoid tissue • They serve multiple important functions, including: - Exerting oncotic pressure - Transporting hormones (like sex hormone-binding globulin) - Carrying antibodies (immunoglobulins) • Globulins vary in molecular weight, ranging from approximately 93 kDa (alpha globulins) to 1193 kDa (gamma globulins) • Globulin levels can be tested through blood tests like total protein test and serum protein electrophoresis • A decrease in globulins can be caused by malnutrition or congenital immune deficiency • Abnormal globulin levels might indicate conditions such as acute infections, long-term inflammatory diseases, or specific blood disorders • Immunologically active gamma globulins are also known as 'immunoglobulins' or 'antibodies'","Globulin","Lysine iron agar","The Hot Zone","Cachexia","1","Lysine iron agar","192","The Hot Zone","124","Cachexia","162","464"
"32","DNA damage theory of aging","• The DNA damage theory of aging proposes that aging results from the unrepaired accumulation of naturally occurring DNA damage, particularly in nuclear DNA, which can contribute to aging either indirectly (through apoptosis or cellular senescence) or directly (through cell dysfunction). • DNA damage occurs frequently in mammals, with estimates showing 25-115 DNA lesions per minute in each mouse cell, totaling approximately 36,000-160,000 lesions per cell per day. • Deficient DNA repair causes premature aging, while increased DNA repair facilitates greater longevity, as demonstrated by mouse models showing strong correlation between compromised DNA repair pathways and severity of accelerated aging. • Human studies reveal that centenarians (100-107 years old) have higher levels of DNA repair enzymes (PARP1 and Ku70) compared to typical elderly individuals (69-75 years old), and genetic variants that increase DNA repair gene expression correlate with increased longevity. • DNA damage accumulates more in non-replicating or slowly replicating cells (such as brain, skeletal, and cardiac muscle cells) because these cells cannot dilute damage through frequent cell division. • DNA damage differs fundamentally from mutations: damage involves physical abnormalities that can be repaired using undamaged DNA templates, while mutations are permanent base sequence changes that cannot be repaired once present in both DNA strands. • In rapidly dividing cells, unrepaired DNA damage primarily leads to mutations and cancer, whereas in slowly dividing cells, accumulated DNA damage is more likely to cause aging-related dysfunction. • Alexander first proposed in 1967 that DNA damage (distinct from mutation) is the primary cause of aging, with significant experimental support emerging by the early 1980s and substantial evidence by the early 1990s, particularly for oxidative DNA damage.","Beta-2 adrenergic receptor","DNA damage theory of aging","Rhodococcus","Minisatellite","2","Rhodococcus","164","Beta-2 adrenergic receptor","114","Minisatellite","122","130"
"33","Coca tea","• Coca tea is a herbal infusion made from coca plant leaves, native to South America and commonly consumed in Andean countries including Peru, Bolivia, Colombia, Ecuador, and Argentina. • One cup of coca tea contains approximately 4.2 mg of coca alkaloid (from 1 gram of leaves), which is significantly less than a typical line of cocaine (20-30 mg), making it a mild stimulant comparable to strong coffee. • Despite low alkaloid concentrations, consuming coca tea can cause a positive result on drug tests for cocaine due to the presence of cocaine and related metabolites. • There is no evidence that coca tea use leads to dependence or addiction, likely due to the low concentrations of cocaine present. • Coca tea is legal in Colombia, Peru, Bolivia, Argentina, Uruguay, and Ecuador, but illegal in the United States unless decocainized. • The tea is traditionally used by Andean indigenous peoples in medicine and is commonly offered to travelers in high-altitude cities like Cuzco and La Paz to help prevent altitude sickness. • Coca tea can be decocainized (similar to decaffeinated coffee), though small quantities of coca alkaloids remain even after this process. • The tea has a greenish-yellow color and mild bitter flavor similar to green tea with organic sweetness, and should not be confused with yerba mate, which comes from a different plant.","Opioid use disorder","Coca tea","Sniper Advanced Targeting Pod","Combretum indicum","2","Combretum indicum","226","Opioid use disorder","117","Sniper Advanced Targeting Pod","103","478"
"34","Bifidobacterium","Here are the key facts about Bifidobacterium animalis: • Bifidobacterium animalis is a gram-positive, anaerobic, rod-shaped bacterium found in the large intestines of most mammals, including humans. • Previously considered two distinct species (B. animalis and B. lactis), it is now classified as a single species with two subspecies: B. animalis subsp. animalis and B. animalis subsp. lactis. • The bacterium is widely used as a probiotic, commonly found in dairy products, dietary supplements, and infant formulas. • Specific strains like BB-12 have been developed and trademarked by companies such as Chr. Hansen A/S and Danone for use in various commercial products. • Research has shown promising results in preterm infants, including increased beneficial bacteria counts and improvements in digestive markers. • The subspecies B. animalis lactis BB-12 has favorable characteristics like high tolerance to acidic environments, stability, and the ability to maintain viability in food products. • While generally considered safe, probiotics may pose risks for individuals with compromised immune systems, potentially causing rare but serious complications like bacteremia or sepsis. • The bacterium is used in various international markets, with companies creating multiple marketing names for the same strain (e.g., Bifidus Regularis, Bifidus Digestivum).","Antifreeze protein","Epigenetic clock","Bifidobacterium","Mucus","3","Epigenetic clock","137","Mucus","205","Antifreeze protein","124","369"
"35","September 2024 Israeli attacks against Lebanon","• **Operation Northern Arrows began on September 23, 2024**, marking Israel's major escalation in airstrikes against Lebanon, resulting in over 800 deaths, 5,000+ injuries, and hundreds of thousands of displaced civilians. • **September 23 was the deadliest single day**, with Israeli attacks killing 558 people including 50 children and 94 women, making these the deadliest attacks in Lebanon since the Lebanese Civil War ended. • **The attacks followed coordinated device explosions on September 17-18, 2024**, when thousands of pagers and walkie-talkies exploded across Lebanon, killing 42 and injuring 3,500+ people in attacks attributed to Israeli intelligence. • **Hassan Nasrallah, Hezbollah's Secretary-General, was assassinated in Israeli airstrikes on September 27, 2024**, representing a major escalation in targeting of senior Hezbollah leadership. • **Israel invaded Lebanon on October 1, 2024**, expanding the conflict beyond airstrikes to ground operations. • **The conflict originated from Hezbollah's support for Palestinians**, with Hezbollah joining the Israel-Hamas war on October 8, 2023, leading to over 10,200 cross-border attacks between the parties. • **Over 50,000 Lebanese civilians fled to Syria**, while hundreds of schools were converted to shelters as the Lebanese government struggled to provide adequate support for displaced populations. • **A ceasefire agreement took effect on November 27, 2024**, though some attacks have continued despite the formal end to hostilities.","Home invasion","Diet and cancer","Antimicrobial spectrum","September 2024 Israeli attacks against Lebanon","4","Diet and cancer","245","Antimicrobial spectrum","128","Home invasion","186","76"
"36","Yok-Utian languages","Based on the provided Wikipedia article, here are the key facts about Yok-Utian languages: • Utian is a language family spoken by Indigenous peoples in Northern California, specifically the Miwok and Ohlone peoples • The language family has been traditionally considered part of the broader Penutian language phylum • There is an academic argument that Utian languages and Yokuts languages might be sub-families of a larger Yok-Utian language family • All Utian languages are currently in a critically vulnerable linguistic state, being either: - Severely endangered - Extinct - In the process of revitalization • The language classification is based on scholarly work by linguists like Mithun (1999) and Callaghan (2001) • The language family includes multiple dialect groups and subgroups within Miwok and Ohlone language classifications • Geographically, these languages are specifically associated with the Northern California region of the United States","Yok-Utian languages","Ethylene-vinyl acetate","Pneumodesmus","Bʼaga languages","1","Pneumodesmus","146","Bʼaga languages","212","Ethylene-vinyl acetate","119","776"
"37","Dialkylbiaryl phosphine ligands","• Dialkylbiaryl phosphine ligands are phosphine ligands used in homogeneous catalysis, particularly effective in Buchwald-Hartwig amination, Suzuki-Miyaura cross-coupling, Negishi cross-coupling, and etherification reactions with various transition metals including Pd, Ni, Au, Ag, Cu, Rh, and Ru. • These ligands were first developed by Stephen L. Buchwald in 1998 to overcome limitations of earlier phosphine ligands that required harsh conditions and had limited scope, particularly enabling the use of widely available aryl chlorides that were previously unreactive. • The ligands are air-stable solids that are commercially available and can be synthesized from inexpensive starting materials using one-pot protocols that have been scaled up to over 10 kg. • Their enhanced catalytic activity is attributed to their electron-richness, steric bulk from groups like cyclohexyl, t-butyl, and adamantyl on phosphorus, and a key structural feature where the lower biphenyl ring acts as a hemilabile ligand that stabilizes reactive 12-electron L–Pd0 intermediates. • The lower ring of the biphenyl system requires 2,6-substitution to minimize catalyst decomposition via Pd-mediated C-H activation, and minor structural changes can dramatically alter catalytic activity for different substrates. • Common examples include DavePhos (the first reported ligand), JohnPhos, MePhos, XPhos, SPhos, RuPhos, and BrettPhos, each with specific applications and many having modified variants like t-BuDavePhos and t-BuXPhos. • These ligands enable reactions to proceed under mild conditions (room temperature or lower) and have been further enhanced by the development of base-activated, cyclopalladated precatalysts that broaden applicability and simplify use. • The ligands have been successfully applied in industrial-scale processes, with some reactions conducted on kilogram scales and requiring no special palladium-removal treatments.","Dopamine reuptake inhibitor","Dibenzoylmethane","Coenzyme Q – cytochrome c reductase","Dialkylbiaryl phosphine ligands","4","Dopamine reuptake inhibitor","228","Coenzyme Q – cytochrome c reductase","168","Dibenzoylmethane","191","285"
"38","Xenobiotic","Here are the key facts about Xenobiotics: • A xenobiotic is a chemical substance found in an organism that is not naturally produced or expected to be present in that organism • Xenobiotics can include pollutants, drugs, carcinogens, food additives, hydrocarbons, and pesticides, with many being artificial substances created by humans • The body primarily removes xenobiotics through metabolism in the liver, with excretion routes including urine, feces, breath, and sweat • Hepatic enzymes like cytochrome P450 are responsible for metabolizing xenobiotics by first activating and then conjugating them for elimination • Exposure to xenobiotics can potentially disrupt microbiome community structure and cause functional changes in biological systems • Some xenobiotic substances, like polychlorinated biphenyls (PCBs) and polycyclic aromatic hydrocarbons (PAHs), are resistant to degradation and can accumulate in the environment • Organisms can evolve tolerance to xenobiotics through mechanisms like modified ion channels or ATP-binding cassette (ABC) transporters • Microorganisms may help address environmental xenobiotic pollution through bioremediation, using processes like horizontal gene transfer to metabolize these substances • Major sources of xenobiotic environmental pollution include industries like pharmaceuticals, fossil fuels, agriculture, and chemical manufacturing","Xenobiotic","Pepsin","Cyclin D2","Non-coding RNA","1","Pepsin","101","Cyclin D2","130","Non-coding RNA","114","295"
"39","List of SMTP server return codes","• SMTP status codes are three-digit numbers issued by servers in response to client requests, with the first digit indicating whether the response is positive (2xx), intermediate (3xx), transient negative (4xx), or permanent negative (5xx). • The second digit categorizes responses by function: x0z for syntax issues, x1z for information requests, x2z for connection matters, and x5z for mail system status. • Enhanced status codes were introduced in RFC 3463 to provide better structure, using a three-field format (class.subject.detail) separated by periods, such as '2.0.0' or '5.1.1'. • 2xx codes indicate successful completion of requested actions, while 4xx codes represent temporary failures that can be retried and 5xx codes indicate permanent failures that should not be repeated. • Common positive completion codes include 220 (service ready), 250 (mail action completed), and 221 (service closing), often seen during normal email transmission. • Transient negative codes (4xx) like 450 (mailbox unavailable) and 452 (insufficient storage) indicate temporary problems where the sender should retry the operation later. • Permanent negative codes (5xx) such as 500 (syntax error) indicate that the exact same request should not be repeated, though the underlying issue might eventually be correctable. • Enhanced status codes must be prepended to the text part of SMTP responses when supported, and the Internet Assigned Numbers Authority (IANA) maintains the official registry of these codes.","List of SMTP server return codes","Feline idiopathic cystitis","Male breast cancer","Lymph","1","Lymph","229","Male breast cancer","103","Feline idiopathic cystitis","245","145"
"40","Ericales","• Ericales is a large and diverse order of dicotyledons containing over 8,000 species, with the Ericaceae family alone accounting for 2,000-4,000 species. • The order has significant commercial importance, including major crops like tea (Camellia sinensis), kiwifruit, persimmon, blueberry, cranberry, Brazil nuts, and shea, as well as ornamental plants like azalea and rhododendron. • Ericales includes diverse plant forms ranging from trees and bushes to lianas and herbaceous plants, as well as specialized types like chlorophyll-deficient mycoheterotrophic plants and carnivorous plants. • Many species in the order have five petals that are often fused together, a characteristic that historically placed them in the subclass Sympetalae. • The order is notable for its unique mycorrhizal associations, with three types of mycorrhiza (ericoid, arbutoid, and monotropoid) found exclusively among Ericales species. • Ericales has a cosmopolitan distribution, with different families adapted to various climates from tropical to Arctic and temperate regions. • According to molecular studies, the Ericales lineage diverged from other plants approximately 127 million years ago or diversified around 110 million years ago. • Some families within the order have an exceptional ability to accumulate aluminum, distinguishing them from other plant groups.","Drug delivery to the brain","Be (Cyrillic)","Ericales","2024 Moldovan presidential election","3","Be (Cyrillic)","151","Drug delivery to the brain","193","2024 Moldovan presidential election","185","777"
"41","Neuroprotection","Here are the key facts about Neuroprotection: • Neuroprotection aims to preserve neuronal structure and function by reducing the rate of neuronal loss in various central nervous system (CNS) disorders • Common mechanisms of neuronal injury include decreased oxygen/glucose delivery, oxidative stress, mitochondrial dysfunction, excitotoxicity, inflammation, and protein aggregation • Glutamate excitotoxicity is a critical trigger for neuronal cell death, primarily caused by excessive calcium ion (Ca2+) accumulation in neurons • Neuroprotective treatments typically target two main mechanisms: excitotoxicity (using glutamate antagonists) and oxidative stress (using antioxidants) • Over 150 drugs have been tested in clinical trials for neuroprotection, with tissue plasminogen activator and edaravone receiving regulatory approvals in some countries • Neuroprotection is relevant for treating conditions like neurodegenerative diseases, stroke, traumatic brain injury, and spinal cord injury • The effectiveness of neuroprotective treatments can vary depending on factors like disease type, gender, ethnicity, and age • Exercise has been proposed as a potential neuroprotective strategy • Ongoing research continues to explore new methods for preventing or slowing the progression of neurodegenerative diseases and secondary injuries","Neuroprotection","Properties of water","ORF1ab","Gaboxadol","1","Properties of water","229","Gaboxadol","249","ORF1ab","116","229"
"42","Wet-bulb globe temperature","Here are the key facts about Wet-bulb Globe Temperature (WBGT): • WBGT is a comprehensive measure of environmental heat that accounts for four major factors: air temperature, humidity, radiant heat, and air movement • Unlike simple temperature measurements, WBGT provides a more accurate assessment of how heat affects humans • A WBGT meter uses three sensors: a dry-bulb thermometer, a natural wet-bulb thermometer, and a black globe thermometer • WBGT is widely used by industrial hygienists, athletes, sporting events, and military organizations to determine safe exposure levels to high temperatures • The American Conference of Governmental Industrial Hygienists publishes threshold limit values (TLVs) based on WBGT for workplace safety • Some US military installations use WBGT to display heat categories and provide guidelines for water intake and physical activity • The University of Georgia has adapted military WBGT categories for use in college sports practice guidelines • Unlike heat index or humidex, WBGT uniquely accounts for the effects of radiation in heat stress measurement • WBGT can be calculated using specific formulas for both outdoor and indoor environments, with the option to add a clothing adjustment factor","Enterochromaffin cell","Kashin–Beck disease","Wet-bulb globe temperature","Trachoma","3","Trachoma","113","Kashin–Beck disease","122","Enterochromaffin cell","237","474"
"43","Northwest Sumatra–Barrier Islands languages","Here are the key facts about Northwest Sumatra–Barrier Islands languages: • The Northwest Sumatra–Barrier Islands languages are a group of Malayo-Polynesian languages spoken in North Sumatra and on the Barrier Islands off western Sumatra, Indonesia • The language subgroup includes Gayo, Batak languages, Simeulue, Nias–Sikule, Mentawai, and potentially Enggano • The subgroup was first proposed by Lafeber in 1922, originally called 'Batak-Nias', and later supported by Nothofer in 1986 • The classification of Enggano is controversial, with some researchers including it in the subgroup while others consider it a primary branch of Malayo-Polynesian languages • Recent research by Smith (2017) and Billings & McDonnell (2022) supports an expanded 'Sumatran' subgroup that includes these languages and the Nasal language from southwestern Sumatra • The languages share several phonological innovations, including mergers and shifts in consonant sounds from Proto-Malayo-Polynesian (PMP) to Proto-Sumatran • These languages are primarily spoken by Batak peoples, Nias, Mentawai, and other indigenous groups in the region • The linguistic group represents an important subset of languages in the western Indonesian archipelago, with distinct phonological and lexical characteristics","Northwest Sumatra–Barrier Islands languages","Hottentotta tamulus","Provora","List of parties to the Biological Weapons Convention","1","List of parties to the Biological Weapons Convention","218","Provora","123","Hottentotta tamulus","140","661"
"44","Renal cortical necrosis","• Renal cortical necrosis (RCN) is a rare cause of acute kidney failure caused by significantly diminished arterial perfusion due to arterial spasms, microvascular injury, or disseminated intravascular coagulation. • The condition is three times more common in developing nations (6%) versus industrialized nations (2%) as a cause of acute kidney failure. • More than 50% of adult cases are pregnancy-related, with common causes including placental abruption, infected abortion, and severe eclampsia; RCN accounts for over 20% of acute kidney failure cases during late pregnancy. • The pathophysiology involves prolonged ischemia leading to cortical damage, with the renal cortex being more prone to ischemic injury than the medulla due to higher oxygen tension requirements. • Diagnosis is challenging as the gold standard requires kidney biopsy, but clinical conditions often make this impractical; alternative methods include clinical diagnosis or contrast-enhanced CT. • Treatment requires dialysis to compensate for lost kidney function. • RCN has a severe prognosis with mortality rates exceeding 50%, with even higher rates in neonates due to increased complications and comorbid conditions. • The extent of necrosis determines prognosis and depends on duration of ischemia, duration of oliguria, and severity of precipitating conditions.","Renal cortical necrosis","Chymosin","Protein tertiary structure","Clinical trial naming conventions","1","Protein tertiary structure","118","Clinical trial naming conventions","138","Chymosin","141","244"
"45","Hereditary cancer syndrome","Here are the key facts about Hereditary Cancer Syndrome: • Hereditary cancer syndrome is a genetic disorder where inherited mutations predispose individuals to developing cancer, often at an earlier age and with a higher lifetime risk • These syndromes account for 5-10% of all cancers, with over 50 identifiable inherited forms of cancer • Most hereditary cancer syndromes are transmitted in an autosomal dominant manner, meaning only one faulty gene allele is needed to increase cancer risk • Common examples include hereditary breast-ovarian cancer syndrome and Lynch syndrome (hereditary non-polyposis colon cancer) • Mutations typically occur in critical genes such as: - Tumor suppressor genes - DNA repair genes - Oncogenes - Genes involved in blood vessel production • The genetic transmission follows Knudson's two-hit hypothesis, where an inherited mutation is followed by a second mutation later in life that triggers cancer development • Some rare cancers are strongly associated with hereditary cancer syndromes, including adrenocortical carcinoma, medullary thyroid cancer, and certain types of renal cell carcinoma • Genetic testing can help identify individuals at higher risk and potentially improve cancer prevention and treatment strategies","TRPV1","Methanogen","Enterococcus faecium","Hereditary cancer syndrome","4","Enterococcus faecium","138","TRPV1","189","Methanogen","115","145"
"46","Orf (disease)","Here are the key facts about Orf (disease): • Orf is a zoonotic pox virus disease primarily affecting sheep and goats, but can also infect humans through direct contact with infected animals or contaminated objects • The disease causes small, pustular skin lesions with a pale halo around a red center, typically appearing on hands, fingers, lips, and muzzle of animals • Symptoms usually include a single, non-painful skin lesion that persists for 3-6 weeks before crusting over, and can potentially develop into a granuloma • While generally benign and self-limiting in healthy individuals, Orf can be progressive and potentially life-threatening in immunocompromised patients • The virus can survive in soil for at least six months and is endemic in livestock herds worldwide, with reported cases across multiple continents • One-third of human cases may develop erythema multiforme, and patients can be reinfected even after previous exposure • Treatment options are limited, potentially involving topical medications like cidofovir or imiquimod, and in some cases surgical excision of lesions • A live virus vaccine exists for sheep and goats, typically administered to ewes at two months old, but can potentially cause minor infections in humans • In severe cases, the virus can cause complications like preventing suckling in lambs, potentially leading to weight loss and udder infections in ewes","Ubiquitin","Torwali language","Orf (disease)","Hughes–Stovin syndrome","3","Hughes–Stovin syndrome","163","Ubiquitin","120","Torwali language","179","686"
"47","Multinomial distribution","Here are the key facts about the Multinomial distribution: • The multinomial distribution is a generalization of the binomial distribution, modeling the probability of counts for multiple categories in a fixed number of independent trials • It applies to scenarios with k possible mutually exclusive outcomes, such as rolling a k-sided die n times, where each outcome has a specific probability • The distribution is related to other probability distributions: - When k=2 and n=1, it becomes the Bernoulli distribution - When k=2 and n>1, it becomes the binomial distribution - When k>2 and n=1, it becomes the categorical distribution • The probability mass function describes the likelihood of observing specific numbers of each category across n trials, based on the predetermined probabilities of each category • Each component of a multinomial distribution follows a binomial distribution with parameters n and its specific probability • The expected number of times an outcome is observed is calculated as n * p_i, where n is the number of trials and p_i is the probability of that specific outcome • The covariances between different categories are always negative, meaning an increase in one category requires a decrease in another • The distribution can be visualized as slices of generalized Pascal's triangle, representing discretized equilateral pyramids in arbitrary dimensions • It is commonly used in statistical modeling of categorical data, such as election voting patterns or experimental outcomes with multiple possible results","Prize (law)","List of writing systems","Metabolic equivalent of task","Multinomial distribution","4","Metabolic equivalent of task","228","Prize (law)","236","List of writing systems","167","449"
"48","List of Legionnaires' disease outbreaks","Here are the key facts extracted from the Wikipedia article: • Legionnaires' disease is a potentially fatal infectious disease caused by Legionella bacteria, first reported in 1976 during a convention in Philadelphia, Pennsylvania • An outbreak is defined as two or more cases with closely linked time and location, potentially sharing a common infection source • Governmental and health organizations have established guidelines for preventing Legionnaires' disease, including: - Weekly microbiological monitoring of wet cooling systems - Quarterly testing for Legionella bacteria - Specific regulations in countries like the UK, Malta, and the United States • Copper-Silver ionization has been identified as an effective method for eradicating Legionella in water systems, with over 100 hospitals adopting the technology by 2003 • Recent studies have shown that Legionella transmission can occur over much larger distances than previously thought, with infections detected up to 6-7 km from the source • Temperature significantly impacts Legionella survival: - Ideal growth range: 35-46°C (95-115°F) - Disinfection range: 70-80°C (158-176°F) - Complete bacterial death occurs at 66°C (151°F) within 2 minutes • A 2010 UK study found that 20% of Legionnaires' disease cases might be caused by infected windscreen washer systems filled with pure water","Cuban crow","Cocoliztli epidemics","List of Legionnaires' disease outbreaks","Hyperinsulinemia","3","Hyperinsulinemia","166","Cuban crow","228","Cocoliztli epidemics","130","135"
"49","LaSalle/Van Buren station","Here are the key facts about LaSalle/Van Buren station: • Located in downtown Chicago, serving the CTA's Brown, Orange, Pink, and Purple Lines • One of eight stations in the Chicago Loop transit system • Opened on October 3, 1897, making it a historic transit station • Proximity to LaSalle Street Station, which is the terminal for Metra's Rock Island District trains • Featured in several films, including 'Running Scared' (1986), 'Planes, Trains and Automobiles' (1987), and 'Three the Hard Way' (1974) • Located one block south of the Chicago Board of Trade Building • Offers bus connections, including routes 22 Clark, 24 Wentworth, 36 Broadway, and 130 Museum Campus (seasonal) • The station's physical appearance has remained largely unchanged since at least the 1980s, as evidenced by its film appearances","Ruaidhrí Mac Ruaidhrí","LaSalle/Van Buren station","Lashup Radar Network","Coat of arms of the University of Oxford","2","Coat of arms of the University of Oxford","208","Lashup Radar Network","203","Ruaidhrí Mac Ruaidhrí","161","774"
"50","Veps language","Here are the key facts about the Veps language: • Veps is a Finnic language from the Uralic language family, spoken primarily in Russia and closely related to Finnish and Karelian • As of 2010, there were approximately 3,600-5,900 native speakers, with the population declining significantly since the late 1980s • The language is divided into three main dialects: Northern, Central, and Southern Veps, with the Northern dialect being the most distinct • Veps is considered the easternmost surviving Finnic language and has developed in relative isolation, lacking some features found in related languages • The language uses a Latin alphabet consisting of 29 characters and has a largely phonemic orthography • Veps is primarily spoken in the Republic of Karelia, Leningrad Oblast, and Vologda Oblast in Russia • The language retains some archaic features while also showing unique linguistic innovations, such as vocalization of syllable-final consonants • More than 350 children learn Veps in five national schools in Russia, indicating ongoing efforts to preserve the language • The closest linguistic relative to Veps is Ludic, another Finnic language • The first known document potentially related to Veps is a 13th-century birch bark letter discovered near Novgorod","Veps language","Locky","Vitreous body","Gaj's Latin alphabet","1","Locky","193","Vitreous body","130","Gaj's Latin alphabet","142","777"
"51","List of laboratory biosecurity incidents","Based on the provided Wikipedia article excerpt, here are the key facts: • The article documents laboratory biosecurity incidents involving accidental infections, pathogen releases, and containment failures • Incidents include: - Laboratory-acquired infections - Releases of lethal pathogens - Containment failures during pathogen transport - Exposure of personnel to lethal pathogens - Improper disposal of contaminated waste - Escape of laboratory animals • The list is organized chronologically by the year of occurrence • The compilation does not claim to be a comprehensive record of all laboratory-acquired infections • Related topics include biological hazards, biosafety levels, and laboratory safety • The article references external resources like the Laboratory-Acquired Infection (LAI) Database and surveys of infections in high-risk biosafety level laboratories • The goal appears to be documenting and raising awareness about potential risks in scientific research environments involving dangerous pathogens","Hyena butter","List of laboratory biosecurity incidents","Coverage (genetics)","Missing letter effect","2","Coverage (genetics)","169","Hyena butter","147","Missing letter effect","203","378"
"52","Star-nosed mole","Here are the key facts about the Star-nosed mole: • Native to northeastern North America, found in moist, low-elevation areas like wet lowlands and marshes • Unique star-shaped nose contains over 25,000 minute sensory receptors called Eimer's organs, which allow extremely sensitive touch and navigation • Recognized as the world's fastest-eating mammal, capable of identifying and consuming prey in just 120 milliseconds (with brain decision-making in about 8 milliseconds) • Can smell underwater by exhaling and inhaling air bubbles, enabling scent detection in aquatic environments • Primarily eats small invertebrates including aquatic insects, worms, mollusks, crustaceans, and occasionally small fish and amphibians • Highly adaptable to cold environments, with excellent thermoregulation abilities that allow activity in winter, including tunneling through snow and swimming in ice-covered streams • Reproduces once or twice annually, with females typically producing 4-5 young per litter • Functionally blind, relying almost entirely on its specialized nose for sensory perception and prey detection • Predators include hawks, owls, foxes, weasels, minks, and large fish like northern pike","Amygdala","Star-nosed mole","Francisella","Immune system","2","Francisella","186","Amygdala","227","Immune system","126","606"
"53","Repetition (music)","Here are the key facts about Repetition in Music: • Repetition is a fundamental element in music, where sounds or sequences are repeated, often called 'restatement' of a theme • Memory is crucial to music appreciation - listeners understand music by remembering and relating recently heard tones to current sounds • Repetition serves multiple purposes: creating unity, establishing motifs and hooks, and helping listeners identify and remember musical passages • There are different types of repetition, including: - Exact repetition (aaa) - Repetition after digression (aba) - Nonrepetition (abcd) • Musical scholars like Richard Middleton distinguish between 'musematic repetition' (simple, short figure repetition) and 'discursive repetition' (phrase or section-level repetition) • Some music genres are particularly known for high levels of repetition, including: - Minimalist music - Disco - House music - Techno - Some classical compositions • During the Classical era, musicians used repetition strategically to help audiences remember and appreciate musical pieces • Repetition plays a critical role in musical form, influencing structures like ternary and binary forms • Psychological interpretations of repetitive music have varied, with some critics like Theodor Adorno viewing excessive repetition negatively","Relational algebra","Chromosome 1","List of ISO 639-2 codes","Repetition (music)","4","Chromosome 1","103","Relational algebra","150","List of ISO 639-2 codes","112","96"
"54","Corynebacterium glutamicum","Here are the key facts about Corynebacterium glutamicum: • Corynebacterium glutamicum is a Gram-positive, rod-shaped bacterium • Primarily used industrially for large-scale production of amino acids, especially glutamic acid and lysine • Originally discovered through screening for organisms that secrete L-glutamate • Mutant strains have been developed to produce various amino acids and amino acid derivatives • Multiple genome sequences of C. glutamicum have been completed by both industrial and academic research groups • The genome of strain ATCC 13032 has been extensively studied, including small RNA data collection • A genome-scale metabolic model of the bacterium has been reconstructed, enabling detailed metabolic analysis","List of unsaturated fatty acids","Corynebacterium glutamicum","Didymictis","Ethyl methanesulfonate","2","Ethyl methanesulfonate","127","List of unsaturated fatty acids","243","Didymictis","245","143"
"55","Entamoeba coli","Here are the key facts about Entamoeba coli: • Entamoeba coli is a non-pathogenic, commensal parasite that lives in the human gastrointestinal tract • Often confused with the pathogenic Entamoeba histolytica during microscopic examination of stool specimens • Has a monogenetic lifecycle with three distinct morphological stages: trophozoite, pre-cystic, and cystic stages • Mature cysts can survive 3-4 months outside the host's body and are typically transmitted through contaminated food and water • Diagnosis is primarily done through stool sample analysis, looking for distinctive characteristics like: - Cyst size of 10-35 micrometers - Irregular, oval shape - Up to eight nuclei in the cyst • Generally harmless to humans, but can potentially indicate the presence of other pathogens • Moves minimally in the large intestine, often remaining immobile and maintaining a round shape • Can be distinguished from E. histolytica through advanced diagnostic techniques like: - Light microscopy - DNA-based tests - Molecular biology methods • In rare cases, may cause internal bleeding or intestinal lesions, but typically does not pose significant health risks","National drug code","Entamoeba coli","Whipple's disease","Lophosaurus dilophus","2","Lophosaurus dilophus","192","Whipple's disease","113","National drug code","147","143"
"56","Health effects of tea","Here are the key facts from the Wikipedia article on Health Effects of Tea: • Tea has been extensively studied for potential health benefits, but there is no strong scientific evidence supporting therapeutic uses beyond possibly increasing alertness due to caffeine. • Small studies suggest green and black tea might have beneficial effects on cardiovascular disease risk factors like blood pressure and cholesterol, though research is inconclusive. • In regions without safe drinking water, boiling water to make tea can help reduce waterborne diseases by destroying pathogenic microorganisms. • Tea leaves contain varying levels of potentially concerning substances: - Aluminum and lead (especially in Chinese and Indian teas) - Fluoride (higher in mature leaves) - Oxalates (excessive consumption can potentially cause kidney issues) • Tea contains caffeine (30-90 mg per serving) and theanine, which may improve mental alertness. • Regarding cancer prevention, current research is inconclusive: - The US FDA and National Cancer Institute found little evidence supporting tea's role in cancer risk reduction - Some weak, inconclusive evidence suggests potential risk reduction for certain cancers like breast and prostate • Excessive black tea consumption might inhibit iron absorption and potentially harm people with anemia. • The caffeine in tea is a mild diuretic, but the British Dietetic Association suggests tea can supplement water consumption without negative hydration effects.","Dorzolamide","Red blood cell","Birch sap","Health effects of tea","4","Dorzolamide","107","Red blood cell","226","Birch sap","108","411"
"57","Sanatogen","• Sanatogen was a 'brain tonic' invented by the Bauer Chemical Company in Germany in 1898 and sold worldwide as a 'nerve revitaliser' • The product was prohibited in Australia in 1915 during World War I, leading to the introduction of a British substitute called 'Sanagen' in 1916 • Sanatogen contained 95% pure milk protein and 5% sodium glycerophosphate as its active ingredients • It was marketed as a food tonic for anaemic and convalescent patients, with extensive advertising claiming endorsement by 'over 20,000 Physicians' • The product became the subject of a 1913 U.S. Supreme Court case (Bauer & Cie. v. O'Donnell) and multiple intellectual property disputes worldwide • Sanatogen gained popularity in China during the early 20th century and was favored by many renowned people • The Sanatogen brand continues today in two forms: as a fortified wine with 15% alcohol content in the UK, and as a modern multivitamin product now manufactured by Bayer","Sanatogen","Abomination (Bible)","Darwin's tubercle","Codabar","1","Abomination (Bible)","202","Darwin's tubercle","155","Codabar","186","21"
"58","Lust","Here are the key facts about Lust from the Wikipedia article: • Lust is an intense desire that can manifest in various forms, including sexual desire, desire for money, power, food, or even specific sensory experiences like smell • In religious contexts, lust is typically distinguished from passion by being considered an immoral desire that overrides a person's will and intellect • In Judaism, 'Yetzer hara' represents the evil inclination or lustful impulses, which is not inherently demonic but a misuse of natural human needs • In Christianity, particularly Catholicism, lust is defined as seeking sexual satisfaction outside of marriage or in a manner contrary to marital laws • The Catholic perspective views sexual desire as inherently good when aligned with God's love, but becomes disordered and sinful when separated from its procreative and unitive purposes • St. Thomas Aquinas developed a hierarchical view of lustful acts, ranking them by their deviation from natural sexual norms, with bestiality considered the most grievous sin • In the New Testament, the Greek word 'epithūméō' originally meant a general desire, not exclusively sexual desire, despite modern interpretations • Pope John Paul II argued that lust devalues human attraction by reducing individuals to objects of sexual gratification","Lust","List of voids","Semitic root","Proto-Indo-European verbs","1","Proto-Indo-European verbs","135","Semitic root","136","List of voids","179","517"
"59","Demyelinating disease","Here are the key facts about Demyelinating disease: • Demyelinating disease is a condition where the myelin sheath surrounding neurons is damaged, disrupting nerve signal transmission and potentially affecting sensation, movement, and cognition • Multiple causes can trigger demyelination, including genetic predisposition, infectious agents, autoimmune reactions, environmental factors, chemical exposures, and vitamin deficiencies • The disease is traditionally classified into two types: demyelinating myelinoclastic diseases (where healthy myelin is destroyed) and demyelinating leukodystrophic diseases (where myelin is inherently abnormal) • Multiple sclerosis (MS) is the most well-known demyelinating disease, with evidence suggesting the immune system plays a significant role through T-cells and other immune system cells attacking myelin • Demyelinating diseases can affect either the central nervous system (CNS) or peripheral nervous system (PNS), and can be further classified by the presence or absence of inflammation • Humans may be more susceptible to demyelinating diseases due to a unique pattern of prolonged cortical myelination not seen in other primates, which creates more opportunities for myelination disruption • Treatment is patient-specific and can include medication, lifestyle changes, counseling, physical exercise, and in some cases, deep brain stimulation • For conditions like MS, life expectancy can be 5-10 years lower than unaffected populations, and prognosis depends on factors like disease subtype, patient age, initial symptoms, and disability level","Demyelinating disease","Hepatocellular carcinoma","Lingual gyrus","Honeycrisp","1","Lingual gyrus","165","Honeycrisp","131","Hepatocellular carcinoma","105","769"
"60","Deductive classifier","• A deductive classifier is an AI inference engine that analyzes declarations in frame languages (used in domains like medical research or molecular biology) to determine logical consistency and assert additional information based on input. • Unlike traditional inference engines that use IF-THEN rule conditions, deductive classifiers work with first-order logic and are similar to theorem provers in their input/output mechanisms. • Classifiers originated with KL-ONE frame languages and have become increasingly important as enabling technology for the Semantic Web, where they work with the Web Ontology Language to analyze models called ontologies. • The development of classifiers arose from the fundamental trade-off in AI knowledge representation between expressive power and computational efficiency, as full first-order logic implementation is undecidable and non-terminating. • Frame languages and classifiers emerged after the early success of rule-based expert systems, providing a more natural way to represent concepts in subpart or subclass hierarchies. • The first successful classifier implementation was with the KL-ONE family of languages, followed by systems like LOOM from ISI, which combined frame language capabilities with object-oriented programming features. • Modern classifier implementations include reasoners like Hermit and Fact++ for the Semantic Web, with tools like Stanford's Protege providing classifiers as part of their default ontology editing environment. • Classifiers can detect inconsistencies in class hierarchies (ontologies) and highlight specific inconsistent declarations, making them valuable for validating complex knowledge structures.","Capsaicin","Miswak","2005 UEFA Intertoto Cup","Deductive classifier","4","2005 UEFA Intertoto Cup","189","Miswak","178","Capsaicin","191","740"
"61","Levomethamphetamine","• Levomethamphetamine is an optical isomer of methamphetamine primarily used as a topical nasal decongestant to treat congestion from allergies and the common cold, first used medically in 1958. • It is available as an inhaler containing 50mg total per inhaler, delivering 0.04-0.15mg per inhalation (previously marketed with 113mg but reduced for safety). • Unlike dextromethamphetamine, levomethamphetamine acts as a selective norepinephrine releasing agent and is 15-20 fold less potent at inducing dopamine release, making it significantly less psychoactive. • Levomethamphetamine does not possess the same potential for euphoria or addiction as other methamphetamine forms and produces minimal physiological effects at doses of 10mg or less. • The drug has approximately 100% bioavailability and an elimination half-life of 10.2-15.0 hours, with 40.8-49.0% excreted unchanged in urine. • It can register positive on urine drug tests for methamphetamine or amphetamine, as it metabolizes into levoamphetamine over time. • Higher doses (18-37mg intravenously) can produce significant effects including increased heart rate, blood pressure, and subjective intoxication, but also aversive 'bad' drug effects. • The drug's vasoconstriction properties make it effective for nasal decongestion, and it also acts as an agonist of the trace amine-associated receptor 1 (TAAR1).","Waist–hip ratio","2-Mercaptoethanol","Levomethamphetamine","Next Ukrainian presidential election","3","Waist–hip ratio","225","2-Mercaptoethanol","227","Next Ukrainian presidential election","249","696"
"62","B-300","Here are the key facts about the B-36 'Peacemaker': • The B-36 was a strategic bomber operated by the United States Air Force from 1949 to 1959, and is the largest mass-produced piston-engined aircraft ever built • Designed in early 1941, the bomber was originally conceived to have the ability to reach Europe from North America, with an initial requirement for a combat range of at least 5,700 miles • It was the primary nuclear weapons delivery vehicle for Strategic Air Command (SAC) until being replaced by the B-52 Stratofortress in 1955 • The B-36 was the only American aircraft capable of carrying large first-generation atomic bombs from U.S. airfields to targets in the USSR during the early Cold War period • It had an exceptionally long range, able to fly missions to targets 3,400 miles away and stay airborne for up to 40 hours • The aircraft was nicknamed the 'aluminum overcast' and was known for its high cruising altitude, which put it out of range of most interceptors and anti-aircraft guns • Its maximum payload was more than four times that of the B-29 and exceeded the payload of the later B-52 • The B-36 was slow and unable to refuel in midair, but was crucial to U.S. strategic bombing capabilities in the early years of the Cold War","Iranian support for Hamas","B-300","Seacat (missile)","Lockheed A-12","2","Lockheed A-12","212","Iranian support for Hamas","108","Seacat (missile)","151","517"
"63","Charcot–Wilbrand syndrome","Here are the key facts about Charcot–Wilbrand syndrome (CWS): • CWS is a rare neurological condition characterized by the loss of dream experiences and the inability to mentally recall or 'revisualize' visual images • The syndrome was first described by Jean-Martin Charcot and Hermann Wilbrand, with two main variants: complete loss of dreaming or loss of dream imagery • Potential physiological causes include acute brain damage such as thrombosis, hemorrhage, trauma, carbon monoxide poisoning, brain tumors, and conditions like Alzheimer's disease • The brain lesions associated with CWS are typically located in the lateral or mesial occipitotemporal regions, often affecting both sides of the brain • Damage to the brain can disrupt REM sleep sensory systems, particularly the visual system, which may contribute to the loss of dream experiences • In most cases, the inability to dream is temporary, with dreaming typically returning within 12 months • Modern detection methods like polysomnography can help analyze sleep architecture and dream-related brain activity • The syndrome involves not just dream loss, but also visual agnosia (inability to recognize visual images) and difficulties in mental image recall • CWS provides insights into the neurological pathways responsible for dream formation and visual memory processing","Bats language","Haplorhini","NKG2D","Charcot–Wilbrand syndrome","4","Haplorhini","149","Bats language","120","NKG2D","167","476"
"64","Proteus vulgaris","Here are the key facts about Proteus vulgaris: • Proteus vulgaris is a rod-shaped, Gram-negative bacterium that naturally inhabits the intestinal tracts of humans and animals, and can also be found in soil, water, and fecal matter. • It is an opportunistic pathogen capable of causing wound infections and urinary tract infections (UTIs), particularly in patients with long-term catheters or urinary tract abnormalities. • The bacterium is characterized by its ability to produce urease, which can lead to struvite stone formation by increasing urine pH and precipitating organic and inorganic compounds. • P. vulgaris is a motile organism that grows optimally in facultative anaerobic conditions at around 40°C. • In laboratory tests, it ferments glucose and amygdalin, produces indole, and is positive for methyl red and sulfur reduction tests. • The bacterium was first isolated by Hauser in 1885 from putrefied meat and has undergone several taxonomic revisions since then. • It is part of the Enterobacterales order and is one of the most common microorganisms responsible for Gram-negative bacteremia and sepsis. • P. vulgaris can be identified using various laboratory systems, including the API 20E identification system and the Becton/Dickinson BBL Enterotube II system.","Origin of the Basques","Critical green inclusion","Methionine","Proteus vulgaris","4","Methionine","180","Origin of the Basques","139","Critical green inclusion","201","201"
"65","List of people indicted in the International Criminal Court","• The International Criminal Court (ICC) has publicly indicted 73 people for crimes including genocide, crimes against humanity, war crimes, aggression, and contempt of court under the Rome Statute. • Currently, 38 cases have ongoing proceedings with 32 individuals remaining at large as fugitives, while 35 cases have been completed with outcomes including convictions, acquittals, dismissed charges, and deaths before trial conclusion. • The ICC has investigated 17 different situations across multiple countries and regions, including Democratic Republic of Congo, Uganda, Darfur/Sudan, Central African Republic, Kenya, Libya, Afghanistan, Palestine, and Ukraine. • An individual is indicted when a Pre-Trial Chamber finds 'reasonable grounds to believe that the person has committed a crime within the jurisdiction of the Court' and issues either an arrest warrant or summons. • Of completed cases, only 10 individuals have served or are serving sentences, while 4 have been acquitted, 8 have had charges dismissed, and 4 have had charges withdrawn. • The Court issues arrest warrants when necessary to ensure trial appearance, prevent obstruction of proceedings, or stop continued commission of crimes, while summons are used when sufficient to ensure appearance. • Cases involve various international crimes with specific focus on situations of armed conflict, post-election violence, and systematic attacks against civilian populations across multiple continents.","Glob (programming)","Bibliometrics","Myzozoa","List of people indicted in the International Criminal Court","4","Glob (programming)","229","Myzozoa","212","Bibliometrics","162","411"
"66","Fibroblast growth factor 2","• **FGF-2 is a growth factor and signaling protein** encoded by the FGF2 gene, also known as basic fibroblast growth factor (bFGF), that binds to fibroblast growth factor receptors (FGFRs) • **Functions in multiple biological processes** including embryonic development, cell growth, tissue repair, tumor growth and invasion, and angiogenesis (formation of new blood vessels) • **Critical for stem cell maintenance** - FGF-2 is necessary for human embryonic stem cells to remain undifferentiated in culture, though the exact mechanisms are poorly understood • **Exists in multiple protein forms** ranging from 18 kDa to 34 kDa, where low molecular weight forms are cytoplasmic and secreted, while high molecular weight forms are directed to the cell nucleus • **Plays important roles in reproduction and development** - promotes embryonic development in mammals, prevents cell death in reproductive cells, and is essential for proper blastocyst development • **Has therapeutic potential** - preliminary animal studies show FGF-2 can protect heart tissue from injury during heart attacks and low levels are associated with excessive anxiety • **Involved in bone and metabolic processes** - synthesized by fat cells (with levels correlating to BMI), affects bone-forming cell proliferation, and can influence bone cell differentiation depending on concentration • **Activated during tissue repair** - stored in basement membranes and activated by enzymes during wound healing to promote blood vessel formation","List of interstellar and circumstellar molecules","Haplogroup R1a","Vagovagal reflex","Fibroblast growth factor 2","4","Haplogroup R1a","209","Vagovagal reflex","187","List of interstellar and circumstellar molecules","105","780"
"67","Vaginal melanoma","Here are the key facts about Vaginal melanoma: • Vaginal melanoma is a rare and aggressive cancer originating from melanocytes in the vaginal epithelium • It accounts for only 5.5% of vaginal cancers and 1% of all melanomas diagnosed in women • The median overall survival is just 16 months, indicating a very poor prognosis • Most commonly develops on the lowest third of the vagina and can be several centimeters in size • Typically darkly pigmented and irregularly shaped, though 7% of cases are amelanotic (non-pigmented) • Diagnosis involves a biopsy and can be confirmed through immunocytochemistry testing for specific proteins • Lymph node metastases are the most important risk factor and prognostic indicator • Primary treatment is surgical, with limited effectiveness of traditional chemotherapy • Emerging treatments include checkpoint inhibitors and targeted therapies like BRAF and MEK inhibitors • Often diagnosed in advanced stages, which contributes to its poor survival rates","Limonia acidissima","Vaginal melanoma","Allosteric enzyme","Tooth enamel","2","Limonia acidissima","143","Allosteric enzyme","182","Tooth enamel","225","757"
"68","Effect of spaceflight on the human body","Here are the key facts about the effects of spaceflight on the human body: • Spaceflight causes multiple harmful physiological changes, including muscle atrophy, skeleton deterioration (spaceflight osteopenia), and decreased red blood cell production (space anemia) • Microgravity environment impacts the body in three critical ways: loss of proprioception, changes in fluid distribution, and musculoskeletal system deterioration • Astronauts experience significant brain changes, with longer space trips associated with more pronounced structural and positional alterations in the brain • NASA identifies five key spaceflight challenges using the acronym RIDGE: space radiation, isolation and confinement, distance from Earth, gravity fields, and hostile environments • During takeoff and re-entry, astronauts can experience up to 3-6 times normal gravity, which can cause temporary vision loss and potential loss of consciousness • Space missions can activate latent viruses and potentially damage gastrointestinal tissues and brain function • Long-term spaceflight can cause additional symptoms like fluid redistribution, loss of body mass, nasal congestion, sleep disturbance, and changes in the immune system • The NASA Twin Study demonstrated long-lasting changes in DNA and cognition after extended space travel, highlighting the complex biological impacts of spaceflight","Aerobic vaginitis","Taste receptor","GFAJ-1","Effect of spaceflight on the human body","4","GFAJ-1","186","Taste receptor","176","Aerobic vaginitis","237","232"
"69","Viverrinae","Here are the key facts about Viverrinae from the Wikipedia article: • Viverridae is a family of small to medium-sized feliform mammals, comprising 14 genera with 33 species • Viverrids are found across Africa, southern Europe, and South and Southeast Asia • They are considered the most primitive family of feliform Carnivora, less specialized than Felidae (cats) • Distinctive physical characteristics include: - Four or five toes on each foot - Half-retractile claws - Longer muzzle compared to cats - Rough tongue with sharp prickles • Their dental structure is less developed for meat-shearing compared to other carnivoran families • The family was first described by John Edward Gray in 1821 and originally included genera like Viverra, Genetta, Herpestes, and Suricata • Subfamilies include Genettinae (genets and oyans), Viverrinae (civets), Paradoxurinae, and Hemigalinae (palm civets) • Most species have specialized scent glands near their external generative organs • Genetic analysis has helped refine the classification, including proposing separate families for some previously included species like Cryptoprocta and Nandinia","List of omics topics in biology","Viverrinae","Collation","Polyethylenimine","2","Collation","244","List of omics topics in biology","193","Polyethylenimine","158","393"
"70","Doctor Who Restoration Team","Here are the key facts about the Doctor Who Restoration Team: • Formed in 1992, the Restoration Team is a group of Doctor Who fans, many working in the television industry, who restore classic Doctor Who episodes • The team received funding from the BBC to perform colour restorations, initially focusing on John Pertwee era episodes • Their primary restoration philosophy is to preserve the original broadcast quality, avoiding unnecessary improvements or modifications to the original content • They have worked on all classic series DVD and Blu-Ray releases, as well as the final VHS releases of Doctor Who • The team's restoration work includes: - Color grading - Remaking opening and closing credits - Removing untidy transitional frames - Adjusting miscued sound effects - Subtly improving visual effects • Key restoration principle, as stated by Steve Roberts, is to present episodes as close to the original broadcast master tapes as possible • Mark Ayres, a prominent team member, has been responsible for extensive audio restoration work since 1999, including work on VHS, DVD releases, and 'Missing Soundtrack' CDs • The team carefully balances technical correction with maintaining the original production's integrity, sometimes deliberately preserving original technical imperfections","Apache Parquet","Doctor Who Restoration Team","Q+/Papias hypothesis","Cartagena Protocol on Biosafety","2","Apache Parquet","195","Cartagena Protocol on Biosafety","165","Q+/Papias hypothesis","143","258"
"71","Cochliomyia macellaria","• **Cochliomyia macellaria** is a species of blow fly known as the 'secondary screwworm' because it typically infests wounds after primary myiasis-causing flies have already invaded. • **Geographic distribution** spans from southern Canada to northern South America, with highest concentrations in the southeastern United States (especially Florida, Louisiana, and Georgia), thriving in warm, humid climates. • **Physical appearance** includes a metallic greenish-blue thorax with three black longitudinal stripes, red-orange head and eyes, and adult size ranging from 5-8 mm. • **Life cycle** involves females laying up to 1,000+ eggs in groups of 40-250, with eggs hatching in 24 hours (or as quickly as 4 hours in favorable conditions), followed by a 4-7 day larval stage and pupation in soil. • **Larvae characteristics** are cream-colored with cylindrical bodies, small spines on each segment (resembling screw parts), and can grow up to 17 mm long by the third instar stage. • **Medical and economic significance** includes posing risks to humans and livestock as larvae infect wounds and dead tissue, while also carrying pathogens like Salmonella and swine influenza virus. • **Ecological role** serves as important decomposers, commonly found around carrion, garbage, slaughterhouses, and outdoor markets in tropical areas. • **Species distinction** from closely related C. hominivorax can be made by pale (rather than black) hairs on the fronto-orbital plate, different thoracic stripe patterns, and larvae lacking pigmented tracheal trunks.","Cochliomyia macellaria","Nicotiana","Taeniasis","Viverrinae","1","Viverrinae","157","Taeniasis","233","Nicotiana","197","92"
"72","Russian foreign agent law","Here are the key facts about the Russian foreign agent law: • Enacted in 2012, the law requires individuals and organizations receiving foreign support to register as 'foreign agents' • Unlike similar U.S. legislation, the Russian law applies extremely broadly to civil society actors, including NGOs, media, journalists, and private individuals • The law was initially introduced in response to protests against Vladimir Putin's return to the presidency • Designated 'foreign agents' face significant administrative burdens, including mandatory audits, detailed reporting requirements, and mandatory labeling of publications • The European Court of Human Rights has criticized the law, ruling that it violates fundamental rights and bears 'hallmarks of a totalitarian regime' • The term 'foreign agent' carries strong negative connotations in Russian, historically associated with Cold War-era espionage • The law has been progressively expanded through multiple amendments, increasingly targeting media organizations and individuals • As of 2020, the law requires designated foreign agents to: - Establish a Russian legal entity - Submit detailed activity reports every six months - Label all communications and publications with a 'foreign agent' notice • Non-compliance can result in substantial fines or potential criminal prosecution","Music of Dance Dance Revolution Extreme","Russian foreign agent law","Asteroid mining","Cloud robotics","2","Music of Dance Dance Revolution Extreme","213","Asteroid mining","144","Cloud robotics","153","291"
"73","Synbranchiformes","Here are the key facts about Synbranchiformes: • Synbranchiformes is an order of ray-finned, eel-like fishes found in tropical regions of America, Africa, Asia, and Australia • The order consists of approximately 99 species across 15 genera in three families: Synbranchidae, Chaudhuriidae, and Mastacembelidae • These fish range in size from 8-48 inches (20-150 cm) and are not related to true eels, despite their similar appearance • Most species (except three) live in fresh water, typically inhabiting swamps, caves, and slow-moving waters, with some capable of surviving out of water for extended periods • They have unique physiological adaptations, including: - Poorly developed gills - Ability to breathe through throat or intestinal membranes - No swim bladder - Absence of pelvic fins - Some species can breathe air through specialized pharyngeal pouches • They are primarily nocturnal and feed on benthic invertebrates, larvae, and small fish • Reproduction typically occurs during wet seasons, with females laying about 40 spherical eggs per clutch • In some parts of Asia, certain species are valued as food and cultivated in ponds or rice fields • They have sharp dorsal spines and are generally difficult to handle, which limits their popularity in home aquariums","Vibrio","Synbranchiformes","Darling 58","Eastern Algonquian languages","2","Darling 58","173","Eastern Algonquian languages","200","Vibrio","186","153"
"74","Corn Refiners Association","• The Corn Refiners Association (CRA) is a Washington, D.C.-based trade association representing the U.S. corn refining industry, which produces corn starch, corn oil, and high-fructose corn syrup (HFCS). • In 2008, the CRA launched a controversial public relations campaign defending HFCS, initially claiming it was 'natural' before changing messaging to say it's 'made from corn' and 'okay to eat in moderation.' • The CRA attempted to rebrand high-fructose corn syrup as 'corn sugar' in 2010, but the Food and Drug Administration rejected this name change request in May 2012. • The association actively engages in trade policy, supporting free trade agreements like USMCA and opposing various international trade barriers that affect corn refiners, including disputes with Mexico and the Netherlands. • CRA members include major agricultural and food processing companies such as Archer Daniels Midland, Cargill, Ingredion, Roquette America, and Tate & Lyle Ingredients Americas. • The organization has been involved in biotechnology policy debates, notably opposing 2019 USDA proposed rules that would streamline biotech crop regulations due to concerns about trade and consumer confidence. • As of 2020, John Bode served as the president and CEO of the Corn Refiners Association.","MathWorks Math Modeling Challenge","Ketimine Mannich reaction","Corn Refiners Association","Link farm","3","Ketimine Mannich reaction","170","Link farm","189","MathWorks Math Modeling Challenge","205","461"
"75","Convolvulaceae","Here are the key facts about Convolvulaceae: • Convolvulaceae is a large plant family comprising about 60 genera and over 1,650 species • The family includes diverse plant forms, primarily herbaceous vines, but also trees, shrubs, and herbs • Plants in this family are characterized by funnel-shaped flowers with five fused petals and five epipetalous stamens • The family name 'Convolvulaceae' derives from Latin 'convolvere', meaning 'to wind', referring to their typically winding stems • Notable food plants in this family include sweet potatoes and water spinach • Some species contain ergoline alkaloids, potentially due to symbiotic relationships with specific fungi • The leaves are typically simple and alternate, without stipules • Fruits can be capsules, berries, or nuts, each containing two seeds per locule • The family includes both cultivated garden plants (like morning glories) and troublesome weeds (like bindweed and dodder) • Some species have medicinal uses, including as purgatives and in traditional psychoactive preparations","Guiana dolphin","Coelopa frigida","Convolvulaceae","Mash ingredients","3","Guiana dolphin","135","Mash ingredients","146","Coelopa frigida","186","358"
"76","Ginseng","Here are the key facts about Ginseng: • Ginseng is the root of plants in the genus 'Panax', including Korean, American, and South China ginseng, characterized by compounds called ginsenosides and gintonin • Despite centuries of use in traditional medicine, there is no substantial scientific evidence proving its medical effectiveness, and it is not FDA-approved to treat any medical condition • Ginseng is primarily found in cooler climates, including the Korean Peninsula, Northeast China, Canada, and the United States, with species growing in regions from Russia to Vietnam • Wild ginseng is nearly extinct in China and endangered globally due to over-harvesting, with a single plant taking years to reach maturity • Ginseng can be processed into different forms: fresh (green), white (peeled and sun-dried), and red (steamed and dried), each with distinct characteristics • Global ginseng production in the early 21st century was dominated by four countries: China (44,749 tons), South Korea (27,480 tons), Canada (6,486 tons), and the United States (1,054 tons) • In 2013, global ginseng sales exceeded $2 billion, with South Korea producing half of the world's supply • Ginseng is used in various culinary applications, including Korean side dishes, soups, teas, and alcoholic beverages • The first documented medical text about ginseng was the 'Shen Nong Pharmacopoeia' from 196 AD, which described it as a tonic for patients with chronic illnesses","Senecioneae","Ginseng","Haplogroup R1b","Haplogroup H (mtDNA)","2","Senecioneae","147","Haplogroup H (mtDNA)","230","Haplogroup R1b","115","383"
"77","Spotted skunk","Here are the key facts about Spotted skunks: • There are currently four accepted species of spotted skunks in the genus Spilogale: S. gracilis, S. putorius, S. pygmaea, and S. angustifrons, with recent research suggesting there may be up to seven distinct species • The western spotted skunk (S. gracilis) ranges from southern British Columbia to Central America, including parts of Montana, North Dakota, Wyoming, Colorado, and western Texas • Spotted skunks prefer habitats with dense vegetation, such as thickets, woods, riparian areas, and are highly social, often sharing dens with up to seven other skunks • Reproduction occurs in March, with mating typically happening in late September and early October, and females giving birth to an average litter of 5.5 offspring between April and June • Spotted skunk offspring develop quickly, opening their eyes at 30-32 days, starting solid food at 42 days, being weaned at two months, and reaching full adult size by four months • Their primary defense mechanism is spraying a strong-smelling liquid from anal glands, with the ability to accurately spray targets up to 15 feet away and quickly discharge five sprays in succession • Before spraying, they provide warning signals like stamping feet, raising their tail, hissing, and sometimes performing a unique 'hand stand' posture • The chemical composition of their defensive spray differs from striped skunks, containing three major thiols: (E)-2-butene-1-thiol, 3-methyl-1-butanethiol, and 2-phenylethanethiol","List of giant squid specimens and sightings (2001–2014)","Dihydroneopterin aldolase","CDKL5 deficiency disorder","Spotted skunk","4","Dihydroneopterin aldolase","198","CDKL5 deficiency disorder","142","List of giant squid specimens and sightings (2001–2014)","134","264"
"78","J-pole antenna","• The J-pole antenna was invented by Hans Beggerow in 1909 for use in Zeppelin airships and got its name from its 'J' shape when mounted vertically by 1943. • It is an end-fed omnidirectional half-wave antenna that uses a shorted quarter-wave parallel transmission line stub to match the antenna impedance to the feedline. • The antenna consists of two parallel metal conductors - one 3/4 wavelength long and another 1/4 wavelength long - shorted together at the bottom, with parallel conductors spaced no more than 0.02 wavelength apart. • It provides a small gain of just under 1 dB over a quarter-wave ground-plane antenna, with free-space gain averaging around 2.2 dBi in most directions. • The feedpoint location along the quarter-wave stub can be adjusted to match different feedline impedances, with the proper connection point found by sliding the feedline connection and monitoring SWR. • The antenna exhibits an omnidirectional radiation pattern in the horizontal plane, though the quarter-wave stub slightly increases gain on one side and reduces it on the opposite side. • It is very sensitive to conductive objects and support structures, requiring separation of 2-3 times the conductor spacing from metal objects and performing best with no electrical bonding to mounting structures. • The parallel conductors must be kept free of moisture, snow, and ice, and the antenna works best when fed with balanced line or coax with RF current suppression.","J-pole antenna","Balearic Catalan","TI-36","Neuromorphic computing","1","Balearic Catalan","164","TI-36","125","Neuromorphic computing","138","416"
"79","Silibinin","• Silibinin is the major active constituent of silymarin, a standardized extract from milk thistle, and consists of two diastereomers (silybin A and silybin B) in roughly equal amounts. • It is approved as a medication in EU countries for treating toxic liver damage, including death cap mushroom poisoning, and received orphan drug designation for preventing hepatitis C recurrence in liver transplant patients. • A water-soluble form (silibinin-C-2',3-dihydrogensuccinate disodium salt) is used for intravenous treatment of Amanita mushroom poisoning and other severe liver conditions. • Scientific evidence shows mixed results for liver disease treatment - it may help prevent liver-related mortality in cirrhosis patients but has little proven antiviral effect against hepatitis C. • Silibinin is being investigated for cancer treatment due to its ability to inhibit STAT3 signaling and has potential skin protective effects including UV protection and DNA repair. • The compound has poor natural bioavailability, leading to development of enhanced formulations like Siliphos (with phosphatidylcholine) that is 10 times more bioavailable than standard silymarin. • High doses (13 grams daily) are generally well-tolerated in humans, with mild liver enzyme elevation being the most common side effect in clinical trials. • Silibinin can interact with medications by inhibiting P-glycoprotein transporters and cytochrome P450 enzymes, potentially affecting drug absorption and metabolism.","Clonixin","DEA list of chemicals","Silibinin","Chloral hydrate","3","Chloral hydrate","192","Clonixin","243","DEA list of chemicals","156","79"
"80","Opportunistic infection","Here are the key facts about Opportunistic Infections: • Opportunistic infections are serious infections caused by pathogens that typically cause mild or no symptoms in people with healthy immune systems • These infections occur when the immune system is compromised, such as during HIV/AIDS, cancer treatment, or after significant microbiome disruption • Many opportunistic pathogens can already be present in the body as harmless microbes, becoming dangerous only when the immune system is weakened • HIV/AIDS is particularly associated with opportunistic infections, as the virus progressively destroys T cells and reduces immune function • Opportunistic infections can affect multiple body systems, including respiratory, central nervous system, and can lead to serious conditions like tuberculosis and meningitis • Prevention strategies include restoring immune system function, avoiding infectious exposures, and using prophylactic medications • Risk of developing an opportunistic infection is often assessed by measuring a person's CD4 T-cell count • These infections are a leading cause of death in HIV/AIDS patients due to their inability to mount an effective immune response • Treatment typically involves targeted antibiotics and depends on the specific type of infection and pathogen involved","Pleistocene human diet","Chlamydia pneumoniae","Rabies in animals","Opportunistic infection","4","Pleistocene human diet","229","Rabies in animals","110","Chlamydia pneumoniae","108","45"
"81","Operation Freedom's Sentinel","Here are the key facts about Operation Freedom's Sentinel: • Operation Freedom's Sentinel (OFS) began on January 1, 2015, succeeding Operation Enduring Freedom as part of the Global War on Terrorism • The mission had two primary components: counterterrorism operations and supporting Afghan security forces through the NATO-led Resolute Support Mission • Troop levels varied significantly over time, starting at 9,800 U.S. troops in 2015, peaking around 14,000 in 2019, and dropping to 2,500 by January 2021 • The mission's objectives included attacking Al-Qaeda remnants and building the Afghan National Security Forces (ANDSF) to secure the country and contribute to regional stability • By February 2021, there were 9,592 total NATO and non-NATO troops in Afghanistan • The Afghan National Security Forces, which numbered over 300,000 personnel in 2020, largely collapsed during the Taliban's August 2021 offensive • Operation Freedom's Sentinel was expected to end on August 31, 2021, but was effectively completed on August 30 when the last troops withdrew • The operation was officially terminated by the Department of Defense on October 1, 2021, and replaced by Operation Enduring Sentinel • Throughout the mission, challenges included managing increased violence, pursuing peace negotiations, and addressing security concerns in Afghanistan","Afghanistan–India relations","Palauan language","Philippine Constabulary","Operation Freedom's Sentinel","4","Palauan language","105","Philippine Constabulary","240","Afghanistan–India relations","203","678"
"82","Ubiquitin ligase","Here are the key facts about Ubiquitin ligase: • Ubiquitin ligases (E3) are proteins that facilitate the transfer of ubiquitin from an E2 enzyme to a specific protein substrate, enabling precise protein modification • The human genome encodes over 600 putative E3 ligases, allowing for tremendous diversity in substrate targeting and cellular regulation • E3 ligases are classified into four main families: HECT, RING-finger, U-box, and PHD-finger, with RING-finger being the largest family • Ubiquitin modification can occur through monoubiquitylation (single molecule) or polyubiquitylation (multiple ubiquitin molecules), each serving different cellular functions • Polyubiquitin chains linked through different lysine residues (K48, K63, etc.) can signal various cellular processes, such as protein degradation or changes in protein interactions • E3 ligases play critical roles in diverse cellular processes, including cell cycle control, DNA repair, protein trafficking, and signaling • The ubiquitination process involves three key enzymes: E1 (activating), E2 (conjugating), and E3 (ligase), with the E3 providing substrate specificity • Substrate recognition typically occurs through specific amino acid sequences called degrons, allowing E3 ligases to distinguish target proteins with high precision","Ubiquitin ligase","Okapi BM25","Alginic acid","Crystallin","1","Alginic acid","224","Crystallin","179","Okapi BM25","111","309"
"83","Germanic a-mutation","• A-mutation was a sound change process that occurred in late Proto-Germanic around 200 CE, where short high vowels (i or u) were lowered when followed by a syllable containing non-high vowels (a, e, or o). • The process was blocked by intervening consonants, particularly if a consonant appeared between the high vowel and the triggering non-high vowel, or if a nasal consonant followed by another consonant intervened. • A-mutation shows significant dialectal variation across Germanic languages - it's most evident in Old High German, less common in other West Germanic languages and Old Norse, and completely absent in Gothic. • The mutation of u > o is much more common than i > e, with i > e being limited to just three words in Old English ('nest,' 'bacon,' 'man') according to Campbell. • All instances of the phoneme /o/ in later Germanic languages arose from a-mutation of /u/, since Proto-Indo-European /o/ had already become Proto-Germanic /a/. • The effects are most noticeable in strong verbs of classes 2, 3, and 4, where 'o' in past participles alternates with 'u' in preterite plural forms (e.g., Old English 'flown' vs. 'they flew'). • A-mutation preceded the raising of unstressed final /a/ to /ə/ in dialects that became Old English and Old Norse, leading to many exceptions and inconsistencies due to paradigmatic leveling. • Some scholars question the traditional Proto-Germanic a-mutation model, with alternative theories suggesting these changes occurred in the prehistory of individual languages rather than in Proto-Germanic itself.","Germanic a-mutation","Mnemonics in trigonometry","Fines herbes","Long-term memory","1","Fines herbes","160","Long-term memory","140","Mnemonics in trigonometry","105","495"
"84","Saliva testing","Here are the key facts about Saliva testing: • Saliva testing (Salivaomics) is a diagnostic technique that analyzes saliva to identify markers of various medical conditions, including endocrine, immunologic, inflammatory, and infectious diseases • The technique can detect multiple substances, including steroid hormones, genetic material (RNA), proteins, enzymes, antibodies, and metabolites • Advantages of saliva testing include ease of collection, non-invasiveness, affordability, and the ability to collect multiple samples over time for comprehensive analysis • Common testing methods include enzyme-linked immunosorbent assay (ELISA), polymerase chain reaction (PCR), and high-resolution mass spectrometry • Saliva testing can screen for numerous conditions, such as Cushing's disease, HIV, cancer, hormonal disorders, allergies, and metabolic disturbances • Humans have three major salivary glands (parotid, submandibular, and sublingual) that secrete a complex mixture of biological chemicals and molecules • The technique has been used by organizations like the U.S. government to assess astronauts' circadian rhythms and soldiers' hormonal profiles • Saliva testing has applications in psychological research, helping to investigate conditions like anxiety, depression, and PTSD by measuring substances like cortisol • Historical use of saliva testing dates back to at least 1685, with early experiments involving mercury and acidity testing","Kell antigen system","ABCC11","Immunologic adjuvant","Saliva testing","4","Immunologic adjuvant","144","ABCC11","225","Kell antigen system","111","158"
"85","Exudate","Here are the key facts about Exudate: • An exudate is a fluid released by an organism through pores or wounds, derived from the Latin word meaning 'to sweat out' • In medicine, exudate is a fluid that filters from the circulatory system into areas of inflammation or lesions, composed of serum, fibrin, and leukocytes • There are five types of medical exudates: serous, serosanguineous, sanguineous, hemorrhaging, and purulent drainage • Exudates differ from transudates by having higher protein content and being caused by inflammation, not pressure disturbances • Specific gravity is used to medically distinguish between exudates and transudates, with exudates having higher protein levels • In plants, exudates include saps, gums, latex, resin, and sometimes nectar • Plant root exudates can include acids, sugars, polysaccharides, and ectoenzymes, which account for 40% of root carbon • Plant exudates play important roles in supporting plant health and interactions with microorganisms in the rhizosphere","Sexual desire and intimate relationships","Cultural sensitivity","Exudate","LOBPCG","3","Sexual desire and intimate relationships","226","Cultural sensitivity","132","LOBPCG","244","703"
"86","List of geckos of New Zealand","Here are the key facts about geckos in New Zealand: • As of 2021, there are 48 described gecko species across 7 genera in New Zealand, all of which are native and endemic to the country • All New Zealand geckos belong to the Diplodactylidae family, which is also found in Australia and New Caledonia • New Zealand geckos are unique for being viviparous (giving birth to live young), typically in twins, which is extremely rare among gecko species worldwide • Geckos in New Zealand are omnivorous, primarily eating insects like flies, arachnids, and crickets, but also consuming nectar, blossoms, and fruits depending on seasonal availability • The exact number of gecko species is still uncertain, with new species and subspecies continually being discovered and taxonomically described • Many gecko species are geographically specific, with unique variants found in locations like alpine regions, islands, and specific ecological zones • New Zealand geckos are vulnerable to wildlife smuggling, making them a target in the international reptile pet trade • The gecko species range includes various green geckos, striped geckos, and geckos with distinctive regional characteristics like the gold-striped gecko and harlequin gecko","Quigley scale","Precautionary principle","RocksDB","List of geckos of New Zealand","4","Precautionary principle","111","Quigley scale","115","RocksDB","109","874"
"87","Micronutrient","• Micronutrients are essential elements required by organisms in small quantities (generally less than 100 milligrams per day for humans) to perform biogeochemical processes and regulate physiological functions. • For humans, vitamins and dietary minerals are the primary micronutrients, while deficiencies commonly result in malnutrition and various chronic diseases. • Micronutrient malnutrition costs developing economies at least 5% of gross domestic product according to a 1994 World Bank report. • Correcting iodine, vitamin A, and iron deficiencies can improve population-wide IQ by 10-15 points, reduce maternal deaths by 25%, decrease infant and child mortality by 40%, and increase work capacity by nearly half. • Salt iodization has been highly successful globally - household consumption of iodized salt in developing countries increased from less than 20% in 1990 to 72% by 2008, reducing countries with iodine deficiency concerns from 110 to 47. • Vitamin A supplementation efforts have expanded significantly, with the percentage of children receiving two annual doses in priority countries increasing from 16% in 1999 to 62% by 2007. • In the United States, foods poor in micronutrients but high in calories make up 27% of daily calorie intake, and people with high sugar intake consume fewer essential vitamins and minerals. • Micronutrients play a crucial role in environmental biogeochemical cycles, such as dissolved iron being essential for marine photosynthesis and ocean food webs.","Chymosin","Tesofensine","2024 Spikers' Turf Invitational Conference","Micronutrient","4","Tesofensine","166","Chymosin","208","2024 Spikers' Turf Invitational Conference","227","452"
"88","2024–25 Hong Kong Premier League","• The 2024–25 Hong Kong Premier League is the 11th season of Hong Kong's top football division, sponsored by BOC Life • The league consists of 9 teams total: 8 teams from the previous 2023–24 season and 1 newly promoted team from the Hong Kong First Division • Teams can register unlimited foreign players, but are restricted to maximum 7 foreign players in the match squad and maximum 6 on the pitch during matches • HKFC has special regulations allowing unlimited foreign player registrations, but must field at least 5 Hong Kong players on the pitch during matches • Foreign players registered during the mid-season transfer window are indicated in bold in team rosters • The league follows a specific scheduling policy where postponed matches are added to standings based on when they were actually played, not when originally scheduled • The season includes multiple rounds of fixtures, with the league running through at least 27 rounds of matches","Non-local means","Indo-Aryan languages","Tonga language (Zambia and Zimbabwe)","2024–25 Hong Kong Premier League","4","Indo-Aryan languages","145","Tonga language (Zambia and Zimbabwe)","105","Non-local means","200","444"
"89","Oligomer","Here are the key facts about Oligomers: • An oligomer is a molecule composed of a few repeating units (monomers), derived from smaller molecules • The term comes from Greek words 'oligo-' (few) and '-mer' (parts) • Oligomers are distinguished from polymers by having fewer repeating units, with no sharp definitional boundary • Oligomers can be named based on their number of units: dimer (2), trimer (3), tetramer (4), pentamer (5), hexamer (6) • Oligomers can be structured as linear chains, closed rings, or more complex configurations • They can be 'homo-oligomers' (identical units) or 'hetero-oligomers' (different units) • Biologically important oligomers include proteins, nucleic acids, peptides, and oligosaccharides • Oligomer units can be connected by covalent bonds or weaker forces like hydrogen bonds • Oligomerization is a chemical process that converts monomers into macromolecular complexes • Examples of oligomers include hemoglobin (protein tetramer), liquid paraffin, and plasticizers used in manufacturing","Yushō disease","Papaveraceae","Schwann cell","Oligomer","4","Schwann cell","203","Yushō disease","130","Papaveraceae","233","483"
"90","Non-Hodgkin lymphoma","Here are the key facts about Non-Hodgkin lymphoma (NHL): • Non-Hodgkin lymphoma is a group of blood cancers that develop from lymphocytes (white blood cells), with over 60 specific types classified by the World Health Organization • Common symptoms include enlarged lymph nodes, fever, night sweats, weight loss, tiredness, and potentially bone pain, chest pain, or itchiness • NHL can be slow-growing or fast-growing, and unlike Hodgkin lymphoma, it is largely a systemic illness that does not spread contiguously • Risk factors include poor immune function, autoimmune diseases, infections (like Helicobacter pylori, hepatitis C, Epstein-Barr virus), and obesity • Diagnosis typically involves examination of a bone marrow or lymph node biopsy, along with medical imaging to determine cancer staging • Treatment options vary depending on the lymphoma's growth rate and spread, and may include chemotherapy, radiation, immunotherapy, targeted therapy, stem-cell transplantation, surgery, or watchful waiting • The most common chemotherapy for B-cell NHL is R-CHOP, a regimen combining four drugs (cyclophosphamide, doxorubicin, vincristine, prednisone) plus rituximab • There is a genetic component to NHL, with genome-wide studies identifying 67 single-nucleotide polymorphisms associated with increased risk, most of which are subtype-specific","Non-Hodgkin lymphoma","Central Asian northern desert","David Bardens","Systemic inflammatory response syndrome","1","David Bardens","125","Central Asian northern desert","248","Systemic inflammatory response syndrome","220","415"
"91","Zika fever","Here are the key facts about Zika fever: • Zika fever is an infectious disease caused by the Zika virus, primarily spread through mosquito bites of the Aedes genus • Most infections are asymptomatic, but when symptoms occur, they are typically mild and include fever, red eyes, joint pain, headache, and rash • The disease can be transmitted sexually and potentially through blood transfusions • Pregnant women can transmit the virus to their unborn child, which can cause serious birth defects like microcephaly and brain malformations • Zika virus infections have been strongly associated with Guillain–Barré syndrome, a condition that can cause rapid muscle weakness and potential paralysis • The virus was first isolated in Africa in 1947, with the first documented human outbreak occurring in 2007 in the Federated States of Micronesia • A major outbreak began in Brazil in 2015, spreading to the Americas, Pacific, Asia, and Africa, leading the WHO to declare it a Public Health Emergency in 2016 • There is no specific treatment or vaccine, with prevention focusing on reducing mosquito bites and using protective measures like insect repellent and condoms • Symptoms typically last less than seven days and do not usually require hospitalization","Bat as food","Zika fever","List of datasets in computer vision and image processing","Dopamine receptor D2","2","List of datasets in computer vision and image processing","174","Bat as food","194","Dopamine receptor D2","186","142"
"92","HMAC-based one-time password","• HOTP (HMAC-based one-time password) is an OTP algorithm based on HMAC and serves as a cornerstone of the Initiative for Open Authentication (OATH). • The algorithm was published as an informational IETF RFC in December 2005 and is available as a freely accessible open standard. • HOTP generates human-readable passwords using symmetric authentication, where both parties compute values from a shared secret key 'K' and counter 'C' that increments with each use. • The system includes a resynchronization protocol to handle counter drift, where the authenticator tries verification within a window ahead of their counter position. • Common implementations use 6-digit codes, though the algorithm can support up to 10 digits (with the 10th digit providing limited variation of only 0, 1, or 2). • The HOTP value is generated by truncating an HMAC of the counter, extracting 31 bits to avoid sign bit issues in 4-byte words, then converting to decimal digits. • RFC recommendations include implementing throttling mechanisms against brute-force attacks, such as lockouts after failed attempts or increasing delays between attempts. • Both hardware and software tokens are widely available across major platforms including mobile devices (Android, iPhone, BlackBerry) and desktop systems. • Industry analysts predicted in 2010 that smartphone-based OTP tokens would eventually become the default platform, surpassing traditional hardware tokens.","Deese–Roediger–McDermott paradigm","Copanlisib","HMAC-based one-time password","Methenamine","3","Copanlisib","140","Methenamine","146","Deese–Roediger–McDermott paradigm","119","722"
"93","Erythromycin","Here are the key facts about Erythromycin: • Erythromycin is an antibiotic used to treat various bacterial infections, including respiratory tract infections, skin infections, chlamydia, pelvic inflammatory disease, and syphilis • It belongs to the macrolide family of antibiotics and works by decreasing bacterial protein production • First isolated in 1952 from the bacteria Saccharopolyspora erythraea, it is on the World Health Organization's List of Essential Medicines • Available in multiple forms including tablets, capsules, oral suspensions, ointments, gels, and injections • Common side effects include abdominal cramps, vomiting, and diarrhea, while more serious side effects can include liver problems and allergic reactions • Generally considered safe during pregnancy and for those allergic to penicillin • Can be used to treat infections caused by Streptococcus, Staphylococcus, Haemophilus, and Corynebacterium bacteria • May have additional uses such as preventing newborn eye infections and treating gastroparesis • Metabolized by cytochrome P450 enzymes, which can lead to potential drug interactions with medications like statins and migraine drugs • In 2022, it was the 271st most commonly prescribed medication in the United States, with over 800,000 prescriptions","Erythromycin","Reactive attachment disorder","Leishmaniasis vaccine","Intraosseous infusion","1","Reactive attachment disorder","100","Intraosseous infusion","110","Leishmaniasis vaccine","104","882"
"94","Plasma cell dyscrasias","Here are the key facts about Plasma Cell Dyscrasias: • Plasma cell dyscrasias are a spectrum of disorders characterized by abnormal plasma cells that over-produce and secrete an abnormal monoclonal antibody (myeloma protein) into the bloodstream • The disorders range from a benign condition called Monoclonal Gammopathy of Undetermined Significance (MGUS) to malignant conditions like multiple myeloma and Waldenström macroglobulinemia • Plasma cells develop from B lymphocytes and normally produce antibodies to help fight infections, but in these disorders, they become genetically altered and produce abnormal proteins • Genetic mutations can occur during antibody gene formation, potentially causing chromosomal changes that lead to uncontrolled cell growth and protein overproduction • Multiple myeloma subtypes are classified by the type of immunoglobulin they produce: IgG (52%), IgA (21%), and light chain (16%) are the most common • The clinical importance of understanding these disorders is to: - Predict disease progression - Monitor potential complications - Detect malignancy at an early stage • Rare forms of multiple myeloma include IgD (1-2% of cases) and IgE (less than 50 reported cases) • Genetic mutations, such as the L265P mutation in the MYD88 gene, are thought to play a role in disease development and progression","Splenic marginal zone lymphoma","Shark liver oil","Senescence","Plasma cell dyscrasias","4","Shark liver oil","195","Splenic marginal zone lymphoma","109","Senescence","200","221"
"95","Clausius–Clapeyron relation","Here are the key facts about the Clausius–Clapeyron relation: • The Clausius–Clapeyron relation describes the temperature dependence of pressure during a phase transition of a single substance, originally derived by Sadi Carnot in 1824 and later popularized by Rudolf Clausius and Benoît Clapeyron. • It is mathematically expressed as dP/dT = ΔH / (T * ΔV), where dP/dT is the slope of the phase coexistence curve, ΔH is the latent heat, T is temperature, and ΔV is the change in molar volume. • The relation is particularly useful in calculating vapor pressure of liquids and understanding phase transitions, especially when one phase (typically the gas phase) follows the ideal gas law. • Experimentally confirmed by Kelvin and James Thomson in 1849-50, it was an early successful application of theoretical thermodynamics. • In meteorology and climatology, the relation helps explain that the water-holding capacity of the atmosphere increases by about 7% for every 1°C rise in temperature. • At low temperatures and pressures, the equation can be simplified to an approximation that relates the change in vapor pressure to the latent heat and temperature. • The relation can be derived using different thermodynamic approaches, including the state postulate and the Gibbs-Duhem relation, demonstrating its fundamental importance in understanding phase transitions.","List of Florida hurricanes (pre-1900)","Trimix (breathing gas)","Computational complexity theory","Clausius–Clapeyron relation","4","Trimix (breathing gas)","191","List of Florida hurricanes (pre-1900)","115","Computational complexity theory","246","55"
"96","Monocyte","Here are the key facts about Monocytes: • Monocytes are a type of white blood cell (leukocyte) that are the largest in blood, composing 2-10% of all leukocytes • They are produced in the bone marrow from monoblasts and circulate in the bloodstream for 1-3 days before migrating into tissues • There are three main subpopulations of monocytes in humans: classical, intermediate, and non-classical, distinguished by different surface markers • Monocytes can differentiate into macrophages and dendritic cells, serving critical roles in the immune system • Their primary immune functions include phagocytosis (consuming pathogens), antigen presentation, and cytokine production • Monocytes are amoeboid in appearance, with a large, often bean-shaped nucleus, and measure 15-22 μm in diameter • They can directly regulate immune responses, with different subpopulations specializing in specific tasks like inflammation stimulation or pathogen patrolling • Monocytes can kill infected host cells through antibody-dependent cell-mediated cytotoxicity • In mice, monocytes are divided into inflammatory and resident subpopulations with distinct characteristics and behaviors","LD 350-1","Restriction enzyme","Monocyte","Tricalcium phosphate","3","LD 350-1","121","Restriction enzyme","240","Tricalcium phosphate","196","293"
"97","Xanthine oxidase","• **Xanthine oxidase (XO) is an enzyme that catalyzes the oxidation of hypoxanthine to xanthine and xanthine to uric acid**, playing a crucial role in purine metabolism in humans and other species. • **The enzyme generates reactive oxygen species and has a large molecular structure** with a molecular weight of 270 kDa, containing 2 flavin molecules, 2 molybdenum atoms (active sites), and 8 iron atoms per enzymatic unit. • **XO can be converted from xanthine dehydrogenase activity** through reversible sulfhydryl oxidation or irreversible proteolytic modification, with most liver protein existing in the dehydrogenase form. • **The enzyme is clinically significant as a biomarker for liver damage** - XO is released into the blood during severe liver damage, making blood assays useful for diagnosis. • **Allopurinol, a xanthine oxidase inhibitor, is used to treat gout** by blocking uric acid formation, though caution is needed when combined with certain medications like 6-mercaptopurine. • **Xanthinuria is a rare genetic disorder caused by XO deficiency**, leading to high blood xanthine concentrations and potential renal failure, with no specific treatment available. • **XO inhibition is being researched for cardiovascular health benefits** due to the enzyme's role in producing reactive oxygen and nitrogen species that can cause cellular damage and oxidative stress. • **The enzyme's activity increases during certain conditions** such as influenza A infection, high cell turnover states, and alcohol ingestion, contributing to elevated serum uric acid levels.","Placentalia","Xanthine oxidase","Carprofen","3-Quinuclidinyl benzilate","2","Carprofen","105","3-Quinuclidinyl benzilate","135","Placentalia","162","594"
"98","Leximetrics","Here are the key facts about Leximetrics: • Leximetrics is a field that attempts to rank the strength or weaknesses of laws by assigning numerical values to different types of laws • The term was first coined by Robert Cooter and Tom Ginsburg, emerging from comparative law studies • Initial leximetric research was conducted by economists Rafael La Porta, Florencio Lopez de Silanes, Andrei Shleifer, and Robert W. Vishny, focusing on shareholder rights • The original research was commissioned by the World Bank and aligned with the Washington Consensus, arguing that common law systems better protect shareholder rights • The methodology involves assigning numerical values to legal systems and correlating these values with economic outcomes like market efficiency and economic growth • Leximetric studies have been widely criticized for: - Oversimplifying complex legal issues - Failing to disclose comprehensive methodologies - Misunderstanding laws in different jurisdictions - Potentially misinterpreting correlation as causation • Subsequent research, like that by Simon Deakin at Cambridge, has challenged the original findings and sought more accurate measurements • A key criticism is that reducing legal 'strength' to numerical values fails to capture the practical effects and nuances of law • Defenders of leximetrics argue that despite limitations, the approach provides a basis for comparative legal analysis that can be improved over time","Latvian orthography","Leximetrics","Grand canonical ensemble","Fortriu","2","Latvian orthography","170","Grand canonical ensemble","126","Fortriu","112","541"
"99","HMX","Here are the key facts about HMX: • HMX (octogen) is a powerful, relatively insensitive high explosive chemically related to RDX, with a molecular structure consisting of an eight-membered ring of alternating carbon and nitrogen atoms • First synthesized in 1930, HMX is primarily used in military applications, including as a detonator in nuclear weapons, in polymer-bonded explosives, and as a solid-rocket propellant • The compound is manufactured through the complex Bachmann process, which involves nitration of hexamine using a mixture of ammonium nitrate and nitric acid • HMX is used in specialized applications such as creating shaped charges for perforating oil and gas well casings, and was used in the 'Hayabusa2' space probe to excavate a hole in an asteroid • Toxicologically, HMX is considered to have low toxicity, with limited evidence of human health effects and no current classification as a carcinogen • Animal studies have shown potential neurobehavioral effects at high doses, including ataxia, sedation, and convulsions, but overall toxicity appears to be quite low • HMX can enter the environment through air, water, and soil, and can be remediated using phytoremediation techniques involving both wild and transgenic plants","Methanethiol","Lanosterol","Pimavanserin","HMX","4","Pimavanserin","222","Lanosterol","211","Methanethiol","194","258"
"100","Phosphodiesterase inhibitor","• Phosphodiesterase inhibitors block one or more of the five PDE enzyme subtypes, preventing the breakdown of important cellular messengers cAMP and cGMP. • Different PDE subtypes were first isolated from rat brains in the early 1970s, and their therapeutic potential was predicted as early as 1977. • Nonselective PDE inhibitors include methylated xanthines (like caffeine compounds), which have wide-ranging effects due to the enzyme's presence throughout the body. • PDE4 inhibitors show promise as anti-inflammatory drugs for respiratory diseases like asthma and COPD, and may also have antidepressant and antipsychotic effects. • PDE4 inhibitors can restore memory function by raising cAMP levels, as demonstrated in sleep-deprived mice studies at University of Pennsylvania in 2009. • PDE7 inhibitors (quinazoline type) have been shown to be potent anti-inflammatory and neuroprotective agents. • Paraxanthine, caffeine's main metabolite in humans (84%), acts as a PDE9 inhibitor and is highly expressed in erectile tissue. • PDE10A inhibitors like papaverine represent a novel therapeutic approach for developing antipsychotic medications, as this enzyme is almost exclusively found in the brain's striatum.","Phosphodiesterase inhibitor","Byte-pair encoding","Myeloid-derived suppressor cell","Marc Feldmann","1","Marc Feldmann","107","Byte-pair encoding","121","Myeloid-derived suppressor cell","228","209"
"101","DNA origami","Here are the key facts about DNA origami: • DNA origami is a nanoscale technique for folding DNA into precise two- and three-dimensional shapes using complementary base pair interactions • The method was developed by Paul Rothemund at Caltech, first published as a cover story in Nature in 2006 • It is a bottom-up fabrication method that uses a long single strand of viral DNA (typically from M13 bacteriophage) and shorter 'staple' strands to create complex structures • The process relies on the natural tendency of DNA strands to bind to complementary sequences through Watson-Crick base pairing, allowing self-assembly of predetermined shapes • Researchers can create intricate 2D and 3D structures like a smiley face, map of continents, and geometric shapes like cubes • Specialized computer-aided design (CAD) software like caDNAno helps researchers design and calculate the precise staple strand sequences needed for specific shapes • Current applications are primarily focused on sensing and drug delivery, though the technology is still mostly in concept or testing phases • DNA origami offers advantages like molecular positioning control, stability in physiological conditions, and the ability to create discrete, finite structures • The technique allows for programmable design by carefully manipulating the specific base sequences of DNA strands","Organophosphate poisoning","Ovotesticular syndrome","Migratory locust","DNA origami","4","Migratory locust","158","Ovotesticular syndrome","247","Organophosphate poisoning","172","109"
"102","Alarm signal","Here are the key facts about Alarm Signals: • Alarm signals are antipredator adaptations used by social animals to warn others of potential danger, found across various species including primates, birds, fish, and insects • These signals can be auditory (calls), visual (like deer tail flashing), or chemical, and often serve to help group members escape from predators • Different alarm calls may be used for different types of predators (ground vs. aerial), and animals can often identify the reliability of the caller • Alarm calls can potentially increase individual fitness by: - Informing predators they've been detected - Potentially attracting other predators to fight over prey - Deterring predators by demonstrating alertness • Vervet monkeys are particularly well-studied, with distinct alarm calls for specific predators like leopards, eagles, and snakes • The evolutionary purpose of alarm calls raises complex questions about altruism and natural selection, challenging traditional 'survival of the fittest' theories • Alarm calls are often high-frequency sounds, which are harder for predators to localize • The behavior may be driven by kin selection, with animals more likely to give alarm calls when surrounded by relatives who share their genes • Researchers continue to study alarm-calling behavior to understand broader principles of communication and altruism in animal societies","Gigantopelta chessoia","Self-organizing map","Alarm signal","Dunnigan familial partial lipodystrophy","3","Dunnigan familial partial lipodystrophy","216","Gigantopelta chessoia","184","Self-organizing map","248","741"
"103","Bibliometrix","Here are the key facts about Bibliometrics from the Wikipedia article: • Bibliometrics is the application of statistical methods to study bibliographic data, particularly in scientific and library contexts • The term 'bibliométrie' was first used by Paul Otlet in 1934, and the anglicized 'bibliometrics' was introduced by Alan Pritchard in 1969 • Bibliometrics focuses on quantitative analysis of publications, books, articles, and citations, often used to measure research impact and scientific productivity • Citation analysis is a core bibliometric method, involving the construction of citation networks to explore research influence • The field emerged in the late 19th century but significantly developed after World War II, driven by computing tools and the 'periodical crisis' • Bibliometrics is closely related to scientometrics, with both fields largely overlapping in their use of citation data for scientific evaluation • The emergence of the web and open science movement has transformed bibliometrics, challenging traditional proprietary citation databases • Bibliometric methods have influenced technologies like Google's PageRank algorithm and are used across various disciplines to assess research impact • The Leiden Manifesto for Research Metrics (2015) sparked broader discussions about the transparency and use of research metrics","Enterococcus","Bibliometrix","Dual space","Ectodysplasin A receptor","2","Dual space","233","Ectodysplasin A receptor","185","Enterococcus","117","102"
"104","Lactate dehydrogenase","• **Lactate dehydrogenase (LDH) is a ubiquitous enzyme** found in nearly all living cells that catalyzes the reversible conversion of pyruvate to lactate while interconverting NAD+ and NADH. • **LDH plays a crucial role in energy metabolism** by converting pyruvate (the final product of glycolysis) to lactate when oxygen is absent or in short supply, and performs the reverse reaction during the Cori cycle in the liver. • **LDH serves as a biomarker for tissue damage** because it is released during tissue damage, making it useful for diagnosing common injuries and diseases such as heart failure. • **LDH exists as five different isoenzymes (LDH-1 through LDH-5)** formed by different combinations of two main subunits (LDH-M and LDH-H), with each isoenzyme showing distinct tissue distribution patterns. • **Different LDH isoenzymes are found in specific tissues**: LDH-1 in heart and red blood cells, LDH-2 in the reticuloendothelial system, LDH-3 in lungs, LDH-4 in kidneys/placenta/pancreas, and LDH-5 in liver and striated muscle. • **A 'flipped pattern' of LDH levels can indicate heart attack** - when LDH-1 levels exceed LDH-2 levels in blood serum, it suggests myocardial infarction, though this diagnostic method has been largely replaced by troponin measurements. • **LDH structure consists of four subunits (tetramer)** with an active site containing His(193) as the proton acceptor, and this active site structure is conserved across many different animal species. • **Ethanol consumption can disrupt LDH function** by altering the NADH/NAD+ ratio, potentially leading to lactic acidosis and hypoglycemia by shifting the enzyme equilibrium toward lactate production.","Lactate dehydrogenase","Delta atracotoxin","Cetylpyridinium chloride","Sarcocystis","1","Cetylpyridinium chloride","134","Delta atracotoxin","164","Sarcocystis","198","271"
"105","Kinyang (reptile)","Here are the key facts about Kinyang: • Kinyang is an extinct genus of osteolaemine crocodile that lived during the Early to Middle Miocene period (approximately 17-14.7 million years ago) in Kenya • Two species are known: K. mabokoensis (from Lake Victoria basin) and K. tchernovi (from Lake Victoria and Lake Turkana basins) • The genus is characterized by an exceptionally broad and robust skull, much wider than any living crocodile species, which may have enabled it to attack and kill prey its own size or larger • Kinyang was larger than its contemporary relative Brochuchus and had a unique skull structure, including a wide rostrum and distinctive palatine process • The genus had 12-13 maxillary teeth, fewer than modern crocodylids, and showed a transitional dentition pattern between overbite and interlocking teeth • Kinyang's extinction coincides with a broader faunal turnover, potentially caused by Africa's drying climate that transformed rainforests into more open environments • The genus name is derived from local Nilotic language words for 'crocodile', with variations like 'akinyang' in Turkana and 'nyang' in Dholuo • The type species K. mabokoensis was named after Maboko Island, while K. tchernovi was named after researcher Dr. Eitan Tchernov","Edible mushroom","Kinyang (reptile)","Woodworthia maculata","Human evolution","2","Edible mushroom","242","Human evolution","238","Woodworthia maculata","141","405"
"106","Fukushima nuclear accident (Unit 1 Reactor)","Here are the key facts about the Fukushima Daiichi (Unit 1) Reactor: • The Unit 1 reactor was one of 4 reactors seriously affected during the Fukushima nuclear disaster on March 11, 2011. • The reactor was automatically shut down after the earthquake, but the subsequent tsunami flooded emergency generators, cutting power to critical coolant pumps. • Computer simulations suggest core damage began 4-5 hours after the tsunami, earlier than initial TEPCO estimates. • A hydrogen gas explosion occurred on March 12 due to a reaction between nuclear fuel metal cladding and remaining water in the intense heat and pressure. • Operators struggled to cool the reactor, initially using emergency cooling systems like isolation condensers and High Pressure Coolant Injection (HPCI), but these systems ultimately failed. • By midnight on March 11, water levels in the reactor were falling, and TEPCO warned of potential radioactive releases. • The Japanese government estimated the total radioactivity released was approximately one-tenth of the Chernobyl disaster's release. • Decommissioning of the reactors is estimated to take 30-40 years to complete. • One employee working inside Unit 1 received a radiation dose of 106 mSv during the crisis.","48th Fighter Wing","Foxtrot-class submarine","Fukushima nuclear accident (Unit 1 Reactor)","Triangular division","3","Foxtrot-class submarine","212","48th Fighter Wing","236","Triangular division","216","403"
"107","Real-time polymerase chain reaction","Here are the key facts about Real-time Polymerase Chain Reaction (RT-PCR/qPCR): • Real-time PCR is a molecular biology technique that monitors DNA amplification in real-time during the PCR process, unlike conventional PCR which only checks results at the end • Two primary methods for detecting PCR products exist: non-specific fluorescent dyes that bind to double-stranded DNA and sequence-specific DNA probes with fluorescent labels • The technique allows quantitative measurement of gene expression by tracking RNA transcript copies, which requires first converting RNA to complementary DNA (cDNA) • The PCR process typically involves 25-50 repeated temperature cycles with three main stages: DNA strand separation (95°C), primer binding (50-60°C), and DNA polymerization (68-72°C) • Real-time PCR requires a thermal cycler with sensors capable of exciting fluorophores at specific wavelengths and measuring their fluorescence during each amplification cycle • The method can be used to detect and quantify both DNA and RNA in samples, providing more precise measurements than older techniques like northern blotting • Researchers often use 'normalizing genes' (like tubulin or glyceraldehyde-3-phosphate dehydrogenase) to standardize and compare gene expression across different samples • The Minimum Information for Publication of Quantitative Real-Time PCR Experiments (MIQE) guidelines recommend using 'qPCR' for quantitative real-time PCR and 'RT-qPCR' for reverse transcription qPCR","Dark skin","History of COVID-19 vaccine development","Real-time polymerase chain reaction","Development of the human body","3","Dark skin","225","History of COVID-19 vaccine development","114","Development of the human body","190","170"
"108","Clan Robertson","Here are the key facts about Clan Robertson: • Origins trace back to Donnchadh 'Stout Duncan', a minor landowner in Highland Perthshire who supported Robert the Bruce during the Wars of Scottish Independence • The clan's name derives from Robert, son of Donnchadh, and their primary surnames include Robertson, Reid, and Duncan • In 1451, the clan was awarded a special crest badge by King James II for capturing the assassins of his father, King James I, including Sir Robert Graham • During the Scottish Civil War, the clan strongly supported James Graham (Montrose), fighting in key battles like Inverlochy and suffering retaliation from Cromwell's forces • The clan actively participated in Jacobite uprisings, with the 13th chief leading 500 men at the Battle of Sheriffmuir in 1715 and supporting the Earl of Mar • Their traditional lands were extensive, covering areas in Highland Perthshire including Glen Errochty, Loch Tay, and Loch Rannoch, though these are no longer in clan possession • The clan was known for being raiders and feuders in medieval Scotland, but consistently loyal to the Bruce and Stewart royal dynasties • Their clan strength was estimated at 800 men in 1724 and 700 men in 1745, according to historical records","Corky Row Historic District","Aventine Hill","Clan Robertson","Braniff International Airways Flight 352","3","Corky Row Historic District","121","Braniff International Airways Flight 352","158","Aventine Hill","167","223"
"109","Mycobacteria growth indicator tube","• MGIT (Mycobacteria Growth Indicator Tube) is a diagnostic tool used for culturing, detecting, and recovering mycobacteria from clinical specimens. • The tube contains 7 mL of modified Middlebrook 7H9 Broth base with OADC enrichment and PANTA antibiotic mixture, making it one of the most commonly used liquid media for mycobacteria cultivation. • MGIT can process all types of clinical specimens (pulmonary and extra-pulmonary) except blood and urine for primary isolation of mycobacteria. • The detection principle relies on a fluorescent compound embedded in silicone at the tube bottom that is oxygen-sensitive - initially quenched by dissolved oxygen, but becomes fluorescent as respiring microorganisms consume the oxygen. • Tubes are incubated at 37°C and monitored for increasing fluorescence either manually (using UV light sources) or automatically using instruments like the BACTEC MGIT 960 System. • The BACTEC MGIT 960 System automatically scans tubes every 60 minutes for fluorescence changes to determine if viable organisms are present. • An instrument-positive tube typically contains approximately 10⁵ to 10⁶ colony-forming units per milliliter (CFU/mL). • Culture tubes that remain negative are monitored for a minimum of 42 days (up to 56 days) before being discarded as negative results.","Complement component 5","Mycobacteria growth indicator tube","List of forcing notions","Serum (blood)","2","Complement component 5","146","List of forcing notions","148","Serum (blood)","159","332"
"110","Hill equation (biochemistry)","• The Hill equation refers to two closely related equations in biochemistry that describe ligand binding to macromolecules as a function of ligand concentration, distinguishing between 'occupancy' (fraction bound) and 'response' (physiological output). • The equation was originally formulated by Archibald Hill in 1910 to describe the sigmoidal oxygen binding curve of hemoglobin. • The Hill coefficient quantifies the degree of cooperativity in ligand binding - values greater than 1 indicate positive cooperative binding, while values less than 1 indicate negative cooperative binding. • The equation for occupancy is formally equivalent to the Langmuir isotherm and helps determine what fraction of macromolecules are saturated with ligand. • In pharmacology, the Hill equation is crucial for constructing dose-response curves and includes parameters like EC50 (drug concentration producing 50% maximal response) and Kd (dissociation constant). • The Hill plot is a linearized version of the equation that plots log terms to create a straight line, making it easier to determine binding parameters, though modern computer analysis using nonlinear regression is now preferred. • The Gaddum equation is a generalization of the Hill equation that incorporates the presence of competitive antagonists by including equilibria for both ligand-receptor and antagonist-receptor interactions. • There is an important distinction between drug binding to receptors (described by dissociation constants) and actual tissue responses (described by EC50 values), as the relationship between binding and biological response may be complex and non-linear.","Pepper spray","Chlorine-37","Hill equation (biochemistry)","Molecular nanotechnology","3","Chlorine-37","156","Pepper spray","111","Molecular nanotechnology","116","779"
"111","Curassow","• Curassows are one of three major groups of cracid birds and comprise the largest-bodied species within the cracid family. • Three of the four curassow genera are restricted to tropical South America, with only one species of *Crax* ranging as far north as Mexico. • Molecular DNA evidence suggests curassows diverged from their closest relatives (likely guans) during the Oligocene period, approximately 35-20 million years ago. • There are two major evolutionary lineages of curassows: one containing only the genus *Crax*, and another made up of *Mitu* and *Pauxi*. • All curassow genera appear to have diverged during the Tortonian period (early Late Miocene), with the initial split occurring 10-9 million years ago. • Unlike other cracids, curassows likely originated in the lowlands of the western/northwestern Amazon basin, particularly around the border region of Brazil, Peru, and Colombia. • Curassows are classified as the subfamily Cracinae and form a distinct evolutionary clade within the cracid family. • The position of the nocturnal curassow in the evolutionary tree remains unclear, though it diverged around the same time as the split between the two major lineages.","List of hornbills","Halobacterium salinarum","Testicular dysgenesis syndrome","Curassow","4","Halobacterium salinarum","246","Testicular dysgenesis syndrome","197","List of hornbills","188","181"
"112","Sleep and metabolism","Here are the key facts about sleep and metabolism: • Sleep is divided into two main phases: REM and non-REM, with non-REM sleep having four stages and the deepest stage (slow-wave sleep) associated with lowest metabolic activity • Metabolism consists of two key processes: anabolism (building up molecules) and catabolism (breaking down molecules), which regulate the body's energy usage • Sleep deprivation can significantly alter glucose metabolism, reducing insulin sensitivity and increasing the risk of type 2 diabetes • Hormones leptin and ghrelin are critically affected by sleep, with sleep loss causing leptin levels to decrease by 18% and ghrelin levels to increase by 28%, leading to increased appetite and cravings • Chronic sleep deprivation (less than 8 hours per night) is associated with increased body mass index (BMI) and obesity, with average sleep time decreasing from 8.5 to 6.5 hours between the 1950s and 2000s • Sleep loss can reduce muscle protein synthesis and potentially contribute to muscle atrophy, though exercise may help mitigate these effects • During non-REM sleep, metabolic rate and brain temperature are lowered to help repair damages incurred during wakefulness","Sleep and metabolism","Cistus × incanus","COVID-19 pandemic in the United States","Jean Marshall","1","Jean Marshall","190","COVID-19 pandemic in the United States","127","Cistus × incanus","218","463"
"113","Hafnia (bacterium)","Here are the key facts about Hafnia (bacterium): • Hafnia is a genus of Gram-negative, rod-shaped bacteria in the Hafniaceae family, named after the Latin name for Copenhagen • Hafnia alvei is primarily a commensal bacteria found in the gastrointestinal tracts of mammals, birds, reptiles, and other animals • The bacterium is facultatively anaerobic and can grow at low temperatures, making it particularly useful in food fermentation processes • Hafnia alvei plays a significant role in cheese ripening, particularly in raw milk cheeses like Camembert, where it can reach concentrations up to 10^7 CFU/g • While typically not pathogenic, H. alvei can cause disease in immunocompromised patients and is often resistant to multiple antibiotics • The bacteria is widely found in various fermented foods, including dairy products, coffee seeds, kimchi, and fermented sausages • Paleomicrobiology studies have identified H. alvei in ancient samples, including 12,000-year-old mastodon intestinal remains • In some studies, H. alvei was the third most common enteric species identified in Australian mammals, after Escherichia coli and E. cloacae • The bacterium is used in the dairy industry as a lactic ferment and has recently been incorporated into probiotic dietary supplements","Crocodylus halli","Hafnia (bacterium)","CORE (research service)","Orientalosuchus","2","Crocodylus halli","225","Orientalosuchus","146","CORE (research service)","144","489"
"114","Dropsy in fish","Here are the key facts about Dropsy in fish: • Dropsy is a condition characterized by fluid buildup inside a fish's body cavity or tissues, which is a symptom of an underlying disease rather than a specific illness • Potential causes include bacterial infections, parasitic infections, liver dysfunction, poor water quality, viral infections, and prolonged stress that weakens the fish's immune system • Distinctive symptoms include abdominal swelling, bulging eyes, scales that protrude outwards (giving a 'pine cone' appearance), loss of color in gills, and reduced energy/appetite • By the time dropsy symptoms are visible, the condition is often fatal and requires immediate quarantine and treatment • Standard treatment involves isolating the sick fish and using salt baths (with aquarium or epsom salts) to help relieve internal pressure • Antibiotics may be used if the underlying cause is bacterial, helping to weaken the pathogen and allow the fish's immune system to recover • The condition is potentially contagious, so early detection and isolation are critical to preventing spread within an aquarium community","Dropsy in fish","Self-anointing in animals","Trichinella spiralis","Perinatal asphyxia","1","Perinatal asphyxia","117","Self-anointing in animals","112","Trichinella spiralis","107","865"
"115","Algorithmic Geometry","• Algorithmic Geometry is a textbook on computational geometry originally written in French by Jean-Daniel Boissonnat and Mariette Yvinec in 1995, then translated to English and published by Cambridge University Press in 1998. • The book covers theoretical background, algorithm analysis, implementation details, and applications of computational geometry algorithms. • It is structured in five sections, beginning with foundational material on algorithm design, data structures, computational complexity theory, and randomized algorithms. • Key topics include convex hulls and their algorithms, low-dimensional randomized linear programming, and point set triangulation for two- and three-dimensional data. • The book covers advanced geometric structures such as arrangements of hyperplanes, line segments, and triangles, as well as Voronoi diagrams and Delaunay triangulations. • Each main section follows a consistent format: one chapter on the mathematical foundations followed by two or three chapters on related algorithms. • The textbook is designed for graduate-level study and serves as a reference for computational geometry researchers. • The English translation by Hervé Brönnimann included improvements to proofs and additional exercises beyond the original French version.","2014 Kunming attack","Nitrogen dioxide","Palladin","Algorithmic Geometry","4","Palladin","118","Nitrogen dioxide","101","2014 Kunming attack","141","820"
"116","Connection pool","• **Connection pools are caches of reusable database connections** managed by clients or middleware to reduce the overhead of repeatedly opening and closing connections, thereby improving performance and scalability. • **SQL databases require optimized connection pooling** due to their stateful, binary protocols that maintain session-specific information like transaction states, while many NoSQL databases use stateless HTTP protocols that reduce traditional pooling needs. • **Connection limits are determined by service tiers and resources**, with overprovisioned pools potentially causing connection rejections, throttling, and performance degradation when exceeding database capacity limits. • **Token-based authentication can disrupt connection pooling** when tokens expire and invalidate pooled connections, interrupting connection reuse in systems using modern authentication protocols like Azure AD. • **Network factors significantly impact pooling efficiency**, including higher latency from public endpoints, DNS resolution issues with private endpoints, and connection disruptions from dynamic IP addressing in cloud environments. • **TLS/SSL encryption requirements must align with connection configurations** to prevent connection failures that render pools ineffective, particularly in cloud and on-premises environments enforcing encryption. • **Cloud platforms implement pooling differently across services** - AWS offers tools like RDS Proxy for connection management, while Azure SQL relies on client-side pooling through libraries like ADO.NET and JDBC. • **Azure Cosmos DB manages connection pooling at the SDK level** rather than the database service level, using HTTP connection reuse to optimize performance across all account types including provisioned and serverless models.","National Center for Biotechnology Information","List of newsgroups","Bottleneck (software)","Connection pool","4","List of newsgroups","120","National Center for Biotechnology Information","103","Bottleneck (software)","167","178"
"117","Lipoarabinomannan","Here are the key facts about Lipoarabinomannan (LAM): • Lipoarabinomannan (LAM) is a glycolipid and major virulence factor found in Mycobacterium bacteria, particularly in Mycobacterium tuberculosis • LAM's primary function is to help bacteria survive by inactivating macrophages and neutralizing oxidative radicals that the immune system uses to fight infection • The molecule has three main structural domains: a glycosylphosphatidyl anchor, a D-mannan core, and a terminal D-arabinan with branching side chains • There are three primary types of LAM: ManLAM (mannose-capped), PILAM (phosphoinositol-capped), and AraLAM (uncapped) • ManLAM, found in pathogenic mycobacteria like M. tuberculosis, is anti-inflammatory and suppresses immune responses by: - Inhibiting TNF-α and IL-12 production - Modulating macrophage apoptosis - Deactivating key immune signaling pathways • LAM can manipulate host cell signaling by activating specific biochemical pathways, such as phosphorylating the Bcl-2 family protein Bad and activating the phosphatase SHP-1 • The different LAM types have varying effects on immune response, with ManLAM suppressing inflammation and PILAM and AraLAM being more pro-inflammatory","Fc receptor","Cannabis ruderalis","Citrus taxonomy","Lipoarabinomannan","4","Citrus taxonomy","141","Fc receptor","208","Cannabis ruderalis","211","349"
"118","Blood parrot cichlid","Here are the key facts about Blood Parrot Cichlids: • Hybrid fish created in Taiwan around 1986, bred from Amphilophus citrinellus and Vieja melanurus species • Natural colors include red, yellow, and grey, though breeders often artificially inject additional colors • Anatomically deformed fish with a narrow vertical mouth opening, which can make feeding difficult • Can grow up to 8 inches long and live 10-15 years in captivity • Semi-aggressive fish that will prey on smaller fish that can fit in its mouth • Suffer from multiple genetic defects, including: - Beak-shaped mouth that cannot fully close - Deformed nuchal hump - Compressed vertebrae - Potentially deformed swim bladders • Male blood parrots are generally infertile, though females are typically fertile • Recommended aquarium size is 55 gallons for a single fish, with an additional 20 gallons per extra fish • Require high-volume filtration and frequent substrate cleaning due to their messy eating habits • Some specialized breeds like the 'King Kong parrot' have been developed with fewer deformities and larger size","Blood parrot cichlid","Black sea bass","Shen (clam-monster)","Melkersson–Rosenthal syndrome","1","Black sea bass","135","Melkersson–Rosenthal syndrome","155","Shen (clam-monster)","137","735"
"119","Tyrophagus putrescentiae","• Tyrophagus putrescentiae is a cosmopolitan mite species commonly known as the mould mite or cheese mite, with a genus name that translates from Greek to 'cheese eater.' • The species occurs worldwide in diverse habitats including grasslands, old hay, mushrooms, and nests of bees and ducks, and can complete its life cycle in under three weeks under ideal conditions (temperatures above 30°C and humidity above 85%). • It is a common pest of stored products with high protein and fat content (meat, cheese, nuts, seeds, dried eggs), feeding on fungi that grow on these foodstuffs and sometimes infesting mycology laboratories. • The mite causes various human health problems including copra itch in tropical regions, skin and respiratory allergies among Italian ham handlers, and dermatitis in butcher shops. • The species was first described by Franz von Paula Schrank in 1781 as Acarus putrescentiae, though the original description was inadequate and covered both a mite and a springtail. • The species identity remained unclear until 1959 when Phyllis Robertson revised the genus and designated a neotype, which was later approved by the International Commission on Zoological Nomenclature. • In 2007, scientists discovered that what was considered T. putrescentiae actually comprised two distinct species, leading to a petition to apply the name to the more common species while renaming the rarer one T. fanetzhangorum.","Tyrophagus putrescentiae","Theridion grallator","Leaf muntjac","Virginia striatula","1","Theridion grallator","105","Leaf muntjac","104","Virginia striatula","109","882"
"120","FreeIPA","Here are the key facts about FreeIPA: • FreeIPA is a free and open-source identity management system developed as the upstream project for Red Hat Identity Management • It provides a centrally-managed identity, policy, and audit (IPA) system that integrates multiple open-source components, including: - Fedora Linux - 389 Directory Server - MIT Kerberos - NTP - DNS - Dogtag certificate system - SSSD • FreeIPA offers multiple management interfaces, including: - Command-line interface (CLI) - Web UI - XMLRPC and JSONRPC APIs - Python SDK • Since version 3.0.0, FreeIPA can integrate with Microsoft's Active Directory through Cross Forest Trusts • The system supports computers running Linux, Unix, Windows, and Mac OS X • The project's components are bundled under a GPLv3 license, though individual components retain their original licenses • FreeIPA aims to provide comprehensive identity management through an integrated suite of open-source tools","FreeIPA","Djbdns","Biological photovoltaics","Keystone Junior/Senior High School","1","Keystone Junior/Senior High School","126","Djbdns","110","Biological photovoltaics","208","638"
"121","Myxococcus xanthus","Here are the key facts about Myxococcus xanthus: • Bacterial Classification: A gram-negative, rod-shaped bacterium found in the top layer of soil, belonging to the myxobacteria group • Unique Motility: Lacks flagella and moves using pili in a 'gliding' manner, often moving as a collective swarm or 'pack' • Predatory Behavior: Actively preys on other microorganisms like bacteria and fungi, using a sophisticated collective hunting strategy • Metabolic Characteristics: - Cannot rely on sugars for growth - Sources carbon primarily from lipids - Requires oxygen for aerobic respiration - Grows best at pH 7.2-8.2 and temperatures of 34-36°C • Remarkable Developmental Cycle: Transforms from a predatory single-species biofilm to a multicellular organism under starvation conditions • Genetic Complexity: Large genome (9.14-9.25 Mb) with over 90% of genes encoding proteins, featuring significant genetic diversity through lateral gene transfer • Distinctive Reproductive Strategy: Can form yellow-orange spores and develop complex fruiting body structures through collective cellular organization • Evolutionary Adaptability: Demonstrated ability to evolve new movement strategies and establish co-evolutionary relationships with prey organisms","Human mouth","Coptic language","Myxococcus xanthus","Carvone","3","Coptic language","153","Carvone","161","Human mouth","235","577"
"122","Fluphenazine","• Fluphenazine is a high-potency typical antipsychotic medication sold under the brand name Prolixin, used primarily to treat chronic psychoses such as schizophrenia with effectiveness equal to low-potency antipsychotics like chlorpromazine. • The medication is available in multiple forms including oral, intramuscular injection, subcutaneous injection, and a long-acting injectable version (fluphenazine decanoate) that can last up to four weeks. • Common side effects include movement problems, sleepiness, depression, and weight gain, while serious side effects may include neuroleptic malignant syndrome, tardive dyskinesia (potentially permanent movement disorder), and low white blood cell levels. • Fluphenazine works primarily by blocking dopamine D2 receptors in the brain's basal ganglia, cortical and limbic systems, though it also affects other neurotransmitter receptors including adrenergic, muscarinic, and histaminergic receptors. • The drug came into medical use in 1959 and the injectable form is included on the World Health Organization's List of Essential Medicines, though it was discontinued in Australia in 2017. • Long-term use of phenothiazines like fluphenazine can cause mildly abnormal liver function tests in up to 40% of patients and may increase prolactin levels, leading to various hormonal side effects. • A 2018 Cochrane review concluded that fluphenazine is an imperfect treatment and suggested other inexpensive drugs with fewer side effects may be equally effective for treating schizophrenia. • Gradual withdrawal is recommended when discontinuing the medication to avoid acute withdrawal syndrome, which can include nausea, vomiting, restlessness, and in rare cases, tardive dyskinesia.","Amyloid-related imaging abnormalities","Melamine","Fluphenazine","DNA damage theory of aging","3","DNA damage theory of aging","132","Amyloid-related imaging abnormalities","194","Melamine","189","769"
"123","Stalin's Missed Chance","Here are the key facts from the article about Stalin's Missed Chance: • The book is written by Russian military historian Mikhail Meltyukhov and challenges traditional Western historical narratives about Soviet intentions before World War II. • Meltyukhov argues that both the Soviet Union and Germany were preparing to invade each other in 1941, contrary to the common narrative of a surprise German attack. • The Soviet leadership's primary goal was to become a Great Power again, using Communist ideology to strengthen its position and prevent an alliance of capitalist countries. • During 1939-1940, the USSR annexed several Eastern European territories, believing Germany would weaken the United Kingdom and the capitalist order. • The Soviet General Staff began developing plans to assault Germany as early as October 1939, with at least four different invasion plan versions created by 1941. • A draft Soviet invasion plan from March 11, 1941, specified a potential offensive start date of June 12, suggesting an offensive rather than defensive strategy. • Meltyukhov claims the Red Army had significantly more armaments and combat materials compared to the German army at the time. • The Soviet Union was preparing for potential war since 1939, with increased combat readiness in western boundary districts and economic mobilization.","Russian Sleep Experiment","Stalin's Missed Chance","KTM-5","Uniforms and insignia of the Red Army (1917–1924)","2","KTM-5","208","Russian Sleep Experiment","239","Uniforms and insignia of the Red Army (1917–1924)","128","747"
"124","AquAdvantage salmon","Here are the key facts about AquAdvantage salmon: • AquAdvantage salmon is a genetically engineered Atlantic salmon developed by AquaBounty Technologies in 1989, with a modified growth hormone-regulating gene that allows it to grow year-round • The genetic modification enables the salmon to reach market size in 16-18 months, compared to three years for traditional salmon • It was the first genetically engineered animal approved for human consumption in the United States and Canada • The fish has a unique genetic construct that includes a growth hormone protein coding sequence from Chinook salmon and a promoter sequence from ocean pout • AquAdvantage salmon are triploid (three chromosome sets), which renders them sterile to prevent potential interbreeding with wild salmon populations • The FDA has determined the salmon is as safe to eat as non-genetically engineered salmon, with no significant food safety hazards detected • Precautionary measures include land-based tank cultivation, all-female populations, and strict protocols to prevent potential environmental release • The fish grows faster than traditional salmon without changing its ultimate size or other fundamental qualities • Genome sequencing has shown no unintended off-target effects from the genetic modification","AquAdvantage salmon","Guanosine monophosphate","Limulus amebocyte lysate","Shiga toxin","1","Limulus amebocyte lysate","192","Shiga toxin","157","Guanosine monophosphate","103","52"
"125","Evolutionary medicine","Here are the key facts about Evolutionary Medicine: • Evolutionary medicine applies modern evolutionary theory to understanding health and disease, focusing on why evolution has shaped mechanisms that can make humans susceptible to disease • The field examines how human adaptations work within constraints, make trade-offs, and occur in the context of different forms of competition • Modern humans face health challenges due to significant lifestyle differences from our hunter-gatherer ancestors, including diet, exercise, and hygiene practices • Humans evolved to live in small tribal bands with physically active lifestyles, but contemporary sedentary lifestyles may trigger chronic metabolic and stress-related responses • The 'hygiene hypothesis' suggests that modern cleanliness practices can prevent necessary exposure to microorganisms crucial for proper immune system development • Age-related diseases increase exponentially with aging, with approximately 100,000 people dying daily from age-related causes globally • Evolutionary medicine explores how certain adaptations that were beneficial in our evolutionary past might now contribute to health vulnerabilities • The field is interdisciplinary, involving experts from anthropology, medicine, nursing, and biology, and aims to provide a broader understanding of human health beyond molecular mechanisms • Medical schools have been slow to integrate evolutionary approaches due to curriculum constraints, but interest is growing with the establishment of organizations like the International Society for Evolution, Medicine and Public Health","Cefiderocol","Canavan disease","Evolutionary medicine","Li-Huei Tsai","3","Cefiderocol","168","Canavan disease","224","Li-Huei Tsai","110","466"
"126","Crepidula","• Crepidula, commonly known as slipper snails, slipper limpets, or slipper shells, is a genus of marine gastropod mollusks in the family Calyptraeidae. • The genus is probably the best studied group within the calyptraeids and is commonly used in developmental, ecological, and behavioral research. • Crepidula species are the major focus of research on protandrous sex-change in marine invertebrates, where individuals change from male to female based on environmental factors. • Sex change in Crepidula is environmentally mediated, with timing dependent on association with other individual snails. • Recent taxonomic changes to the genus are based on both DNA sequence data from three genes (COI, 16S and 28S) and anatomical studies through dissections. • Two species, Crepidula fornicata and Crepidula onyx, are well-studied examples of invasive, exotic species in marine habitats. • Calyptraeid taxonomy is challenging due to their simple shells and plastic morphology, often leading to distinct species being incorrectly grouped together. • DNA data and examination of developmental modes are vital for proper species identification, as shell appearance alone can be misleading.","Complement membrane attack complex","List of equipment of the Vietnam People's Air Force","Crepidula","1989 California medfly attack","3","Complement membrane attack complex","204","List of equipment of the Vietnam People's Air Force","172","1989 California medfly attack","147","512"
"127","Vegavis","• Vegavis is an extinct bird genus that lived in Antarctica during the Late Cretaceous period (Maastrichtian stage), representing one of the earliest known crown group birds. • The holotype specimen was discovered in 1993 on Vega Island, Antarctica, but wasn't formally described until 2005 due to the delicate nature of the fossilized remains embedded in rock concretions. • A nearly complete skull specimen discovered in 2011 was officially described in 2025, providing crucial evidence that supported Vegavis's classification within Anseriformes (the group containing ducks, geese, and swans). • CT scanning of a second specimen revealed an intact syrinx (voice box) with asymmetrical features, indicating Vegavis could likely produce honking sounds similar to modern ducks and geese. • The taxonomic position of Vegavis was debated for over 20 years, with some paleontologists questioning its placement within crown group birds until the 2025 skull description confirmed its Anseriformes classification. • Vegavis possessed a high metabolism that enabled it to survive in high-latitude Antarctic environments during the Cretaceous period. • The fossil shows osteosclerosis (bone thickening), a condition that may be related to diving behavior, similar to some modern aquatic birds. • The discovery of Vegavis provides evidence that some modern bird groups (Neornithes) were already present during the Mesozoic Era, before the mass extinction event that ended the age of dinosaurs.","Fluorescent lamps and health","Vegavis","Punycode","Cholera vaccine","2","Punycode","104","Cholera vaccine","214","Fluorescent lamps and health","225","214"
"128","List of mammals displaying homosexual behavior","Here are the key facts from the Wikipedia article: • Homosexual behavior has been documented in approximately 500 animal species as of 1999, ranging from primates to gut worms • Systematic documentation of same-sex sexual behavior in animals was not widely observed until the 1990s, potentially due to social bias and taboos • Homosexual behavior is particularly common among social birds and mammals, especially sea mammals and primates • Animal sexual behavior is complex and diverse, with motivations not yet fully understood by researchers • Modern research defines animal homosexuality broadly, including copulation, genital stimulation, mating games, and sexual display behaviors between same-sex animals • The topic of homosexuality in animals is controversial, with some seeing it as evidence of the 'naturalness' of homosexuality, while others argue against drawing moral conclusions from animal behavior • Researchers like Bruce Bagemihl argue that biological research has been overly focused on finding reproductive explanations for non-heterosexual behaviors • Animal sexual preferences and motivations are primarily inferred through observed behaviors rather than definitive psychological understanding","Hottentotta tamulus","List of mammals displaying homosexual behavior","Warm antibody autoimmune hemolytic anemia","Vegetarian and vegan dog diet","2","Vegetarian and vegan dog diet","230","Warm antibody autoimmune hemolytic anemia","129","Hottentotta tamulus","152","351"
"129","List of reconstructed Dacian words","Here are the key facts from the Wikipedia article about List of reconstructed Dacian words: • The article focuses on reconstructed words from the ancient Dacian language, derived primarily from place and personal names (toponyms and anthroponyms) • Linguists use comparative linguistic methods to decipher ancient Dacian names, comparing them to cognate words in other Indo-European languages • The reconstruction process is highly speculative and subject to multiple interpretations, with no definitive consensus on methodology • Major methodological challenges include: - Inaccurate transcription of Dacian phonemes by Greek and Latin sources - Limited original language materials - Potential misattribution of name origins - Divergent interpretations of etymological evidence • Scholars like Georgiev and Duridanov use comparative methods to break down place names into potential root words, but their approaches are criticized by other linguists • The reconstructions are based on hypothetical connections between Dacian and other Indo-European languages, particularly Baltic and Slavic languages • There is significant debate about whether proposed 'substratum' words in Romanian are actually of Dacian origin or from unknown linguistic sources • The research relies heavily on onomastic evidence (names), with very few actual linguistic artifacts from the Dacian language itself • The entire field of Dacian linguistic reconstruction is considered speculative and not scientifically conclusive by many mainstream historical linguists","Diversity-generating retroelement","2009–10 Segunda División B","Forty Foot","List of reconstructed Dacian words","4","Diversity-generating retroelement","111","2009–10 Segunda División B","103","Forty Foot","112","860"
"130","COVID-19 lockdowns","Here are the key facts about COVID-19 lockdowns: • By April 2020, approximately half of the world's population (3.9 billion people in over 90 countries) was under some form of lockdown • Lockdowns were found to have multiple effects beyond health, including: - Reducing crime and violence - Increasing telecommuting - Reducing airborne pollution - Increasing digital payment system adoption • Research suggests lockdowns are most effective when: - Implemented early - Implemented with high stringency - Not lifted too quickly • Countries like Australia, New Zealand, and Vietnam adopted a 'Zero-COVID' strategy using targeted lockdowns, which helped control virus spread • The effectiveness of lockdowns varied, with some studies indicating: - Voluntary social distancing played a significant role in reducing transmission - Mandatory restrictions had limited additional impact beyond voluntary measures • The emergence of the Delta variant in 2021 reduced the effectiveness of lockdowns compared to earlier pandemic stages • Lockdowns had significant negative consequences, including: - Profound economic impacts - Worsened academic performance for students - Widespread public protests • Comparative studies showed differences in COVID-19 spread between countries with strict lockdowns (like France and Italy) and those with more open approaches (like Sweden)","Hemorrhagic gastroenteritis","Balangeroite","Water fluoridation","COVID-19 lockdowns","4","Hemorrhagic gastroenteritis","154","Water fluoridation","244","Balangeroite","140","150"
"131","Lapis (text editor)","Here are the key facts about Lapis (text editor): • Lapis is an experimental web browser and text editor that allows simultaneous editing of text in multiple selections • It uses a unique 'selection guessing' feature based on concept learning and programming by example, which can automatically infer and select multiple elements to edit based on user-provided examples • The selection process involves feature generation, detecting common features of user-selected items, and creating a generalized concept to apply across the entire text • Lapis includes an outlier detection mechanism that marks low-matching selections in red, allowing users to review automatic algorithmic decisions • The software includes a template vocabulary for editing structured languages like HTML, with a web browser view that enables WYSIWYG multiple editing through automatic HTML tag matching • Lapis is primarily programmed in Java and released under the GNU General Public License version 2 (GPLv2) • The tool is designed to automate repetitive text editing tasks by intelligently selecting and editing multiple text elements simultaneously","Immune system","Hemosiderin","Lapis (text editor)","Neural machine translation","3","Hemosiderin","203","Immune system","187","Neural machine translation","105","176"
"132","B virus","Here are the key facts about B virus: • B virus is a herpesvirus that naturally infects macaque monkeys and is very similar to Herpes simplex virus 1 (HSV-1) • Human infection is extremely rare but potentially fatal, with an approximately 80% mortality rate if left untreated • Transmission to humans occurs through bites, scratches, or mucous membrane exposure to infected macaque monkeys • The virus was first identified in 1932 following the death of William Brebner, a physician bitten by a research monkey • B virus can cause severe encephalitis in humans, potentially resulting in permanent neurological dysfunction or death • Early diagnosis and immediate treatment are crucial for human survival of the infection • Personal protective equipment is essential when working with macaques, especially those known to be virus-positive • The virus has a genome approximately 157 kbp long, with structural similarities to HSV, but lacks a key neurovirulence gene • Only one case of human-to-human transmission has been documented, making direct human spread extremely uncommon • Between 1987 and 2004, improvements in treatment and diagnosis helped reduce the mortality rate of B virus infections","Wheat leaf rust","Ptaquiloside","Exome","B virus","4","Exome","159","Wheat leaf rust","104","Ptaquiloside","115","135"
"133","Timeline of musical events","Based on the provided text, I cannot extract substantive key facts about musical events. The text appears to be a simple index or list of years in music from the 1950s, without providing any specific details about musical events, artists, or developments. The text only lists: • Years from 1950-1959 • References to music in different countries (British and Norwegian) To provide meaningful key facts about musical events during this period, I would need additional context or a more detailed article with specific information about musical developments, notable artists, or significant musical milestones.","Genetic studies on Turkish people","Atypical pneumonia","Timeline of musical events","Loa loa filariasis","3","Genetic studies on Turkish people","181","Atypical pneumonia","205","Loa loa filariasis","241","361"
"134","Lentilactobacillus hilgardii","Here are the key facts about Lentilactobacillus hilgardii: • A bacterial species found in wine, dairy products, and wine musts • Cellular morphology consists of rod-shaped bacteria (0.5–0.8 micrometres) that can form single short chains and long filamentous structures • Gram-positive bacteria that creates lactic acid, ethanol/acetic acid, and carbon dioxide during fermentation • Plays a significant role in wine fermentation, particularly in high-alcohol dessert wines and malolactic fermentations • Highly tolerant to acids, pH, and ethanol (up to 20 vol%), but sensitive to sulfur dioxide (SO2) • Can potentially produce biogenic amines or histamine, which may pose health risks • Grows best at temperatures between 30–35°C, but can survive at temperatures as low as 15°C • Easily hybridizes with Levilactobacillus brevis, which previously complicated its taxonomic classification • Requires specific growth media like malt agar and Elliker broth, often needing yeast extract to ferment properly","Immunotransplant","Malonyl-CoA","Lentilactobacillus hilgardii","List of medical mnemonics","3","Malonyl-CoA","196","Immunotransplant","109","List of medical mnemonics","146","131"
"135","Reverse transcription polymerase chain reaction","• RT-PCR is a laboratory technique that combines reverse transcription of RNA into complementary DNA (cDNA) and PCR amplification to measure specific RNA amounts. • The technique was developed after PCR was invented by Kary Mullis in 1983 and has since displaced Northern blot as the preferred method for RNA detection and quantification. • RT-PCR offers significant advantages over previous methods: it doesn't require post-PCR processing, can measure a wide range (>10⁷-fold) of RNA abundance, and provides both qualitative and quantitative data. • The process involves two main steps: first converting RNA template into cDNA using reverse transcriptase, then using the cDNA as a template for exponential amplification through PCR. • RT-PCR can be performed as either one-step (all reactions in a single tube) or two-step (reverse transcription and PCR in separate tubes) procedures, each with distinct advantages and disadvantages. • Real-time RT-PCR (qRT-PCR) monitors amplification using fluorescence and has become the gold standard for validating quantitative gene expression results, especially for large-scale analyses. • The technique has widespread applications ranging from simple tasks like quantifying yeast cells in wine to complex diagnostic uses for detecting infectious agents like avian flu and SARS-CoV-2. • Nomenclature can be confusing as RT-PCR acronyms are sometimes used interchangeably to refer to both reverse transcription PCR and real-time PCR, requiring careful attention to context.","Strike Hard Campaign Against Violent Terrorism","List of Romanian words of possible pre-Roman origin","Reverse transcription polymerase chain reaction","List of encyclopedias by language","3","List of Romanian words of possible pre-Roman origin","233","Strike Hard Campaign Against Violent Terrorism","154","List of encyclopedias by language","213","218"
"136","Shigatoxigenic and verotoxigenic Escherichia coli","Here are the key facts about Shigatoxigenic and Verotoxigenic Escherichia coli (STEC/VTEC): • STEC/VTEC are strains of E. coli that produce Shiga toxin, with only a minority causing illness in humans • The most dangerous strains are known as enterohemorrhagic E. coli (EHEC), which can cause gastroenteritis, bloody diarrhea, and potentially fatal hemolytic-uremic syndrome (HUS) • Cattle are a primary natural reservoir for EHEC, with colonized adult ruminants remaining asymptomatic • The most well-known strain is O157:H7, but non-O157 strains cause an estimated 36,000 illnesses annually in the United States • Infections are most common in children under five, typically acquired through uncooked beef, unpasteurized milk, and juice • EHEC can trigger HUS in 10% of cases, which involves acute renal failure, hemolytic anemia, and low platelet count • Antibiotics are generally not recommended and can potentially increase toxin production, especially those interfering with DNA synthesis • The bacteria attach to intestinal epithelial cells using a type III secretion system, allowing intimate contact with host cells • Infections are more common in warmer months and can be initiated by as few as 100 bacterial cells","Cobalt poisoning","Calgary–Cambridge model","Shigatoxigenic and verotoxigenic Escherichia coli","Prototype-based programming","3","Prototype-based programming","154","Calgary–Cambridge model","158","Cobalt poisoning","188","548"
"137","Tachyphylaxis","Here are the key facts about Tachyphylaxis: • Tachyphylaxis is a medical term describing a rapid, acute decrease in response to a drug after its administration, essentially a short-term drug tolerance • The phenomenon is characterized by 'rate sensitivity', where a high-intensity or often-repeated stimulus leads to a diminished biological response • Examples of substances prone to tachyphylaxis include: - Psychedelics like LSD - Opioids - Beta-2 agonists (used in asthma treatment) - Nicotine - Methylphenidate • In opioid use, tachyphylaxis can develop rapidly, usually starting two days after therapy resumption and leveling off by day 7 • For beta-2 agonists, genetic polymorphisms can influence the rate and extent of tachyphylaxis, with certain genetic variations leading to faster receptor downregulation • Nasal decongestants like oxymetazoline can cause tachyphylaxis when used for more than three days, leading to rebound congestion due to receptor desensitization • Increasing the drug dose can often restore the original physiological response in cases of tachyphylaxis • The molecular mechanism involves complex interactions between stimulus molecules and receptor/enzyme systems, with activation and deactivation rates playing a crucial role","Muscarinic acetylcholine receptor M2","Tachyphylaxis","Orange oil","TRPA1","2","Muscarinic acetylcholine receptor M2","170","Orange oil","102","TRPA1","224","729"
"138","Reston virus","Here are the key facts about Reston virus: • Reston virus (RESTV) is one of six known viruses within the Ebolavirus genus, first described in 1990 • It is unique among ebolaviruses for being non-pathogenic to humans, though it can cause asymptomatic infections • The virus was first discovered in crab-eating macaques imported to a research facility in Reston, Virginia, and is named after that location • During the initial outbreak, over a third of the imported monkeys died, but six human animal handlers who were exposed remained asymptomatic • Despite being classified as a level-4 organism, Reston virus does not cause disease in humans, though it is hazardous to monkeys • The virus was likely contracted by monkeys while in transit from the Philippines, with shipments tracked to multiple locations including New York, Texas, and Mexico City • A CDC experiment showed that while Ebola virus was lethal to nearly all monkeys, most monkeys infected with Reston virus recovered within a month • The determinants for Reston virus's lack of human pathogenicity remain unknown, despite ongoing research • The original research facility where the virus was discovered was demolished in 1995","Respiratory epithelium","Reston virus","Acute liver failure","Post-encephalitic parkinsonism","2","Post-encephalitic parkinsonism","110","Acute liver failure","122","Respiratory epithelium","140","94"
"139","Feline infectious peritonitis","Here are the key facts about Feline Infectious Peritonitis (FIP): • FIP is a complex immune response in cats caused by a mutation of the feline coronavirus (FCoV), typically originating in the gastrointestinal tract • There are two main forms of FIP: effusive (wet) and non-effusive (dry), with the effusive form being more common (60-70% of cases) and progressing more rapidly • Effusive FIP is characterized by fluid accumulation in the abdomen or chest, while non-effusive FIP can cause neurological and ocular symptoms like vision loss and difficulty walking • FCoV is highly transmissible among cats, spreading through shared litter boxes, saliva, grooming, and direct contact, but FIP itself is not directly transmitted between cats • Diagnosis of effusive FIP is relatively straightforward using viral RNA detection, while non-effusive FIP is more challenging to diagnose due to varied and vague clinical signs • Recent experimental treatments like GS-441524 have shown promising results, with recovery rates over 80% in some studies, and the drug became commercially available in the U.S. in 2024 • The pathogenesis of FIP involves viral mutations that allow the virus to enter and replicate more successfully in monocytes, but many aspects of virus-host interactions remain uncertain • Both forms of FIP are fatal, with common symptoms including lack of appetite, fever, weight loss, jaundice, and diarrhea","Feline infectious peritonitis","Aspergillus oryzae","Solid-state nuclear magnetic resonance","Hashimoto's encephalopathy","1","Solid-state nuclear magnetic resonance","244","Hashimoto's encephalopathy","162","Aspergillus oryzae","158","309"
"140","Leland H. Hartwell","Here are the key facts about Leland H. Hartwell: • Nobel Prize winner in 2001 (Physiology or Medicine), sharing the award with Paul Nurse and Tim Hunt for discoveries about protein molecules controlling cell division • Pioneering researcher who identified cell division cycle (CDC) genes in baker's yeast, which regulate cell cycle and are linked to cancer • Received his PhD in biology from MIT in 1964 and worked as a professor at University of California, Irvine and University of Washington • Served as president and director of Fred Hutchinson Cancer Research Center from 1997 to 2010 • Introduced the concept of cell cycle 'checkpoints' that delay cell division when cellular damage occurs • Became a member of the National Academy of Sciences in 1987 • Received multiple prestigious awards, including the Albert Lasker Award for Basic Medical Research (1998) and the Louisa Gross Horwitz Prize (1995) • Currently serves as the Virginia G. Piper Chair of Personalized Medicine at Arizona State University • Chairman of the Scientific Advisory Board at the Canary Foundation, which focuses on early cancer detection technologies","Pharmacokinetics","Leland H. Hartwell","Smoke inhalation","DNA methylation","2","Smoke inhalation","201","DNA methylation","124","Pharmacokinetics","179","601"
"141","Alcohol tolerance","Here are the key facts about alcohol tolerance: • Alcohol tolerance is the body's reduced sensitivity to the effects of alcohol, requiring higher quantities to achieve the same level of intoxication • Regular drinking can increase alcohol tolerance, with studies showing that 2-3 weeks of daily alcohol consumption can develop tolerance • Body size significantly impacts alcohol tolerance, with larger-bodied individuals requiring more alcohol to reach intoxication • Alcohol tolerance is closely linked to the activity of alcohol dehydrogenase enzymes in the liver and bloodstream, which break down alcohol • Approximately 1 in 20 people experience an alcohol flush reaction, which can actually reduce the risk of excessive drinking • Alcohol tolerance varies among ethnic groups, with genetic differences in alcohol metabolism playing a significant role • Native Americans have the highest probability of developing an alcohol use disorder compared to Europeans and Asians • Chronic heavy alcohol consumption can lead to 'reverse tolerance', where liver damage causes faster and more intense intoxication from smaller amounts of alcohol • Factors influencing alcohol tolerance include genetics, body mass, enzyme levels, diet, and cultural consumption patterns","Myosin head","Markov random field","Artificial turf–cancer hypothesis","Alcohol tolerance","4","Markov random field","204","Myosin head","231","Artificial turf–cancer hypothesis","246","723"
"142","Alternative complement pathway","Here are the key facts about the Alternative Complement Pathway: • The alternative complement pathway is a component of the innate immune system that helps defend against infections by targeting and destroying pathogens • It is one of three complement pathways that can opsonize (mark) and kill microbes, triggered by direct binding of C3b protein to a microbe or foreign material • The pathway involves a complex signaling cascade that generates C3-convertase, an enzyme that can cleave multiple C3 proteins into C3a and C3b fragments • The pathway ultimately leads to the formation of a membrane attack complex (MAC) that can destroy targeted pathogens by creating holes in their cell membranes • The process is regulated by specific proteins to prevent complement activation on host cells, which could cause unintended damage to healthy tissues • Dysregulation of the alternative complement pathway has been linked to several medical conditions, including: - Atypical hemolytic uremic syndrome - Age-related macular degeneration - Certain renal disorders like C3 glomerulopathy • The pathway becomes stabilized when properdin (a serum protein) binds to the initial complement complex, creating a more persistent activation mechanism","Photoinitiator","Gmelina arborea","Isotopes of oxygen","Alternative complement pathway","4","Isotopes of oxygen","110","Gmelina arborea","140","Photoinitiator","131","855"
"143","Cloned enzyme donor immunoassay","Here are the key facts about Cloned Enzyme Donor Immunoassay (CEDIA): • CEDIA is a competitive homogenous enzyme immunoassay that uses two inactive enzyme fragments which can spontaneously reassemble into an active enzyme • One enzyme fragment is attached to an analyte of interest, creating an enzyme-fragment-analyte conjugate • The conjugate can reassemble with the other enzyme fragment to form an active enzyme, unless the analyte is bound to an antibody • The assay works by creating competition between the sample's analyte and the enzyme-fragment-analyte conjugate for antibody binding • When analyte concentration is high, more enzyme-fragment-analyte conjugates remain free to form active enzymes, resulting in high enzyme activity • When analyte concentration is low, fewer enzyme-fragment-analyte conjugates remain free, resulting in lower enzyme activity • The enzyme activity can be measured to quantitatively determine the concentration of the analyte in a sample • The method requires adding the sample, enzyme-fragment-analyte conjugate, enzyme fragment, antibody, and enzyme substrate to perform the assay","Vasopressin receptor","Continuous Media Markup Language","Cloned enzyme donor immunoassay","Bayesian multivariate linear regression","3","Vasopressin receptor","130","Continuous Media Markup Language","181","Bayesian multivariate linear regression","210","552"
"144","Clanga (bird)","Here are the key facts about the Clanga genus: • Clanga is a genus of birds specifically containing spotted eagles • The genus name derives from the Ancient Greek word 'klangos', meaning 'eagle' • First described in 1854 by Polish naturalist Adam Ferdynand Adamowicz • The type species is Falco maculatus, which is now known as Aquila clanga (greater spotted eagle) • A 2024 molecular phylogenetic study found that Clanga is closely related to the genus Ictinaetus (black eagle genus) • The genus contains three distinct species of spotted eagles • The genus classification follows the International Code of Zoological Nomenclature standards","Clanga (bird)","Meridiolestida","Google Hummingbird","Hemoglobin subunit beta","1","Hemoglobin subunit beta","135","Google Hummingbird","152","Meridiolestida","140","331"
"145","Bidirectional text","• Bidirectional text contains both right-to-left (RTL) and left-to-right (LTR) text directionalities, typically involving different types of alphabets mixed together. • Many early computer programs failed to display bidirectional text correctly because they were designed to handle only one text direction. • Scripts like Arabic and Persian are primarily right-to-left but embed left-to-right elements for mathematical expressions, numbers, dates, and foreign language text. • Bidirectional script support (often shortened to 'BiDi' or 'bidi') is the capability of computer systems to correctly display mixed-direction text. • The Unicode standard provides the foundation for complete bidirectional support with detailed rules for encoding and displaying mixed left-to-right and right-to-left scripts. • Unicode orders characters 'logically' (in intended interpretation sequence) rather than 'visually' (as they appear), requiring an algorithm to convert logical sequence to correct visual presentation. • Unicode divides characters into four types for bidirectional processing: 'strong' (definite direction), 'weak' (vague direction), 'neutral' (context-dependent direction), and 'explicit formatting' (special control characters). • Explicit formatting characters include 'marks,' 'embeddings,' 'isolates,' and 'overrides' that direct the algorithm to modify its default behavior for proper text display. • As of Unicode 6.3, 'isolate' formatting characters are encouraged over 'embedding' characters because embeddings have too strong an effect on surrounding text and are difficult to use.","Hypothetical types of biochemistry","Bidirectional text","Netstat","List of English–Spanish interlingual homographs","2","Hypothetical types of biochemistry","174","Netstat","187","List of English–Spanish interlingual homographs","194","769"
"146","Radius of curvature","• **Radius of curvature is the reciprocal of curvature** - In differential geometry, the radius of curvature (R) equals 1/κ, where κ is the curvature of the curve or surface. • **Represents the best-fitting circular approximation** - For curves, the radius of curvature equals the radius of the circular arc that best approximates the curve at a given point. • **For plane curves, it relates arc length to tangential angle** - The radius of curvature is defined as R = |ds/dφ|, where s is arc length and φ is the tangential angle. • **Cartesian formula involves first and second derivatives** - For a curve y(x), the radius of curvature is R = |(1 + y'²)^(3/2) / y''|, requiring the curve to be differentiable up to second order. • **Parametric curves use velocity and acceleration components** - For parametric curves x(t) and y(t), the formula involves first derivatives (ẋ, ẏ) and second derivatives (ẍ, ÿ) of both coordinate functions. • **Space curves use the length of the curvature vector** - For three-dimensional space curves, the radius of curvature is calculated as the length of the curvature vector. • **Applies to surfaces through normal sections** - For surfaces, the radius of curvature is determined by circles that best fit normal sections or combinations of such sections.","Radius of curvature","Rabha Hasong Autonomous Council","File URI scheme","Mitochondrial Eve","1","Mitochondrial Eve","138","File URI scheme","131","Rabha Hasong Autonomous Council","141","848"
"147","Actinomyces","• Actinomyces is a genus of Gram-positive, facultatively anaerobic bacteria that grow best under anaerobic conditions and form fungus-like branched colonies, leading to their name meaning 'ray fungus.' • These bacteria are ubiquitous in nature, found in soil and as part of normal microbiota in humans and animals, including skin, oral, gut, and vaginal flora. • Actinomyces species play an important ecological role by producing enzymes that degrade organic plant material, lignin, and chitin, making them crucial for compost formation. • They are opportunistic pathogens that typically cause infections when they gain access to the body's interior through wounds, with immunocompromised individuals at higher risk. • Actinomycosis is a rare disease caused by these bacteria (most commonly A. israelii) that forms abscesses in the mouth, lungs, or gastrointestinal tract and requires long-term antibiotic treatment. • The most common form is oral-cervicofacial disease characterized by painless 'lumpy jaw,' while other forms include thoracic and abdominal disease with symptoms like chest pain, fever, and weight loss. • Pelvic actinomycosis is a rare but proven complication associated with intrauterine device use, requiring device removal and antibiotic treatment. • These bacteria are fastidious and difficult to culture in laboratory settings, making diagnosis challenging as negative culture results don't rule out infection. • Treatment typically involves long-term antibiotic therapy with penicillin or amoxicillin for 5-12 months, plus surgery in extensive cases.","Lucilia bufonivora","Brain–body mass ratio","Uranyl peroxide","Actinomyces","4","Brain–body mass ratio","235","Lucilia bufonivora","192","Uranyl peroxide","168","433"
"148","DESeq2","Here are the key facts about DESeq2: • DESeq2 is a statistical software package for R designed to analyze RNA sequencing (RNA-seq) data and identify differentially expressed genes • First introduced in 2014, the tool has been cited over 30,000 times as of September 2023, indicating its widespread adoption in genomics research • Uses 'size factor' normalization to adjust for differences in sequencing depth between samples, ensuring accurate comparison of gene expression across experiments • Employs negative binomial distribution models to account for over-dispersion in RNA-seq data, providing more reliable estimates of gene expression variation • Includes an adaptive shrinkage procedure (apeglm method) that helps stabilize gene expression estimates, particularly useful when working with small sample sizes • Allows researchers to incorporate covariates into analyses, enabling accounting for potential confounding factors like batch effects or experimental conditions • Available through the Bioconductor repository, which provides comprehensive documentation and tutorials for researchers • Performs variance-stabilizing transformation to enhance data quality and minimize bias in differential expression analysis","DNA computing","Deformed wing virus","DESeq2","Controversies in autism","3","DNA computing","212","Controversies in autism","172","Deformed wing virus","218","17"
"149","Dysphoric milk ejection reflex","Here are the key facts about Dysphoric Milk Ejection Reflex (D-MER): • D-MER is a condition where breastfeeding women experience negative emotions that begin just before milk let-down and last less than a few minutes • The condition is physiological, not psychological, and is distinct from postpartum depression or breastfeeding aversion response • Emotional symptoms can range from depression to anxiety to anger, and may be accompanied by physical sensations like nausea or stomach discomfort • The first documented reference to this condition was in an online forum in June 2004, and the term 'D-MER' was coined by Alia Macrina Heise in 2007 • A 2019 study reported a prevalence rate of 9.1% among breastfeeding women • There is currently no medically approved treatment for D-MER, though raising dopamine levels and maintaining a healthy diet may help • Many women report that understanding the condition and knowing they are not alone helps reduce its emotional impact • The condition can occur with every milk release or only during initial feeding, and may vary in intensity for different women • Healthcare providers and mental health professionals often have limited knowledge about D-MER, making patient education crucial","Dysphoric milk ejection reflex","Pain ladder","Kampo list","Migraine","1","Pain ladder","157","Migraine","154","Kampo list","218","692"
"150","Cucurbitacin E","• Cucurbitacins are biochemical compounds produced by plants (notably pumpkin and gourd family members) that function as a defense mechanism against herbivores. • These compounds are found across many plant families beyond Cucurbitaceae, including some mushrooms and marine mollusks, demonstrating their widespread occurrence in nature. • Cucurbitacins are chemically classified as triterpenes, formally derived from cucurbitane, and often occur as glycosides with most being tetracyclic structures. • In laboratory research, cucurbitacins exhibit cytotoxic properties and are being studied for their potential biological activity. • Cucurbitacin E (α-Elaterin) is found in roots of Wilbrandia ebracteata and acts as a strong antifeedant for flea beetles while also inhibiting cell adhesion. • The biosynthesis pathway for cucurbitacin C has been mapped, involving nine cucumber genes and regulated by transcription factors Bl (Bitter leaf) and Bt (Bitter fruit). • Cucurbitacins may serve as taste deterrents in both wild plants foraged by animals and in human food crops like cucumbers and zucchinis. • The bitterness in cultivated cucumber fruit is controlled by specific genes, with the bt allele (selected during domestication) conferring non-bitterness to modern cucumber varieties.","Coffee filter","Cucurbitacin E","Length constant","Diad","2","Coffee filter","215","Length constant","202","Diad","165","358"
"151","Bismuth subcitrate/metronidazole/tetracycline","Here are the key facts about Bismuth subcitrate/metronidazole/tetracycline: • Bismuth subcitrate potassium is a bismuth salt used in combination with antibiotics to treat Helicobacter pylori infections • The fixed-dose combination is sold under the trade name Pylera, which includes metronidazole and tetracycline • The mechanism of action involves multiple potential effects on bacteria, including: - Disrupting bacterial cell membrane - Interfering with protein and cell wall synthesis - Inhibiting enzyme function - Impairing bacterial adhesion to gastric epithelium • When administered orally, most of the dose remains in the stomach and is not absorbed, with only a small portion entering systemic circulation • A harmless and reversible side effect is the darkening of tongue and stool due to bismuth sulfite formation • Serum concentration of bismuth peaks at 20-30 minutes after administration, reaching 16-80 ng/mL • Co-administration with proton pump inhibitors or H2-antagonists can increase bismuth serum and tissue concentrations • The chemical composition contains approximately 25.6% bismuth and 22.9% potassium • Potential future research directions include exploring broader antimicrobial, antiviral, and antileishmanial applications","Metabiota","Mesembryanthemum tortuosum","Pharyngeal reflex","Bismuth subcitrate/metronidazole/tetracycline","4","Pharyngeal reflex","108","Mesembryanthemum tortuosum","210","Metabiota","130","639"
"152","Robert Lanza","Here are the key facts about Robert Lanza: • Born on February 11, 1956, in Boston, Massachusetts, Lanza is an American medical doctor and scientist currently serving as Head of Astellas Global Regenerative Medicine • Mentored by notable scientists including Jonas Salk and B.F. Skinner, he received his BA and MD from the University of Pennsylvania and was a Fulbright Scholar • A pioneering stem cell researcher, Lanza was part of the team that: - Cloned the first early-stage human embryos - Successfully generated stem cells from adults - Cloned endangered species like the Gaur and Banteng • Made significant advances in regenerative medicine, including: - Generating functional red blood cells from stem cells - Developing cells that could repair vascular damage in animals - Creating retinal cells that could potentially restore vision • In 2001, he led an initiative signed by 80 Nobel laureates urging President Bush to support stem cell research funding • Developed the controversial 'biocentrism' theory, which proposes that biology is central to understanding the universe, outlined in his 2009 book co-written with Bob Berman • Received mixed academic reception for his biocentrism concept, with some praising its philosophical approach and others criticizing its scientific rigor","Robert Lanza","Planum temporale","Acrylamide","Brain metastasis","1","Acrylamide","215","Planum temporale","229","Brain metastasis","142","631"
"153","DNS-based Authentication of Named Entities","Here are the key facts about DNS-based Authentication of Named Entities (DANE): • DANE is an Internet security protocol that allows X.509 digital certificates to be bound to domain names using DNSSEC • The primary purpose is to authenticate TLS client and server entities without relying solely on certificate authorities (CAs) • DANE addresses security vulnerabilities in the traditional CA model, where any breached CA could potentially issue fraudulent certificates for any domain • The protocol requires DNSSEC to provide security, allowing domain administrators to specify which CAs can issue certificates for their domain • DANE enables more secure email encryption by providing a mechanism for verified, encrypted SMTP transfer • The protocol uses TLSA (Transport Layer Security Authentication) Resource Records with four key data fields to specify certificate validation rules • Currently, browser support is limited - Google Chrome and Mozilla Firefox do not natively support DANE • DANE can be used with various protocols including email (SMTP), OpenPGP, and S/MIME • The protocol is defined in multiple RFCs, including RFC 6698 (original specification), RFC 7671 (deployment guidance), and RFC 7672 (SMTP usage)","Leroy Hood","Fabaceae","DNS-based Authentication of Named Entities","Chloronitramide anion","3","Leroy Hood","169","Chloronitramide anion","163","Fabaceae","126","359"
"154","List of mineral symbols","• Mineral symbols are text abbreviations used to represent mineral groups, subgroups, and species, similar to how chemical elements use lettered symbols. • The first commonly used mineral symbol system was published in 1983, featuring 192 two- or three-letter symbols for common rock-forming minerals, known as Kretz symbols. • A comprehensive list of over 5,700 IMA-CNMNC approved symbols (called IMA symbols) was compiled by L.N. Warr and published in the Mineralogical Magazine in 2021. • Mineral symbols are most commonly three letters long, though one-, two-, and four-letter symbols also exist. • Four main methods are used to create mineral symbols: initial letters of the name, characteristic letter combinations, selected letters from name components, and abbreviated forms when prefixes are present. • The symbol system is compatible with chemical element symbols, with 30 chemical elements occurring naturally as minerals. • New minerals approved by the International Mineralogical Association (IMA-CNMNC) receive unique symbols that are consistent with the existing system and announced in IMA-CNMNC newsletters. • A 'mineral symbol picker' tool is available to check symbol availability before submitting new proposals for approval.","Freshwater crocodile","List of mineral symbols","Zearalenone","Complement (linguistics)","2","Zearalenone","115","Complement (linguistics)","128","Freshwater crocodile","118","859"
"155","Møller scattering","Here are the key facts about Møller scattering: • Møller scattering is a quantum field theory process describing electron-electron scattering, named after Danish physicist Christian Møller • The process can be represented by the quantum notation: e⁻ e⁻ → e⁻ e⁻, showing electrons interacting and changing direction • In quantum electrodynamics (QED), the scattering is described by two primary Feynman diagrams involving photon exchange between electrons • In electroweak theory, the process involves four tree-level diagrams: two QED diagrams and two involving Z boson exchange • The weak force interaction introduces a parity-violating asymmetry in the scattering, first noted by Yakov Zel'dovich in 1959 • The parity-violating asymmetry can be experimentally measured using a polarized electron beam through an unpolarized electron target • The scattering process is fundamental to understanding electron interactions, such as electron repulsion in helium atoms • While historically important for electron-electron colliders, the technique has been largely superseded by electron-positron colliders • The scattering involves complex mathematical calculations incorporating factors like electron mass, energy, Fermi's constant, and the weak mixing angle","Trichonephila clavipes","Aminoglutethimide","Lichtenstein Cave","Møller scattering","4","Lichtenstein Cave","197","Trichonephila clavipes","161","Aminoglutethimide","167","529"
"156","Paleolithic dog","Here are the key facts about Paleolithic dogs: • Purported remains of Paleolithic dogs have been found at archaeological sites across Europe, dating back over 30,000 years ago • The Paleolithic dog was smaller than Pleistocene wolves, with a mean body mass of 36-37 kg compared to wolves' 42-44 kg • Early signs of domestication included skull morphology changes, such as a shorter snout, reduced tooth size, and fewer teeth, which were linked to reduced aggression • Dietary evidence suggests these proto-dogs ate different foods from wolves, primarily consuming reindeer and muskox, and potentially eating food scraps in human camps • Archaeological specimens have been found in multiple locations, including sites in Germany, Belgium, Czech Republic, and Russia, dating between 40,000-17,000 years before present • The taxonomy of these early canine specimens is highly controversial, with debate about whether they represent true domesticated dogs or an extinct wolf population • Morphologically, Paleolithic dogs had wider snouts, more massive jaws, and skull characteristics most similar to modern Central Asian Shepherd Dogs • By 15,000-13,500 years ago, specimens from Spain, France, and Germany have been more confidently identified as domesticated dogs • The classification of these early canines remains uncertain, with researchers using terms like 'Canis cf. familiaris' to reflect the ongoing scientific uncertainty","List of Quercus species","Metabotropic glutamate receptor","Hemoglobin","Paleolithic dog","4","List of Quercus species","214","Hemoglobin","194","Metabotropic glutamate receptor","117","366"
"157","Lingual gyrus","• The lingual gyrus, also known as the medial occipitotemporal gyrus, is a brain structure primarily involved in visual processing, particularly related to letter recognition and visual memory encoding. • Located in the occipital lobe between the calcarine sulcus and posterior collateral sulcus, extending from the occipital pole to connect with the parahippocampal gyrus on the temporal lobe. • Despite its name (derived from its tongue-like shape), the lingual gyrus has little involvement in speech functions. • Plays a crucial role in visual memory - damage to this region through stroke or brain injury can cause visual memory dysfunction and visuo-limbic disconnection. • Hypermetabolism of the lingual gyrus is associated with visual snow syndrome, a neurological condition affecting vision. • Activates during encoding and recall of complex images, with the left lingual gyrus specifically involved in memorizing and maintaining human faces in working memory. • Functions in word processing by identifying and recognizing letters and words, showing increased activation when processing high-contrast words and correlating with word length. • Involved in semantic processing and logical reasoning - shows activation when people analyze logical sequences of events or attribute intentions to characters in visual scenarios. • Connected to emotional processing through links with the amygdala, showing increased activation when processing high-emotion words or images compared to neutral stimuli.","Herbal","Lingual gyrus","Γ-Hydroxybutyric acid","Ciguatera fish poisoning","2","Γ-Hydroxybutyric acid","114","Ciguatera fish poisoning","183","Herbal","163","319"
"158","Alstom Metropolis C751A","Here are the key facts about the Alstom Metropolis C751A: • First generation of communications-based train control (CBTC) electric multiple unit trains in Singapore's Mass Rapid Transit system, operational since 2003 • 25 trainsets were purchased for the North East Line, with each train consisting of six cars • Unique power system drawing 1,500 V DC from overhead catenary, unlike other MRT lines • First fully driverless rolling stock in Singapore, using URBALIS 300 Automatic Train Control system • Distinctive exterior design with white and black colors, featuring red and purple stripes • Interior features uniform beige and purple-blue seat colors, with indigo floor and beige/cream body panels • Equipped with Visual Passenger Information System (VPIS) displaying station names and other travel information • Undergoing mid-life refurbishment from 2019-2026, with a contract worth $116.7 million awarded to CRRC Nanjing Puzhen • Refurbishment includes interior replacements, new Dynamic Route Map Displays, and upgraded air-conditioning systems • Train identification uses a specific five-digit numbering system, with car numbers ranging from 7x001 to 7x050","Pele (volcano)","Alstom Metropolis C751A","List of Southwest Conference champions","Octant (solid geometry)","2","Pele (volcano)","183","List of Southwest Conference champions","247","Octant (solid geometry)","237","250"
"159","Rabies in animals","Here are the key facts about Rabies in animals: • Rabies is a viral zoonotic disease that primarily infects mammals, causing brain inflammation and is usually fatal • The virus causes behavioral changes in infected animals, including irrational aggression, increased saliva production, and potential 'foaming at the mouth' • Transmission occurs primarily through biting, with the virus concentrated in the salivary glands • The disease progresses through three stages: prodromal, excitative (furious), and paralytic (dumb) stages • Dogs are the main source of human rabies deaths, contributing up to 99% of all transmissions to humans • In 2010, an estimated 26,000 people died from rabies, down from 54,000 in 1990 • Bats are a significant reservoir of rabies, with some species capable of transmitting cryptic (less detectable) forms of the virus • In the United States, domestic cats are the most commonly reported rabid animal, with 200-300 cases reported annually • The incubation period can vary from weeks to years, depending on factors like viral strain and transmission route • Rabies can be prevented through vaccination in both animals and humans","Gu (poison)","Rabies in animals","Murinae","Pathogenic Escherichia coli","2","Murinae","226","Gu (poison)","192","Pathogenic Escherichia coli","187","7"
"160","Entourage effect","• The entourage effect is a hypothesis that cannabis compounds other than THC and CBD work synergistically with cannabinoids to modulate the plant's overall psychoactive effects. • The term 'entourage effect' was first introduced in 1999 and originally described endocannabinoid regulation, but has evolved to refer to the combined effects of multiple cannabis compounds working together. • Terpenes are among the key compounds theorized to contribute to the entourage effect, with research showing that CBD combined with terpene blends had significantly greater behavioral impact in mice than either substance alone. • Cannabis indica strains typically have higher THC-to-CBD ratios compared to Cannabis sativa strains, and different terpene profiles (indica associated with myrcene and elemene, sativa with farnesene and bergamotene). • A 2022 study found that plants labeled as 'indica' or 'sativa' based on physical characteristics are not actually chemically distinguishable, making these labels unreliable for predicting cannabinoid content. • The hypothesis has been extended beyond cannabis to psilocybin mushrooms, where compounds other than psilocybin are theorized to contribute to the mushrooms' overall effects. • A 2020 research review found no entourage effect in most studies and concluded the term is largely unfounded and used primarily for marketing purposes, with some reports suggesting possible increased adverse effects.","Biodiversity of New Caledonia","Food addiction","Entourage effect","Data and information visualization","3","Food addiction","226","Data and information visualization","203","Biodiversity of New Caledonia","133","717"
"161","Defensin","Here are the key facts about Defensins: • Defensins are small, cysteine-rich proteins found across cellular life, including animals, plants, and fungi, serving as host defense peptides • They typically range from 18-45 amino acids in length and have three or four highly conserved disulphide bonds, creating a compact and stable protein structure • Defensins have multiple functions, including direct antimicrobial activity against bacteria, fungi, and viruses, as well as immune signaling capabilities • They are produced by different cell types, including innate immune system cells, epithelial cells, and various tissues in plants and fungi • Defensins are divided into two main superfamilies: 'trans'-defensins (found in vertebrates and some invertebrates) and 'cis'-defensins (found in invertebrates, plants, and fungi) • In humans, only alpha and beta-defensins are expressed, with the theta-defensin genes containing a premature stop codon that prevents their natural expression • Some defensins have been evolutionarily adapted into toxins in animal venoms, acting through mechanisms like disrupting nerve signals or binding to ion channels • In human breast milk and marsupial milk, defensins play a crucial role in providing immune protection to newborns • Beyond antimicrobial activities, some defensins are involved in immune system signaling and can function as enzyme inhibitors","Defensin","Cloud robotics","Leukodystrophy","N-Methylformamide","1","Cloud robotics","189","Leukodystrophy","167","N-Methylformamide","224","279"
"162","Deletion (genetics)","Here are the key facts about Deletion (genetics): • A deletion is a genetic mutation where a part of a chromosome or DNA sequence is lost during DNA replication, ranging from a single base to an entire chromosome segment. • Deletions can be caused by various factors including heat, viruses, radiation, chemical reactions, and errors during chromosomal crossover in meiosis. • Deletions that do not occur in multiples of three bases can cause a frameshift mutation, potentially producing a severely altered or nonfunctional protein. • Deletions are responsible for numerous genetic disorders, including: - Male infertility - Two-thirds of Duchenne muscular dystrophy cases - Two-thirds of cystic fibrosis cases - Cri du chat syndrome - Spinal muscular atrophy - Angelman Syndrome - Prader-Willi Syndrome - DiGeorge Syndrome • Micro-deletions are typically found in children with physical abnormalities, and large deletions can result in miscarriage. • Modern detection techniques like microarray-comparative genomic hybridization (CGH) can detect chromosomal deletions as small as 5-20 kb in length. • Some deletions of highly conserved genetic sequences may be responsible for evolutionary differences between closely related species, such as variations between humans and chimpanzees.","Deletion (genetics)","Bioprospecting","Human flea","Tyramine","1","Tyramine","166","Human flea","197","Bioprospecting","110","293"
"163","Plasmacytoid dendritic cell","Here are the key facts about Plasmacytoid Dendritic Cells based on the provided article: • Dendritic cells are antigen-presenting cells that act as messengers between the innate and adaptive immune systems • They are found in tissues that contact external environments like skin, nose, lungs, stomach, and intestines, and can also circulate in blood • There are multiple types of dendritic cells, including conventional (myeloid) and plasmacytoid dendritic cells, which originate from different hematopoietic precursors • In blood, plasmacytoid dendritic cells are identified by the CD303+ marker and are known for producing IFN-alpha • Dendritic cells develop from bone marrow progenitor cells, starting as immature cells with high endocytic activity and low T-cell activation potential • Immature dendritic cells constantly sample their environment for pathogens using pattern recognition receptors like toll-like receptors (TLRs) • Upon encountering an antigen, dendritic cells mature, migrate to lymph nodes, and become highly effective at activating T-cells by presenting antigen fragments and providing co-stimulatory signals • Dendritic cells can activate both memory and naive T-cells and are considered the most potent antigen-presenting cells • The term 'dendritic cell' was coined in 1973 by Ralph M. Steinman, who later won the Nobel Prize for discovering their central role in the adaptive immune response","AIDS (computer virus)","Sex hormone-binding globulin","Macrocytic anemia","Plasmacytoid dendritic cell","4","AIDS (computer virus)","232","Sex hormone-binding globulin","244","Macrocytic anemia","167","423"
"164","Macrocystis","• **Macrocystis pyrifera is the world's largest algae** - Individual specimens can grow over 60 meters (200 feet) long, making it the largest of all brown algae species. • **Giant kelp is one of Earth's fastest-growing organisms** - It can grow up to 60 centimeters per day and reach lengths over 45 meters in a single growing season. • **It's a brown algae, not a plant** - Despite its plant-like appearance, Macrocystis is classified as a heterokont (brown algae) in the Phaeophyceae class. • **Geographic distribution spans multiple hemispheres** - Found along the northeastern Pacific coast from Baja California to southeast Alaska, and in southern oceans near South America, South Africa, Australia, and New Zealand. • **Forms kelp forests that support marine ecosystems** - Giant kelp grows in dense stands that provide food and shelter for numerous marine animals. • **Has unique gas-filled structures for buoyancy** - Each blade has a pneumatocyst (gas bladder) at its base that helps the kelp float toward the surface. • **Primary commercial use is alginate extraction** - The main commercial product derived from giant kelp is alginate, though it's also harvested as food rich in iodine, potassium, and other minerals. • **Sporophytes are long-lived perennials** - Individual plants can live up to three years, while individual fronds persist for approximately 100 days before undergoing senescence.","Pimobendan","Corydoras imitator","Apomorphine","Macrocystis","4","Pimobendan","101","Corydoras imitator","106","Apomorphine","104","888"
"165","White defensiveness","• White defensiveness is the defensive response by white people to discussions of societal discrimination, structural racism, and white privilege, particularly regarding the Atlantic slave trade, European colonization, and their modern legacies. • Academics have identified three main subtypes of white defensiveness: white denial, white diversion, and white fragility, with the latter term popularized by scholar Robin DiAngelo. • White denial involves denying or downplaying realities of inequality, ranging from claims that racism doesn't exist to extreme historical revisionism suggesting slavery was benign or civilizing. • White diversion, coined by academic Max Harris, describes when white people obstruct dialogue about race-based discrimination by redirecting conversations to other social issues or reorienting blame toward people of color. • White fragility, theorized by Robin DiAngelo in the early 2010s, refers to defensive responses including anger, fear, guilt, argumentation, silence, or leaving stress-inducing racial discussions to 'reinstate white racial equilibrium.' • The theory suggests white people display uneasy responses when questioned about racial dynamics as a self-protective strategy to conceal grief, trauma, and intergenerational trauma. • Political scientists propose that examination of white privilege specifically 'triggers white defensiveness' as acknowledgment of discrimination can be identity-threatening for dominant group members. • DiAngelo's 2018 book 'White Fragility' received mixed reviews, with some critics endorsing the concept while others, like linguist John McWhorter, argued it 'openly infantilized Black people.'","White defensiveness","Grifola frondosa","Berkson's paradox","Foot rot","1","Foot rot","197","Berkson's paradox","210","Grifola frondosa","228","488"
"166","Murine typhus","Here are the key facts about Murine typhus: • Murine typhus is a form of typhus transmitted by fleas, primarily those found on rats, and is different from epidemic typhus which is spread by lice • The disease is caused by the bacterium Rickettsia typhi, with less common cases caused by Rickettsia felis • Symptoms include fever, headache, muscle and joint pain, nausea, vomiting, and in 40-50% of cases, a rash develops six days after initial symptoms • Up to 45% of patients may develop neurological symptoms such as confusion, seizures, or imbalance • Human infection occurs through flea-fecal contamination of skin bites, with rats, cats, and opossums serving as primary host reservoirs • The disease is most commonly found in southern California, Texas, and Hawaii in the United States • Diagnosis is challenging and typically based on clinical suspicion, with indirect fluorescence antibody assays being the recommended diagnostic method • If left untreated, the disease can be fatal, particularly for elderly, disabled, or immunocompromised patients • Treatment involves antibiotics, with doxycycline recommended by the CDC in the United States, and most patients fully recover with proper treatment","Galectin-8","Murine typhus","Spit hood","Trematoda","2","Trematoda","230","Galectin-8","242","Spit hood","187","54"
"167","Multiset","Here are the key facts about Multisets: • A multiset is a mathematical concept similar to a set, but allows multiple instances of the same element, with each element having a 'multiplicity' (number of occurrences) • The cardinality (size) of a multiset is the sum of the multiplicities of all its elements, not the number of unique elements • Multisets are order-independent, meaning the order of elements does not matter in defining the multiset • The concept of multisets dates back to ancient times, with early representations like tally marks or collections of indistinguishable units • Formally, a multiset is defined as an ordered pair (U, f), where U is the underlying set and f is a function mapping elements to their multiplicities • The first known study of multisets is attributed to the Indian mathematician Bhāskarāchārya around 1150, who described permutations of multisets • Practical applications of multisets include prime factor decomposition, algebraic equation solutions, and eigenvalue representations in linear algebra • Multisets have been referred to by various names, including 'bag', 'heap', 'collection', and 'weighted set' • Unlike sets, multisets can have the same underlying elements but different multiplicities, making them distinct multisets","1902–03 Football League","English personal pronouns","Base pair","Multiset","4","1902–03 Football League","100","English personal pronouns","155","Base pair","169","586"
"168","Laminin","Here are the key facts about Laminin: • Laminins are glycoproteins found in the extracellular matrix of all animals, serving as a critical component of basement membranes • They are large, complex proteins composed of three different chains (α, β, and γ), with 15 different trimeric combinations identified in humans • Laminins play crucial roles in cell biology, including cell differentiation, migration, adhesion, and tissue maintenance • The protein has a distinctive cruciform structure that allows it to bind to other extracellular matrix molecules and cell membranes • Defects in laminin can lead to serious medical conditions, including: - Muscular dystrophy - Junctional epidermolysis bullosa (a severe skin blistering disease) - Nephrotic syndrome (kidney filter defects) • Laminins are essential for neural development, particularly in guiding nerve axon growth and promoting neuroregeneration after injury • They interact with cell membrane receptors like integrins and dystroglycan to facilitate cell attachment and tissue organization • Some laminin isoforms have been linked to cancer progression, particularly during epithelial-to-mesenchymal transition • Laminin-111 is particularly important in neural development, influencing how nerve growth cones respond to different molecular signals","List of knapsack problems","Laminin","Delete (SQL)","IWGP Heavyweight Championship (IGF)","2","IWGP Heavyweight Championship (IGF)","169","Delete (SQL)","117","List of knapsack problems","111","825"
"169","Merlin (protein)","Here are the key facts about Merlin (protein): • Merlin is a cytoskeletal protein that acts as a tumor suppressor, primarily associated with neurofibromatosis type II • The protein is coded by the NF2 gene, located on human chromosome 22, and is part of the ERM protein family • Merlin is a 70 kDa protein with 10 known isoforms, containing a FERM domain and an ability to dimerize with itself and other ERM proteins • It functions as a membrane-cytoskeleton scaffolding protein, predominantly found in nervous tissue and located in adherens junctions • Merlin plays a role in contact-mediated growth inhibition and is an upstream regulator of the Hippo tumor suppressor pathway, which controls cell proliferation and apoptosis • Phosphorylation of serine 518 can alter the protein's functional state, and it interacts with several cell growth controlling molecules • Mutations in the NF2 gene cause neurofibromatosis type 2, a genetic disorder characterized by nervous system tumors, most commonly bilateral vestibular schwannomas • The protein is evolutionarily conserved, with similar genes found across various animal species, suggesting an early origin in metazoa","2024–25 Championnat National","Sempronia gens","Merlin (protein)","QR algorithm","3","Sempronia gens","191","QR algorithm","204","2024–25 Championnat National","104","80"
"170","Louvain method","Here are the key facts about the Louvain method: • The Louvain method is a community detection algorithm developed by researchers at the University of Louvain, designed to extract non-overlapping communities from large networks • The method optimizes modularity, a metric that measures the density of edges within communities compared to edges between communities, with a scale from -1 (non-modular) to 1 (fully modular) • The algorithm works through a two-step iterative process: 1. First, it finds small communities by locally optimizing modularity for each node 2. Then it groups these small communities into single nodes and repeats the process • Modularity is calculated using a complex mathematical formula that considers edge weights, node connections, and community assignments • The method is a heuristic approach, as checking all possible network configurations is computationally impractical • The Louvain algorithm has been shown to correctly identify community structures, particularly in stochastic block models • It is similar to earlier community detection methods, such as the approach by Clauset, Newman and Moore, which connects communities that produce the largest modularity increase • The method is particularly useful for analyzing large, complex networks where community structures are not immediately apparent","Pigpen cipher","List of the United States Army weapons by supply catalog designation","Df (Unix)","Louvain method","4","List of the United States Army weapons by supply catalog designation","202","Pigpen cipher","124","Df (Unix)","135","274"
"171","Capture of Saddam Hussein","Here are the key facts about the Capture of Saddam Hussein: • Saddam Hussein was captured on December 13, 2003, in the town of Ad-Dawr, Iraq, by U.S. military forces during Operation Red Dawn • The operation involved approximately 600 soldiers, including special operations forces, from Task Force 121 and the 4th Infantry Division • Saddam was found hiding in a small 'spider hole' and surrendered without resistance, with $750,000 in cash and two weapons recovered from his hiding spot • Prior to his capture, U.S. forces had conducted twelve unsuccessful raids and over 600 operations to find him between July and December 2003 • Intelligence leading to his capture came from a former driver who provided information about Saddam's associate, and subsequent interrogations of family members • After capture, Saddam was given prisoner of war (POW) status and was eligible to stand trial for war crimes and crimes against humanity • His capture was seen as a significant moment in the Iraq War, leading to a reduction in insurgent attacks and a period of relative calm in the region • The medical examination footage of Saddam after his capture sparked controversy, with some criticizing the public display as undignified • The U.S. military claimed the capture would help defeat the former regime's insurgency and used documents found with Saddam to mount further operations","Citrus canker","Capture of Saddam Hussein","Fungemia","Granulocyte","2","Citrus canker","158","Granulocyte","215","Fungemia","233","178"
"172","Consensus sequence","• A consensus sequence is the calculated sequence of most frequent nucleotides or amino acids found at each position when multiple related biological sequences are aligned and compared. • Consensus sequences represent important functional sites including transcription factor binding sites, restriction enzyme cut sites, splice sites at exon-intron boundaries, and transposon target sequences. • Up mutations make DNA sequences more similar to the consensus sequence, strengthening promoter activity and increasing RNA polymerase binding, while down mutations move away from consensus and weaken transcription. • Consensus sequences are thought to be conserved across long evolutionary periods due to their regulatory importance, and the degree of conservation can be used to estimate evolutionary relatedness between species. • Standard notation uses symbols like [CT] for variable positions (C or T), N for any base, {A} for any base except A, Y for pyrimidines, and R for purines to represent sequence variability. • Sequence logos provide a graphical alternative to text notation, where the size of each nucleotide symbol corresponds to its frequency at that position - larger symbols indicate more conserved residues. • Bioinformatics software tools like JalView, UGENE, WebLogo, and Gestalt Workbench can calculate, visualize, and generate consensus sequences from sequence alignment data. • Pattern recognition software development for identifying consensus sequences is a major research area in genetics, molecular biology, and bioinformatics due to their regulatory importance.","Crotoxin","Biotin","Crop tolerance to seawater","Consensus sequence","4","Crotoxin","158","Crop tolerance to seawater","152","Biotin","228","263"
"173","Kinetic-segregation model of T cell activation","Here are the key facts about the Kinetic-segregation model of T cell activation: • The model was proposed in 1996 by Simon J. Davis and Anton van der Merwe from the University of Oxford to explain how T-cell receptor (TCR) binding triggers T-cell activation • The mechanism is based on size-sensitivity of molecules at the cell membrane, specifically the spatial exclusion of large phosphatases during T cell-antigen presenting cell (APC) contact • In a resting T-cell, phosphatases (CD45 and CD148) constantly remove phosphorylations, preventing sustained TCR signaling • When TCR binds to its ligand, the membranes of T-cell and APC come very close together (about 15 nm apart), which sterically excludes large phosphatases • This exclusion allows small kinases like Lck to phosphorylate TCR components without interference, leading to sustained ITAM phosphorylation • The prolonged phosphorylation enables recruitment and activation of downstream signaling molecules like ZAP-70, LAT, and SLP-76 • The model can be applied to other receptors, such as CD28, which shows similar kinetic-segregation dynamics during activation • Supporting evidence includes experiments showing that truncating phosphatases or elongating MHC molecules can inhibit TCR triggering • The model explains why T cells can be activated by immobilized peptide-MHC complexes but not by soluble, monomeric peptide-MHC","Lipid-gated ion channels","2024–25 Slovak First Football League","Kinetic-segregation model of T cell activation","Air Tahiti Flight 805","3","Lipid-gated ion channels","107","Air Tahiti Flight 805","101","2024–25 Slovak First Football League","236","222"
"174","Aminoglycoside","Here are the key facts about Aminoglycosides: • Aminoglycosides are a class of antibiotics that inhibit protein synthesis by targeting bacterial ribosomes, specifically the 30S ribosomal subunit • They are primarily effective against Gram-negative aerobic bacteria, with limited effectiveness against Gram-positive and anaerobic bacteria • Streptomycin was the first aminoglycoside antibiotic, originally derived from Streptomyces griseus and used to treat tuberculosis • These antibiotics work by disrupting protein synthesis through: - Impairing translational proofreading - Causing misreading of RNA messages - Producing truncated or altered proteins • Aminoglycosides have a unique naming convention: those from Streptomyces genus end in '-mycin', while those from Micromonospora end in '-micin' • They exhibit a post-antibiotic effect, meaning bacterial growth can be inhibited even after the drug is no longer detectable in the blood • Common examples include kanamycin, tobramycin, gentamicin, and neomycin • Therapeutic drug monitoring is necessary due to significant variability in how the body processes these antibiotics • In addition to protein synthesis inhibition, aminoglycosides may also cause oxidation of bacterial nucleotides and disrupt cell membrane integrity","Metaphone","Transcription error","Interstitium","Aminoglycoside","4","Interstitium","249","Metaphone","195","Transcription error","220","199"
"175","Evidence of absence","Here are the key facts from the Wikipedia article on Evidence of Absence: • Evidence of absence refers to evidence suggesting something is missing or does not exist, which is distinct from the mere absence of evidence • The phrase 'Absence of evidence is not evidence of absence' is often attributed to Carl Sagan, though a similar version existed as early as 1888 • In scientific experiments, null results can be interpreted as evidence of absence, but this depends on factors like detection power and confidence of inference • In legal systems, lack of evidence for a defendant's guilt can lead to acquittal, based on the presumption of innocence • Philosophers like Steven Hales argue that proving a negative claim can be just as valid as proving a positive claim, challenging the traditional view that non-existence cannot be proven • The distinction between evidence of absence and absence of evidence can be nuanced, and scientists often debate whether an experimental result constitutes true evidence of absence • In some contexts, like drug testing, the absence of harmful effects can be considered meaningful evidence of safety, because harmful effects would be expected to be detected if present • The interpretation of absence of evidence depends on the context, and can range from being a legitimate argument to being considered an informal logical fallacy","Ficus variegata (plant)","List of QWERTY keyboard language variants","Chloronitramide anion","Evidence of absence","4","Chloronitramide anion","178","List of QWERTY keyboard language variants","119","Ficus variegata (plant)","237","604"
"176","Gardnerella vaginalis","Here are the key facts about Gardnerella vaginalis: • Gardnerella vaginalis is a Gram-variable, facultative anaerobic bacterium found in the vaginal microbiome, typically measuring 1.0–1.5 μm in diameter. • It is a key organism associated with bacterial vaginosis (BV), though not considered the sole cause, but rather a signal of disrupted vaginal microbial ecology. • The bacteria can produce a human-specific pore-forming toxin called vaginolysin and often exhibits protease and sialidase enzyme activities. • Symptoms of G. vaginalis-associated bacterial vaginosis can include vaginal discharge, irritation, and a characteristic 'fish-like' odor, though the infection can also be asymptomatic. • Diagnosis can be performed using various methods, including the OSOM BV Blue assay, FemExam cards, and nucleic acid amplification tests (NAATs). • Treatment typically involves antibiotics like metronidazole or clindamycin, with alternative treatments such as vaginal boric acid showing promise in managing recurrent infections. • G. vaginalis can be microscopically identified by 'clue cells' - epithelial cells covered in adhering bacteria. • First described in 1953 by Sidney Leopold, the organism's exact role and etiology in vaginal infections remain complex and not fully understood.","HIV/AIDS denialism","Gardnerella vaginalis","OpenAlex","5-Hydroxyindoleacetic acid","2","OpenAlex","199","HIV/AIDS denialism","136","5-Hydroxyindoleacetic acid","183","277"
"177","Crizotinib","• Crizotinib is an anti-cancer medication sold under the brand name Xalkori, primarily used to treat non-small cell lung carcinoma (NSCLC) by inhibiting specific protein kinases including ALK, ROS1, and c-Met. • The drug is indicated for metastatic NSCLC, ALK-positive anaplastic large cell lymphoma, and ALK-positive inflammatory myofibroblastic tumors. • Crizotinib works by targeting a specific genetic abnormality found in about 4% of NSCLC patients - a fusion between the EML4 and ALK genes that drives cancer growth, with approximately 9,000 new cases annually in the U.S. • The FDA approved crizotinib in August 2011 for ALK-positive NSCLC and in March 2016 for ROS1-positive NSCLC, requiring companion genetic testing to identify suitable patients. • In clinical trials, crizotinib caused tumors to shrink or stabilize in 90% of patients with the ALK fusion gene, with tumors shrinking at least 30% in 57% of treated patients. • For ALK-positive anaplastic large cell lymphoma, crizotinib achieved objective response rates of 65-90% and 3-year progression-free survival rates of 60-75%. • Common side effects include nausea, vomiting, and diarrhea, affecting approximately 50% of patients, with some treatment responses lasting up to 15 months. • Later studies showed that newer ALK inhibitors like alectinib demonstrated superior progression-free survival compared to crizotinib, leading to early termination of comparative trials.","Troponin I","Loeys–Dietz syndrome","Crizotinib","Anti-Müllerian hormone","3","Anti-Müllerian hormone","102","Loeys–Dietz syndrome","185","Troponin I","229","493"
"178","BRAF (gene)","Here are the key facts about the BRAF gene: • BRAF is a human gene that encodes the B-Raf protein, a key signaling protein involved in cell growth and division • The B-Raf protein is part of the Raf kinase family and plays a crucial role in the MAP kinase/ERK signaling pathway, which regulates cell division, differentiation, and secretion • The protein is structured with three main conserved domains: CR1 (Ras-GTP-binding self-regulatory domain), CR2 (serine-rich hinge region), and CR3 (catalytic protein kinase domain) • In 2002, BRAF was discovered to be mutated in some human cancers, which can lead to uncontrolled cell growth • Certain inherited BRAF mutations can cause birth defects • B-Raf is a serine/threonine-specific protein kinase that catalyzes phosphorylation of proteins by transferring phosphate groups from ATP • Two FDA-approved drugs, vemurafenib and dabrafenib, have been developed to treat late-stage melanoma driven by BRAF mutations • The protein's activation is tightly regulated, requiring binding to Ras-GTP and specific phosphorylation events to become enzymatically active • Vemurafenib was the first drug to emerge from fragment-based drug discovery targeting BRAF mutations","List of New Testament minuscules (2101–2200)","Cassava","DNA synthesis","BRAF (gene)","4","List of New Testament minuscules (2101–2200)","175","DNA synthesis","124","Cassava","245","685"
"179","Hamming weight","Here are the key facts about Hamming weight from the Wikipedia article: • Hamming weight is the number of symbols different from the zero-symbol in a string, typically the number of 1 bits in a binary representation • Named after mathematician Richard Hamming, though the concept predates him (first used by James W. L. Glaisher in 1899) • Used in multiple disciplines including information theory, coding theory, and cryptography • In binary, Hamming weight is equivalent to the 'population count' or 'popcount' - the total number of 1 bits in a binary number • The Hamming distance between two words can be calculated by using the XOR operation and then counting the resulting 1 bits • Multiple efficient algorithms exist for calculating Hamming weight, ranging from naive implementations to highly optimized bit-manipulation techniques • Some processor architectures have built-in single-operation instructions for calculating population count • When most bits are expected to be zero, iterative bit-clearing algorithms (like Wegner's method) can be more efficient • Lookup tables can be used to calculate Hamming weight faster, trading memory for computational speed","2020–21 Everton F.C. season","1922 United States House of Representatives elections","Hamming weight","LGBTQ rights in Dominica","3","2020–21 Everton F.C. season","150","1922 United States House of Representatives elections","161","LGBTQ rights in Dominica","220","746"
"180","List of musical genres of the African diaspora","Here are key facts about the musical genres of the African diaspora: • The list encompasses a wide range of musical genres across multiple continents, including North America, South America, the Caribbean, and parts of Europe and the Middle East • African American music has been particularly influential, giving rise to numerous genres including Blues, Jazz, R&B, Hip Hop, Rock & Roll, and Techno • The Caribbean region has produced distinctive musical forms such as Reggae, Ska, Dancehall, and Calypso, which have had significant global cultural impact • Brazilian musical traditions include unique genres like Samba, Capoeira, and Funk Carioca, reflecting the rich African cultural heritage in the region • Musical genres from the African diaspora often blend traditional African rhythms and musical structures with local cultural influences, creating innovative and dynamic musical forms • The list demonstrates the profound global musical influence of African and African-descended populations, spanning genres from electronic dance music to traditional spiritual music • Different regions have developed their own distinctive musical styles, such as French Afro Trap, British Grime, and Cuban Son, showing the adaptability and creativity of diaspora musical traditions • Many genres originated as expressions of cultural identity, resistance, and social experience for African-descended populations in different parts of the world","List of HIV-positive people","Aloin","Corpora arenacea","List of musical genres of the African diaspora","4","List of HIV-positive people","162","Aloin","158","Corpora arenacea","202","177"
"181","Grusonia","Here are the key facts about Grusonia: • Grusonia is a genus of opuntioid cacti native to the North American Deserts in the Southwestern United States and northern Mexico • The genus was previously known as Corynopuntia, with the name derived from Greek 'coryne' meaning 'club', referring to the club-shaped branch segments • Plants in this genus grow in low cushions with segments 1-25 cm long, featuring strong, prickly spines with fine denticles along their margins • Flowers are typically yellow, though some species have pink to deep magenta flowers; fruits are fleshy, often drying to a yellow or brownish color • The cacti are distributed across Southwestern U.S. states (California, Arizona, Nevada, New Mexico, Texas) and Northern Mexican states, at elevations from 60 to 2000 meters • These plants grow in very dry areas, often on flats or gentle slopes, fully exposed to sunlight, in sandy, loamy, or gravelly soils • A unique reproductive strategy involves stem segments that easily break off and attach to animal fur, allowing for vegetative reproduction and dispersal • Recent molecular phylogenetic studies suggest that Corynopuntia and Grusonia should be combined under the Grusonia genus • The plants are known for their barbed spines that can easily stick to animal skin, potentially causing discomfort or injury","Influenza B virus","MMP9","Grusonia","Rho(D) immune globulin","3","MMP9","151","Rho(D) immune globulin","124","Influenza B virus","142","663"
"182","Human mortality from H5N1","• H5N1 is a type of influenza A virus that primarily infects birds but poses a pandemic threat due to its potential for global spread and high mortality rate in humans. • Between 2003 and February 2025, the World Health Organization recorded 972 confirmed cases of H5N1 influenza in humans, resulting in 468 deaths. • The case fatality rate (CFR) measures confirmed deaths versus confirmed cases, while the Infection Fatality Rate (IFR) accounts for undiagnosed cases - H5N1's true fatality rate may be lower than reported due to mild unidentified cases. • Historical influenza pandemic IFRs ranged from 0.2% (1968) to 2-3% (1918), providing context for H5N1's significantly higher mortality rate. • Human-to-human transmission of H5N1 remains extremely limited, with WHO estimates of only 'about half a dozen' cases, and the virus is 'not spreading efficiently or sustainably among humans.' • The first known human H5N1 infections occurred in Hong Kong in 1997, affecting 18 people with 6 deaths (33% mortality rate), marking the evolution from zero human mortality to significant lethality. • Through 2007, WHO-confirmed cases showed a 62% fatality rate (216 deaths out of 349 cases), though this varied by year and geographic location. • Pre-pandemic H5N1 vaccines exist in limited quantities in the U.S. and have been used in Japan for healthcare workers, while pandemic-specific vaccines remain in clinical trial stages. • Laboratory research has identified that changes to just two H5 surface proteins can substantially increase H5N1's affinity for human cellular receptors, raising concerns about potential mutations.","Shingles","Human mortality from H5N1","Mold health issues","Lactoferrin","2","Lactoferrin","231","Shingles","206","Mold health issues","193","21"
"183","Ichnovirus","Here are the key facts about Ichnovirus: • Ichnovirus is a genus of viruses belonging to the Polydnaviridae family • The genus currently contains 21-22 species, with a recent taxonomic update in 2021 • These viruses are specifically associated with parasitoid wasps that parasitize Lepidoptera (moths and butterflies) • Ichnoviruses have an enveloped structure with prolate ellipsoid or cylindrical geometry • Their genome is circular, segmented, and ranges from 6.0-20 kilobases in length • Viral replication occurs in the nucleus, with DNA-templated transcription • The virus exits host cells through nuclear pore export • Ichnoviruses have a symbiotic relationship with their wasp hosts, helping to suppress the immune system of the wasp's lepidopteran host • Transmission of the virus occurs through parental routes, with wasps injecting both eggs and virus into their host • Specific wasp subfamilies Banchinae and Campopleginae serve as primary hosts for these viruses","Needle spiking","Anaplasmosis","Ichnovirus","Interleukin 17","3","Needle spiking","100","Anaplasmosis","199","Interleukin 17","185","148"
"184","List of kanji radicals by stroke count","Here are the key facts about kanji radicals from the Wikipedia article: • Kanji radicals are graphemes or graphical parts used to organize Japanese kanji in dictionaries • They are derived from 214 Chinese Kangxi radicals, which were originally based on 47,035 characters • Radicals help classify and search for kanji characters, with some radicals representing up to 25-75% of Jōyō kanji (standard-use kanji) • Not all radicals are commonly written independently, and many people may not know their technical hiragana reading • The 214 Kangxi radicals are technically classifiers, though dictionaries commonly refer to them as 'radicals' • There are fourteen different radical positions within a kanji character, consisting of seven basic types and seven variants • Some radicals, like 竹 and 西, appear in modified forms (⺮ and 覀) when used as components in standard kanji • The use of radicals has evolved from traditional textbook methods to interactive digital search techniques • Radicals are not always etymologically correct, but serve as a practical system for organizing and finding kanji characters","List of kanji radicals by stroke count",".32 ACP","ID3","Reverse Polish notation","1",".32 ACP","145","Reverse Polish notation","117","ID3","103","362"
"185","Toll-like receptor","Here are the key facts about Toll-like receptors (TLRs): • TLRs are proteins that play a crucial role in the innate immune system, recognizing molecules derived from microbes and helping trigger immune responses • There are 13 known TLR types in humans and mice, with some variations between species (humans lack TLR11, TLR12, and TLR13) • TLRs are located either on cell membranes (TLR1, TLR2, TLR4, TLR5, TLR6, TLR10) or in intracellular vesicles (TLR3, TLR7, TLR8, TLR9) • When activated, TLRs recruit adaptor proteins that initiate signal transduction pathways, leading to inflammatory responses, cytokine production, and adaptive immunity • TLRs are part of a broader pattern recognition receptor (PRR) system that can detect both external pathogen-associated molecular patterns (PAMPs) and internal damage-associated molecular patterns (DAMPs) • These receptors are found across vertebrates and invertebrates, suggesting they are an ancient and conserved component of immune defense • TLRs serve as a critical link between innate and adaptive immunity, with the ability to activate and modulate immune responses • Beyond immune cells, TLRs have been identified in the nervous system, where they can regulate cell-fate decisions in glial cells, neurons, and neural progenitor cells","Clerodane diterpene","Haloquadratum walsbyi","Haplogroup E-M35","Toll-like receptor","4","Haplogroup E-M35","105","Clerodane diterpene","209","Haloquadratum walsbyi","235","186"
"186","Pyrethrin","• **Pyrethrins are natural organic compounds derived from Chrysanthemum cinerariifolium flowers that have potent insecticidal activity by targeting insect nervous systems.** • **The insecticidal properties of pyrethrins have been known and used for thousands of years, with evidence of Chinese use as early as 1000 BC and historical use in Iran to produce 'Persian Powder.'** • **Pyrethrins work by delaying the closure of voltage-gated sodium channels in insect nerve cells, causing hyperexcitation, paralysis, and death through loss of motor coordination.** • **Kenya produces approximately 70% of the world's pyrethrin supply since the 2000s, with commercial cultivation occurring in mountainous equatorial zones at altitudes of 1600-3000 meters above sea level.** • **There are six types of naturally occurring pyrethrins: pyrethrin I, pyrethrin II, cinerin I, cinerin II, jasmolin I, and jasmolin II, with their chemical structures first determined in 1924.** • **Pyrethrins are gradually replacing organophosphates and organochlorides as preferred pesticides due to the significant and persistent toxic effects of these older compounds on humans.** • **Pyrethrins selectively target insects rather than mammals due to higher insect nerve sensitivity, smaller body size, lower mammalian skin absorption, and more efficient mammalian metabolism.** • **Processing involves crushing dried chrysanthemum flowers, where finer powder produces better insecticides but coarser crushing results in longer shelf life and less deterioration.**","Pyrethrin","CrAssphage","Virus-like particle","Globulin","1","CrAssphage","183","Virus-like particle","235","Globulin","204","179"
"187","1989 California medfly attack","Here are the key facts about the 1989 California medfly attack: • In 1989, a sudden and massive Mediterranean fruit fly (medfly) infestation occurred in California, primarily concentrated in Orange County and the Los Angeles Basin area • The infestation was unprecedented in scale, with as many flies captured in 1989 as in the previous 15 years combined • A group calling itself 'The Breeders' claimed responsibility for the attack, stating it was retaliation for environmental damage caused by Malathion aerial spraying • The medfly infestation threatened 22 different crops in California, potentially causing massive agricultural and economic damage • The state spent an estimated $60 million on eradication efforts during this incident, making it the second-most expensive year in the state's medfly control program • Scientists were puzzled by the infestation, noting that the dense population and low number of larvae suggested a deliberate release • The period of infestation lasted from July 1989 through November 1990 • The state ultimately changed its medfly control strategy, ending its decade-long Malathion spraying program and seeking alternative pest management methods • The members of 'The Breeders' were never identified, despite investigations by the FBI and local law enforcement","Randles–Sevcik equation","Premature burial","1989 California medfly attack","Chorionic villus sampling","3","Randles–Sevcik equation","187","Premature burial","137","Chorionic villus sampling","175","271"
"188","List of Roman nomina","Here are the key facts from the Wikipedia article about List of Roman nomina: • A nomen was an identifier that classified free Roman citizens as members of specific 'gentes' (clans or extended family groups) • Originally, a gens represented a family claiming descent from a common ancestor, but could expand over time to include hundreds or thousands of members • Gens membership could be established through: - Direct family lineage - Adoption - Freedmen becoming part of the clan • Nomina were written in masculine form, while the gentes themselves were grammatically feminine • The Latin alphabet used for nomina had some unique characteristics: - 'I' and 'J' were treated as separate letters - 'U' and 'V' were distinct - 'K' was rare, often replaced by 'C' - No gentes began with 'X' - 'Y' and 'Z' only appeared in Greek-borrowed names - 'W' did not exist in Classical Latin • Over time, different families could assume the same nomen, eventually being regarded as a single gens, even if they were not originally related • Nomina served as a critical social and genealogical identifier in Roman society, connecting individuals to their broader family and social context","List of Roman nomina","Streptococcus sanguinis","Network covalent bonding","Bifidobacterium longum","1","Bifidobacterium longum","120","Streptococcus sanguinis","118","Network covalent bonding","170","623"
"189","Hypothiocyanite","• Hypothiocyanite is the anion [OSCN]− and the conjugate base of hypothiocyanous acid (HOSCN), which is a weak acid with a pKa of 5.3. • It is formed through peroxidase-catalyzed reaction of hydrogen peroxide and thiocyanate: H2O2 + SCN− → OSCN− + H2O. • Hypothiocyanite occurs naturally in the human respiratory tract's antimicrobial immune system through lactoperoxidase-catalyzed reactions. • It functions as a natural bactericide that is harmless to human cells while being cytotoxic to bacteria, making it a promising alternative antibiotic. • The compound kills bacteria by oxidizing sulfhydryl (SH) groups in bacterial cell membranes, causing loss of glucose transport ability and leakage of potassium ions, amino acids, and peptides. • Hypothiocyanite is found naturally in milk, saliva, tears, and mucus as an antimicrobial agent and is considered safe as it is not mutagenic. • Cystic fibrosis patients have difficulty secreting sufficient SCN−, leading to hypothiocyanite shortage and resulting in increased mucous viscosity, inflammation, and bacterial infections. • The compound has proven effective against antibiotic-resistant 'superbugs' including MRSA, BCC, and Mucoid PA, and works against various bacteria, viruses, yeasts, and molds. • Lactoferrin combined with hypothiocyanite has been granted orphan drug status by both the EMEA and FDA for potential therapeutic applications.","Clonorchiasis","Hypothiocyanite","Job demands-resources model","Normocytic anemia","2","Normocytic anemia","220","Clonorchiasis","241","Job demands-resources model","186","486"
"190","Malicious Software Removal Tool","Here are the key facts about the Microsoft Windows Malicious Software Removal Tool (MSRT): • First released on January 13, 2005, MSRT is a free second-opinion malware scanner distributed by Microsoft through Windows Update • The tool is automatically downloaded and run monthly on the second Tuesday of each month (Patch Tuesday) • MSRT does not provide real-time protection, but instead scans for and attempts to eliminate specific, widespread malware infections • As of a 2006 Microsoft report, the tool had removed 16 million malicious software instances from 5.7 million computers, averaging removal from 1 in every 311 computers • The tool runs automatically in the background and can be manually executed from %windir%\System32\MRT.exe • MSRT reports anonymized data about detected infections to Microsoft, with an option to disable this reporting in the EULA • Support for older Windows operating systems has been gradually discontinued, with the last version for Windows 2000 released in May 2013 • In August 2013, the tool was used to delete vulnerable Tor client versions to help stop the Sefnit botnet, cleaning approximately two million infected hosts • The tool creates a log file at %windir%\debug\mrt.log to record its scanning and removal results","Chloroform","Resource Description Framework","Malicious Software Removal Tool","Mycobacterium tuberculosis","3","Mycobacterium tuberculosis","185","Chloroform","181","Resource Description Framework","229","606"
"191","Kyūjitai","Here are the key facts about Kyūjitai: • Kyūjitai are traditional forms of kanji (Chinese characters used in Japanese writing), with their simplified counterparts called 'shinjitai' • After World War II, both Japan and China officially adopted simplified character forms, but Japan implemented less drastic simplifications compared to China • Prior to 1946, kyūjitai were known as 'seiji' or 'seijitai', and they continued to be used in print into the 1950s due to logistical delays in changing typesetting equipment • Unlike in China, Japan's character simplification reform: - Applied only to a subset of characters (tōyō kanji) - Excluded characters used in personal names - Did not ban the use of traditional forms • In the 2,136 jōyō kanji, there are 364 pairs of simplified and traditional characters • Some traditional characters may not display correctly in digital environments due to Unicode standardization • Kyūjitai are still used in personal names in Japan and when an author and publisher choose to use them • The Jinmeiyō Kanji List contains 212 traditional characters still used in names, preserving many kyūjitai forms","Kripke structure (model checking)","Kyūjitai","Litany of the Sacred Heart of Jesus","Maya codices","2","Maya codices","190","Kripke structure (model checking)","215","Litany of the Sacred Heart of Jesus","155","174"
"192","Nintendo thumb","Here are the key facts about Nintendo thumb: • Nintendo thumb is a form of repetitive strain injury (RSI) caused by excessive video game playing, primarily affecting the thumbs and hands • Symptoms include blistering, tingling, burning sensations, swelling, and potential complications like tendinitis, carpal tunnel syndrome, and tennis elbow • The condition was first prominently documented in 1990 when a 35-year-old woman experienced severe thumb pain after playing a Nintendo game for five hours straight • In January 1991, Dr. James Casanova officially termed the condition 'Nintendinitis' after examining an 8-year-old boy with thumb pain from gaming • The injury can occur with various gaming systems, not just Nintendo, and is also seen with mobile phone use (known as 'texter's thumb') • Treatment primarily involves rest, stopping the repetitive motion, and potentially using anti-inflammatory medications like Ibuprofen • Prevention strategies include minimizing gameplay time, taking breaks, performing wrist stretches, and maintaining proper physical positioning while playing • Nintendo has responded by providing protective gloves and in-game messages reminding players to take breaks • The condition can affect not just thumbs, but potentially other body parts, with the Nintendo Wii particularly associated with more diverse physical injuries • The pain is usually temporary and resolves upon stopping video game use","Facial nerve paralysis","B-tree","Misuse of p-values","Nintendo thumb","4","Facial nerve paralysis","208","Misuse of p-values","138","B-tree","127","758"
"193","Heyuannia","Here are the key facts about Heyuannia: • Heyuannia is an oviraptorid dinosaur that lived during the Late Cretaceous epoch in what is now China and Mongolia • It was the first oviraptorid dinosaur discovered in China, with two known species: H. huangi and H. yanshini • The genus is named after the city of Heyuan, and the type species (H. huangi) honors Huang Dong, director of the Heyuan Museum • Estimated to be approximately 1.5 meters long and weigh around 20 kilograms, with a toothless, short skull and very short arms • Thousands of eggs have been uncovered at fossil sites, with evidence suggesting blue-green egg coloration that likely served for camouflage and sexual signaling • The dinosaur likely engaged in increased parental care, with evidence of a partially open nest arrangement • Taxonomically classified within the Oviraptoridae family, with uncertain precise placement within the group • Morphological studies suggest that oviraptorosaurians like Heyuannia might have been secondarily flightless birds • The holotype specimen (HYMV1-1) was discovered in Guangdong, China, and consists of a partial skeleton including a skull","Deaf culture","Ceiba","Indianmeal moth","Heyuannia","4","Indianmeal moth","218","Ceiba","211","Deaf culture","206","696"
"194","Asd RNA motif","• The asd RNA motif is a conserved RNA structure found in certain lactic acid bacteria, discovered through bioinformatics analysis. • An individual asd RNA molecule called 'SR914400' was experimentally detected in Streptococcus pyogenes as a 170-nucleotide RNA using microarray and northern hybridization techniques. • Despite initial associations with the asd gene (encoding aspartate-semialdehyde dehydrogenase), multiple lines of evidence suggest asd RNAs do not function as cis-regulatory elements for this gene. • Evidence against cis-regulatory function includes: asd RNAs are sometimes not located in 5' untranslated regions, downstream genes have separate promoters, and asd gene transcription levels remain constant despite amino acid concentration changes. • The asd RNA in Streptococcus pyogenes was renamed MarS (mga-activating regulatory sRNA) after being shown to interact with the 5' UTR of the mga transcript, which encodes a multiple virulence gene regulator. • MarS functions as a virulence regulator - deletion strains show reduced expression of mga and Mga-activated genes, leading to decreased virulence factors and increased susceptibility to phagocytosis. • MarS deletion results in reduced bacterial adherence to human keratinocytes but paradoxically increases bacterial dissemination and tolerance to oxidative stress.","Enkephalin","MECP2","Hyperalgesia","Asd RNA motif","4","Hyperalgesia","216","MECP2","176","Enkephalin","206","74"
"195","Selenium deficiency","Here are the key facts about Selenium deficiency: • Selenium deficiency is a condition where an organism lacks sufficient levels of selenium, a critical nutrient • Deficiency can have significant negative health impacts, including: - Affecting heart and nervous system health - Contributing to depression, anxiety, and dementia - Interfering with reproduction and gestation • Specific serious diseases associated with selenium deficiency include: - Keshan disease: potentially fatal, characterized by heart muscle weakening - Kashin-Beck disease: involves cartilage tissue degeneration and necrosis • Selenium is crucial for thyroid hormone conversion, and deficiency can cause hypothyroidism symptoms like: - Extreme fatigue - Mental slowing - Goiter - Recurrent miscarriage • Risk factors for selenium deficiency include: - Compromised intestinal function - Total parenteral nutrition - Gastrointestinal bypass surgery - Advanced age - Consuming food from selenium-deficient soil • Recommended daily selenium intake varies by region: - US: 55 μg/day - Europe: 70 μg/day - UK: 75 μg/day for males, 60 μg/day for females • Selenium deficiency is predicted to increase due to climate change and potential loss of selenium from croplands","Amphiregulin","Blood parrot cichlid","Selenium deficiency","Hexathelidae","3","Amphiregulin","233","Blood parrot cichlid","188","Hexathelidae","134","400"
"196","Bifidobacterium longum","Here are the key facts about Bifidobacterium longum: • B. longum is a Gram-positive, rod-shaped bacterium found in the human gastrointestinal tract, and is one of 32 species in the Bifidobacterium genus. • It is one of the earliest colonizers of an infant's gastrointestinal tract, initially representing up to 90% of gut bacteria, though this percentage drops to about 3% in adults. • The bacterium is non-pathogenic and produces lactic acid, which is believed to help prevent the growth of harmful organisms. • B. longum is a metabolically versatile 'scavenger' with multiple catabolic pathways, possessing up to 19 types of nutrient transporters and the ability to metabolize complex oligosaccharides. • In 2002, three previously distinct species (B. infantis, B. longum, and B. suis) were unified into a single species due to their high genetic similarity. • Some strains of B. longum have high tolerance for gastric acid and bile, allowing them to survive and colonize the lower intestinal tract. • Research has shown B. longum can help regulate the immune system and potentially reduce the duration and severity of common cold symptoms. • Specific strains like B. longum 35624 have been clinically proven to help control symptoms of Irritable Bowel Syndrome (IBS). • The bacterium's ability to persist in the gut is attributed to its glycoprotein-binding fimbriae and bacterial polysaccharides that aid in adhesion to intestinal cells.","List of sequenced eukaryotic genomes","Needle ice","Bifidobacterium longum","List of XML and HTML character entity references","3","List of XML and HTML character entity references","210","List of sequenced eukaryotic genomes","170","Needle ice","240","7"
"197","Conservation and restoration of Judaica","Here are the key facts about Conservation and Restoration of Judaica: • Judaica refers to objects used in Jewish rituals, and their conservation requires understanding of halacha (Jewish religious law) • Ritual objects are categorized into two main types: those carrying holiness (Tashmishey Kedushah) and those essential to ritual performance without inherent sacred quality • Objects with holiness typically contain divine words or text, with their sacred quality potentially extending to surrounding objects up to two layers away • Sacred objects include Torah scrolls, Torah curtains, Torah binders, Rimonim (silver/gold ornaments), Yad (Torah pointer), Tefillin, and Mezuzah • Conservation approaches differ based on the object's sacred status, with highly sacred items often receiving more restricted restoration treatment • Jewish cultural diversity is reflected in conservation practices, with variations among Ashkenazi, Sephardi, and Mizrachi Jewish traditions • The preservation of these objects involves understanding their specific cultural, religious, and historical contexts • Preservation methods aim to respect the object's religious significance while maintaining its physical integrity • Conservation of Judaica requires specialized knowledge of both material preservation techniques and Jewish religious practices","NBA versus EuroLeague games","List of critically endangered insects","Conservation and restoration of Judaica","Mogroside","3","NBA versus EuroLeague games","236","Mogroside","196","List of critically endangered insects","221","710"
"198","Bromhexine","• Bromhexine is a mucolytic drug used to treat respiratory disorders associated with thick or excessive mucus • It was developed by Boehringer Ingelheim in the late 1950s, patented in 1961, and introduced as Bisolvon® in 1963, entering medical use in 1966 • The drug works by increasing production of serous mucus in the respiratory tract, making phlegm thinner and less viscous • It has a secretomotoric effect that helps cilia more easily transport phlegm out of the lungs, which is why it's often added to cough syrups • Bromhexine is indicated for secretolytic therapy in bronchopulmonary diseases with abnormal mucus secretion and impaired mucus transport • It's available in multiple formulations including syrups (4-8 mg/5ml), tablets (8mg), soluble tablets, and oral solutions (10mg/5ml) • The medication is suitable for all age groups from infants onward, with dosing that varies by age and weight • Bromhexine is described as well-established and well-tolerated as a treatment option","Max Planck Institute of Molecular Physiology","Photoinitiator","Lactarius torminosus","Bromhexine","4","Photoinitiator","104","Max Planck Institute of Molecular Physiology","111","Lactarius torminosus","102","882"
"199","Nucleolus","Here are the key facts about the Nucleolus: • The nucleolus is the largest structure within the nucleus of eukaryotic cells, primarily known for ribosome biogenesis • Composed of proteins, DNA, and RNA, nucleoli form around specific chromosomal regions called nucleolar organizing regions (NORs) • Three major structural components exist: fibrillar center (FC), dense fibrillar component (DFC), and granular component (GC) • Critical for cell survival - research on Xenopus laevis eggs showed that eggs without nucleoli were not capable of life • Plays multiple roles beyond ribosome production, including formation of signal recognition particles and cellular stress response • Involves two RNA polymerases (Pol I and Pol III) in the complex process of ribosome assembly, transcribing different rRNA components • Malfunction of the nucleolus can cause 'nucleolopathies' and is being investigated as a potential target for cancer chemotherapy • Although typically only one or two nucleoli are visible, a human diploid cell can have up to ten nucleolus organizer regions • The nucleolus ultrastructure can be studied using electron microscopy and fluorescent protein tagging techniques","Tris(2-aminoethyl)amine","Modularity (networks)","Nucleolus","KRP (biochemistry)","3","KRP (biochemistry)","115","Tris(2-aminoethyl)amine","174","Modularity (networks)","177","267"
"200","CureVac","Here are the key facts about CureVac: • CureVac is a German biopharmaceutical company founded in 2000, specializing in mRNA-based therapies and vaccines • The company focuses on developing vaccines for infectious diseases and treatments for cancer and rare diseases • During the COVID-19 pandemic, CureVac developed a vaccine (CVnCoV) which ultimately failed in Phase III trials, showing only 47% efficacy • In June 2020, the German Federal Government invested €300 million in the company, acquiring approximately 23% stake • CureVac has collaborated with numerous major organizations, including Boehringer Ingelheim, Sanofi Pasteur, Johnson & Johnson, and the Bill & Melinda Gates Foundation • The company went public on NASDAQ in August 2020, raising $213 million in its initial public offering • In February 2019, CureVac received a $34 million grant from CEPI to develop an 'RNA printer' prototype for rapid vaccine production • The company has been working on developing mRNA technologies for vaccines targeting diseases like Lassa fever, yellow fever, and rabies • In October 2021, CureVac decided to abandon further development of CVnCoV and instead focus on collaborating with GSK to improve mRNA vaccine technology","Delitto perfetto","CureVac","VirtualDub","2023–24 Segunda Federación","2","2023–24 Segunda Federación","123","VirtualDub","169","Delitto perfetto","171","337"
"201","CAM (clade)","Here are the key facts about the CAM clade: • The CAM clade is a recently identified taxonomic grouping in evolutionary biology, first supported by phylogenomic analyses in 2022 • CAM is an acronym derived from the names of its constituent clades: Cryptista, Archaeplastida, and Microheliella • The clade contains two main components: Archaeplastida (Plantae sensu lato) and Pancryptista (which includes Cryptista and Microheliella maris) • Archaeplastida and Pancryptista are considered sister taxa within the CAM clade • The classification is based on phylogenomic research, which provides evidence for the evolutionary relationships between these groups • The clade represents a significant grouping in understanding the evolutionary history of certain organisms, particularly in the context of plant and related lineages","MicroRNA","CAM (clade)","List of insecticides","List of refrigerants","2","List of refrigerants","218","List of insecticides","117","MicroRNA","182","500"
"202","Nicotinamide mononucleotide","Here are the key facts about Nicotinamide mononucleotide (NMN): • NMN is a nucleotide derived from ribose, nicotinamide, nicotinamide riboside, and niacin that helps generate nicotinamide adenine dinucleotide (NADH) in humans. • It is found naturally in small quantities in fruits and vegetables like edamame, broccoli, cabbage, cucumber, and avocado (about 1 mg per 100g). • NMN has been studied as a potential anti-aging and neuroprotective agent, with research suggesting it may help mitigate aging-related disorders such as oxidative stress, DNA damage, and neurodegeneration. • Some clinical trials have shown promising results, including improved muscular insulin sensitivity in prediabetic women and enhanced aerobic capacity in amateur runners. • The FDA has restricted NMN production since late 2022 as it is under investigation as a potential pharmaceutical drug. • NMN is vulnerable to extracellular degradation by the CD38 enzyme, which can be inhibited by specific compounds. • While animal studies have been promising, no human studies have definitively proven its anti-aging effects, and potential benefits are still being researched. • NMN is widely distributed across tissues and organs, and has been present in various cells since embryonic development.","MRGPRX2","Maillard reaction","Clinical Infectious Diseases","Nicotinamide mononucleotide","4","Maillard reaction","111","MRGPRX2","210","Clinical Infectious Diseases","107","740"
"203","Operation Identify Me","• Operation Identify Me was launched by Interpol on May 10, 2023, to identify 22 unidentified deceased women found in the Netherlands, Belgium, and Germany between 1976 and 2019. • Most of the women were murdered and suffered violent deaths, with ages ranging from 15 to 30 years old, and some are believed to be from Eastern Europe. • The operation used public appeals with forensic facial reconstructions and other investigative information to gather tips from the public. • A second phase was launched in October 2024, expanding the operation to include 46 additional cases from France, Italy, and Spain. • The public response was significant, with police receiving over 1,250 tips by November 2023, including 122 from Germany, 55 from Belgium, and 51 from the Netherlands. • The operation achieved its first success in November 2023 when 'The woman with the flower tattoo' was identified as Rita Roberts, a 31-year-old British woman from Cardiff who had moved to Antwerp in 1992. • A second identification occurred in March 2025 when 'The woman in the shed' was identified through fingerprint comparison as Ainoha Izaga Ibieta Lima from Paraguay. • The cases span nearly five decades, with bodies discovered between October 1976 and August 2019, representing some of Europe's longest-standing cold cases.","Operation Identify Me","List of Intel SSDs","RNU4-2 syndrome","Common Lisp","1","RNU4-2 syndrome","215","Common Lisp","193","List of Intel SSDs","235","588"
"204","Antibiotic","• **Antibiotics are antimicrobial substances that specifically target bacteria** - they either kill bacteria or inhibit their growth, but are not effective against viruses or fungi. • **The term 'antibiotic' literally means 'opposing life'** - derived from Greek roots 'anti' (against) and 'bios' (life), and was first used in its modern sense by Selman Waksman in 1942. • **Antibiotics have ancient origins but revolutionized modern medicine** - moldy bread was used medicinally in ancient civilizations, but Alexander Fleming's discovery of penicillin in 1928 transformed 20th-century healthcare. • **Paul Ehrlich pioneered synthetic antibiotic development in Germany in the late 1880s** - leading to the first systemically active antibacterial drug, Prontosil, developed by Gerhard Domagk's team in 1932-1933. • **Antibiotic resistance (AMR) is a critical global health threat** - caused by overuse and misuse of antibiotics, AMR was responsible for 1.27 million deaths in 2019 and is associated with nearly 5 million deaths annually worldwide. • **Antibiotics are used for both treatment and prevention** - they treat bacterial and some protozoan infections, and are given preventively to high-risk populations such as immunocompromised patients and those undergoing surgery. • **Treatment approaches vary based on pathogen identification** - empiric therapy uses broad-spectrum antibiotics when the pathogen is unknown, while definitive therapy uses narrow-spectrum antibiotics once the specific microorganism is identified.","Crayfishing in Sweden","Mitochondrial DNA depletion syndrome","Mexican howler","Antibiotic","4","Mitochondrial DNA depletion syndrome","119","Crayfishing in Sweden","135","Mexican howler","115","573"
"205","Factor VIII","Here are the key facts about Factor VIII: • Factor VIII is an essential blood clotting protein encoded by the F8 gene, located on the X chromosome • Defects in the Factor VIII gene cause hemophilia A, an inherited bleeding disorder • The protein is produced in liver sinusoidal cells and endothelial cells, and normally circulates in an inactive form bound to von Willebrand factor • When blood vessels are injured, Factor VIII becomes activated and interacts with Factor IX to initiate a cascade of chemical reactions that form blood clots • The Factor VIII protein consists of six domains (A1-A2-B-A3-C1-C2) and has a half-life of 12 hours in the bloodstream • High levels of Factor VIII can increase the risk of deep vein thrombosis and pulmonary embolism • Factor VIII is available as a medication and is on the WHO Model List of Essential Medicines • In the 1980s, some Factor VIII products were contaminated with HIV, leading to a significant medical scandal • Recombinant Factor VIII products were developed in the early 1990s to prevent disease transmission during replacement therapy • The protein was first discovered in 1937 but was not molecularly identified until 1979","Phelsuma grandis","Schmidt sting pain index","Thymosin beta-4","Factor VIII","4","Schmidt sting pain index","193","Thymosin beta-4","132","Phelsuma grandis","226","314"
"206","Coxsackie A virus","Here are the key facts about Coxsackie A virus: • Coxsackie A virus is a small, non-enveloped RNA virus belonging to the enterovirus group within the Picornaviridae family • The virus primarily causes hand, foot, and mouth disease (HFMD), which most commonly affects children under 5 years old • Typical symptoms include fever, flu-like symptoms, mouth sores (herpangina), and skin rashes, particularly on hands, feet, and mouth • Transmission is most common in children, with outbreaks frequently occurring in daycares and summer camps, especially in early autumn • Most infections are mild or asymptomatic, but severe cases can lead to complications like dehydration, seizures, or inflammatory brain conditions • The virus has an icosahedral capsid with specific viral proteins that enable cell entry and trigger immune responses • Multiple strains exist (e.g., A2, A4, A5, A10, A16, A24), with some strains associated with specific diseases like acute hemorrhagic conjunctivitis • Natural recombination is frequent in the virus's evolution, with strains showing genetic relationships across different geographic regions • In rare cases, the virus can cause serious pregnancy complications, particularly if contracted in the third trimester • Diagnosis typically involves examining symptoms, patient age, and may include sample testing from mouth sores, skin blisters, or stool","Coxsackie A virus","Lifestyle causes of type 2 diabetes","Naive T cell","Immunoglobulin D","1","Immunoglobulin D","214","Naive T cell","109","Lifestyle causes of type 2 diabetes","115","149"
"207","MMAB","• The PUMA (Programmable Universal Machine for Assembly/Manipulation Arm) is an industrial robotic arm developed by Victor Scheinman at Unimation, initially for General Motors. • The design was based on earlier work Scheinman created at Stanford University under mentorship from robot inventor George Devol. • The PUMA was manufactured by multiple companies over time: Unimation (original), Westinghouse (ca. 1980), Stäubli (1988), and Nokia Robotics produced about 1,500 units during the 1980s. • Three main series were produced: the 200 series (smaller desktop unit), 500 series (nearly 2-meter reach, most popular), and 700 series (largest, for assembly line work). • The 200 series achieved a medical milestone by performing the first robotic stereotactic brain biopsy in 1985. • The system consists of two main components - a mechanical arm and control system - connected by multi-conductor cables carrying power and position feedback data. • The control computer uses LSI-11 architecture (similar to PDP11 computers) with ROM-based boot programs and operating systems loaded via serial port from floppy disks. • General Motors donated the original prototype PUMA robot to the Smithsonian Institution's National Museum of American History in 2002.","History of penicillin","Gary Ruvkun","Grey box model","MMAB","4","Grey box model","101","History of penicillin","102","Gary Ruvkun","100","883"
"208","Primary and secondary brain injury","• **Primary brain injury occurs immediately during trauma** and involves direct physical damage including contusion, blood vessel damage, and axonal shearing where neuron axons are stretched and torn. • **Secondary brain injury develops gradually over hours and days** following the initial trauma through various cellular processes and metabolic cascades, often causing deterioration in patients who initially seemed stable. • **About 40% of TBI patients deteriorate after hospitalization**, unlike most other trauma patients who typically improve, and many brain trauma deaths occur days to weeks after the initial injury rather than immediately. • **Secondary injury complications include ischemia, cerebral hypoxia, hypotension, cerebral edema, and raised intracranial pressure**, which can lead to deadly brain herniation if pressure becomes too high. • **Excitotoxicity is a key secondary injury mechanism** where imbalances in neurotransmitters cause overactivation of brain cell receptors, leading to cell damage from free radicals and potential neurodegeneration. • **Primary injury is largely irreversible since it occurs instantly**, but secondary injury can potentially be prevented or treated since it develops over time, making it the main target for therapeutic interventions. • **Prevention and treatment focus on secondary injury** by addressing complications like oxygen deficiency and developing drug therapies that target multiple mechanisms involved in the secondary damage process. • **These injury classifications apply beyond TBI** to other conditions including spinal cord injury and stroke, where similar primary and secondary injury processes occur.","Leiomyoma","Fluorescence imaging","Primary and secondary brain injury","Human coronavirus OC43","3","Fluorescence imaging","152","Human coronavirus OC43","176","Leiomyoma","170","410"
"209","Acute motor axonal neuropathy","Here are the key facts about Acute Motor Axonal Neuropathy (AMAN): • AMAN is a variant of Guillain–Barré syndrome characterized by acute paralysis and loss of reflexes without sensory loss • The disease involves antibody-mediated attacks on motor nerves and nodes of Ranvier, causing motor axonal degeneration • Campylobacter jejuni and Zika virus have been linked as potential triggers of the condition • Typical symptoms include progressive flaccid symmetric paralysis, areflexia, and potential respiratory failure • Electromyographic studies show normal motor conduction velocity but decreased amplitude of muscle action potentials • The condition is a noninflammatory axonopathy that does not cause demyelination or affect sensory neurons • Most patients experience complete symptom resolution with 5-day intravenous immunoglobulin (IV Ig) treatment • First described in 1991 during an epidemic in northern China, primarily affecting children during summer months • Patients can continue to see improvements in ambulation and functional ability up to four years after diagnosis • Also known as 'Chinese Paralytic Syndrome', the condition was initially studied by neurologists from Johns Hopkins University and University of Pennsylvania","Mycetoma","Marker-assisted selection","Glycan","Acute motor axonal neuropathy","4","Mycetoma","161","Glycan","213","Marker-assisted selection","138","109"
"210","Phenylacetic acid","Here are the key facts about Phenylacetic acid: • Chemical Composition: An organic compound containing a phenyl functional group and a carboxylic acid functional group, appearing as a white solid with a strong honey-like odor • Natural Occurrence: - A catabolite of phenylalanine - Found as an active but weak auxin (plant hormone) in fruits - Naturally produced by the metapleural gland of most ant species as an antimicrobial agent • Metabolic Role: Produced in humans through the oxidation of phenethylamine by monoamine oxidase and aldehyde dehydrogenase enzymes • Chemical Reactions: Can undergo ketonic decarboxylation to form ketones and can be condensed with other acids to form compounds like phenylacetone • Practical Applications: - Used in perfume production due to its honey-like scent - Important in pharmaceutical manufacturing (penicillin G, diclofenac) - Used to treat type II hyperammonemia by helping reduce blood ammonia levels • Pharmaceutical Uses: Component or precursor in several drugs, including camylofin, bendazol, phenacemide, and cyclopentolate • Regulatory Status: Controlled in countries like the United States and China due to potential use in illicit drug production (specifically methamphetamine)","Phenylacetic acid","Oligoclonal band","Cricket paralysis virus","PiggyBac transposon system","1","Oligoclonal band","204","Cricket paralysis virus","176","PiggyBac transposon system","127","171"
"211","David Relman","Here are the key facts about David Relman: • Prominent microbiologist and professor at Stanford University School of Medicine, holding the Thomas C. and Joan M. Merigan Professor title in Medicine and Microbiology & Immunology • Pioneered molecular methods for studying the human microbiome, identifying previously unknown microbial pathogens like those causing bacillary angiomatosis and Whipple's disease • Highly accomplished academic with extensive credentials, including medical degree from Harvard Medical School (magna cum laude) and undergraduate degree from MIT • Elected to multiple prestigious scientific organizations, including the National Academy of Medicine, American Academy of Arts & Sciences, and American Academy of Microbiology • Received significant research awards from the National Institutes of Health, including the Pioneer Award (2006) and Transformative Research Award (2013) • Served in numerous leadership roles, including president of the Infectious Diseases Society of America and chair of the Forum on Microbial Threats at the National Academy of Medicine • Contributed to high-profile scientific investigations, including a 2019-2020 study on unexplained health symptoms among U.S. diplomats and calling for transparent research into COVID-19 origins • Currently serves on multiple scientific advisory boards, including the Intelligence Community Studies Board and the Defense Science Board • Son of Arnold 'Bud' Relman, longtime editor of the New England Journal of Medicine","MACF1","Exogamy","Golden rice","David Relman","4","Exogamy","240","Golden rice","177","MACF1","223","205"
"212","Structural similarity index measure","Here are the key facts about the Structural Similarity Index Measure (SSIM): • SSIM is a method for predicting the perceived quality of digital images and videos, using a full reference metric that compares an image to an original, uncompressed reference image • Unlike traditional metrics like Mean Squared Error (MSE), SSIM is perception-based and considers image degradation as a change in structural information, taking into account luminance and contrast masking • The method was developed by Zhou Wang, Alan Bovik, Hamid Sheikh, and Eero Simoncelli, first published in IEEE Transactions on Image Processing in 2004 • SSIM calculates similarity by comparing luminance, contrast, and structure across image windows, producing a decimal value between -1 and 1 (where 1 indicates perfect similarity) • The original SSIM paper has been highly influential, being cited over 50,000 times and receiving multiple awards, including a Primetime Engineering Emmy Award in 2015 • SSIM is typically applied to luma (brightness) values, using a sliding Gaussian window of 11x11 or block window of 8x8 pixels to create a quality map of the image • Advanced variants include Multi-scale SSIM (MS-SSIM), which processes images at multiple scales, and has been shown to perform equally well or better than the original method • While SSIM is not a true distance function, it can be converted to a normalized root Mean Squared Error measure under certain conditions","2006 North American E. coli outbreak in spinach","Structural similarity index measure","2024 in Philippine television","Campylobacter rectus","2","2024 in Philippine television","231","2006 North American E. coli outbreak in spinach","148","Campylobacter rectus","154","621"
"213","Micronutrient deficiency","• Micronutrient deficiency is the sustained insufficient supply of essential vitamins and minerals needed for growth, development, and optimal health, often caused by inadequate dietary intake, poor absorption, chronic illness, or elevated requirements. • Over 2 billion people worldwide are affected by micronutrient deficiencies, with recent studies estimating 372 million children under 5 years and 1.2 billion non-pregnant women of reproductive age have one or more deficiencies, particularly in Asia and sub-Saharan Africa. • The most commonly deficient micronutrients include iodine, iron, zinc, calcium, selenium, fluorine, and vitamins A, B6, B12, B9 (folate), and D, with significant variations between countries and populations. • Women of reproductive age, children, adolescents, and elderly populations are at highest risk due to increased demands, reduced absorption, or poorer diets, while vegans may also face deficiencies without proper supplementation. • Micronutrient deficiencies contribute to 10% of all children's deaths and cause impaired growth, neurodevelopment issues, perinatal complications, and increased morbidity and mortality risks. • Early childhood deficiencies lead to stunted growth and impaired cognitive development, which can result in reduced work capacity, productivity, and overall well-being in adulthood. • Deficiencies can be caused by long-term shortages of nutritious food, infections like intestinal worms, or illnesses that cause rapid nutrient loss through diarrhea or vomiting. • Effective interventions include food fortification, supplementation, and treatment of underlying infections, which can improve cognitive development, increase child survival, and reduce low birth weight prevalence.","List of designer drugs","Cabotegravir/rilpivirine","Pepsis grossa","Micronutrient deficiency","4","Cabotegravir/rilpivirine","237","Pepsis grossa","203","List of designer drugs","103","586"
"214","Muscarinic acetylcholine receptor M2","• The M2 muscarinic acetylcholine receptor is encoded by the CHRM2 gene in humans and is Gi-coupled, which reduces intracellular cAMP levels. • In the heart, M2 receptors slow heart rate by reducing the speed of depolarization, decrease atrial muscle contractile forces, and reduce conduction velocity of the AV node. • M2 receptors are the predominant type in airway smooth muscle, where they inhibit β-adrenergic mediated relaxation and work synergistically with M3 receptors to control airway constriction. • The receptor operates through a Gi-type mechanism that decreases cellular cAMP and modulates potassium channels, particularly in cardiac pacemaker cells where it causes membrane hyperpolarization. • M2 receptors appear to generally function as autoreceptors and are involved in mediating olfactory-guided behaviors such as odor discrimination, aggression, and mating. • Some studies have suggested an association between the CHRM2 gene and intelligence, though larger replication studies have failed to confirm this relationship. • Few highly selective M2 agonists are currently available, but numerous selective antagonists exist, including methoctramine, AFDX-384, and various clinical drugs like atropine and ipratropium.","Hyperekplexia","Catarrh","Muscarinic acetylcholine receptor M2","Potto","3","Potto","101","Hyperekplexia","172","Catarrh","231","298"
"215","Surface plasmon resonance","Here are the key facts about Surface Plasmon Resonance (SPR): • Surface plasmon resonance is a phenomenon where electrons in a thin metal sheet become excited by light at a specific angle of incidence, causing electrons to travel parallel to the sheet • SPR is extremely sensitive to changes in the refractive index, making it a powerful technique for detecting specific substances (analytes) and developing biosensors • The surface plasmon polariton is a non-radiative electromagnetic surface wave that propagates along the boundary between a conductor and an external medium (like air or water) • Typical metals that support surface plasmons include silver, gold, copper, titanium, and chromium • There are two main configurations for exciting surface plasmon waves: the Otto configuration and the Kretschmann configuration, with the latter being more commonly used in practical applications • Surface plasmons can enhance the sensitivity of various spectroscopic measurements, including fluorescence, Raman scattering, and second-harmonic generation • SPR can detect molecular adsorption of substances like polymers, DNA, and proteins, with angle changes as small as 0.1° during thin film adsorption • Localized surface plasmon resonances (LSPRs) in metallic nanoparticles can create enhanced near-field amplitudes and provide high spatial resolution • Detectors in SPR instruments typically convert reflected light photons into electrical signals using devices like position sensing detectors (PSD) or charged-coupled devices (CCD)","Bee shrimp","Sarcopenic obesity","Batrachochytrium dendrobatidis","Surface plasmon resonance","4","Batrachochytrium dendrobatidis","204","Bee shrimp","243","Sarcopenic obesity","170","362"
"216","Bacon","• Bacon is salt-cured pork made from various cuts, typically the belly or back, and is eaten as a side dish, main ingredient, or flavoring agent. • The word 'bacon' derives from the Proto-Germanic '*bakkon,' meaning 'back meat.' • Bacon is cured through wet curing (injecting or soaking in brine) or dry curing (rubbing with salt), often with added nitrites or nitrates to speed curing and stabilize color. • Cured bacon may be dried for weeks or months, smoked using various woods, or boiled, with smoking processes taking up to eighteen hours depending on desired flavor intensity. • Bacon differs from ham and salt pork: ham comes from the hind portion with sweeter brine, while salt pork is never smoked and has much higher salt content. • Alternative bacon products exist made from beef, lamb, chicken, turkey, and even vegetarian options like soy bacon, often used in areas where pork consumption is prohibited for religious reasons. • Regular bacon consumption is associated with increased mortality and other health concerns. • Different countries prefer different cuts: Australia and New Zealand favor 'middle bacon,' Canada uses side bacon and back bacon varieties, while Great Britain and Ireland primarily consume back bacon.","Soybean","Paleocene–Eocene Thermal Maximum","Taenia coli","Bacon","4","Soybean","105","Paleocene–Eocene Thermal Maximum","114","Taenia coli","119","847"
"217","Diplolepis rosae","Here are the key facts about Diplolepis rosae: • Diplolepis rosae is a gall wasp that creates distinctive 'rose bedeguar' or 'robin's pincushion' galls primarily on field rose and dog rose shrubs • The female wasp lays up to 60 eggs in a leaf bud, which stimulates the plant to create a complex gall structure that serves as both habitat and food source for the developing larvae • The gall is characterized by a dense mass of sticky, branched filaments that change color from green to pink, crimson, and reddish-brown, potentially growing up to 10 cm wide • The species is almost entirely parthenogenetic, with fewer than 1% of wasps being male, potentially due to an endosymbiotic Wolbachia bacteria • Larvae develop within the gall, overwintering as prepupae and emerging as adult wasps between May and August • The gall serves as a complex ecosystem, hosting various inquiline insects, parasitoids, and hyperparasitoids that interact within its structure • The female wasp is about 4 mm long with yellow-red and black coloration, while males are smaller and entirely black • The gall's lifecycle involves the larva stimulating the plant to create specialized nutritive cells, which it continuously feeds on while growing","Kultarr","Agonistic behaviour","Diplolepis rosae","Carmine","3","Agonistic behaviour","127","Carmine","136","Kultarr","156","762"
"218","External memory algorithm","Here are the key facts about External Memory Algorithms: • External memory algorithms are designed to process data sets that are too large to fit into a computer's main memory at once, requiring efficient data retrieval from slow bulk memory like hard drives or network storage • The external memory model, introduced by Alok Aggarwal and Jeffrey Vitter in 1988, is an abstract computational model that analyzes algorithms based on the number of memory read and write operations • In this model, data is transferred in blocks, and the algorithm's performance is measured by the number of input/output operations between internal and external memory • B-trees are particularly effective in the external memory model, allowing search, insertion, and deletion operations in optimal time complexity • External sorting can be achieved through distribution sort or merge sort, with both methods achieving asymptotically optimal runtime • The model is especially useful for analyzing algorithms working with large datasets, such as geographic information systems with gigabytes or terabytes of data • The methodology extends beyond traditional CPUs, including applications in GPU computing and digital signal processing • The concept of 'out-of-core' algorithms dates back to at least 1962, initially referring to memory devices outside of core memory in IBM systems","External memory algorithm","List of subranges of the Appalachian Mountains","Jungle style","List of mesons","1","Jungle style","233","List of subranges of the Appalachian Mountains","183","List of mesons","192","651"
"219","Iris flower data set","• The Iris flower data set was made famous by British statistician Ronald Fisher in his 1936 paper as an example of linear discriminant analysis, though the data was originally collected by Edgar Anderson. • The dataset contains 150 records total: 50 samples from each of three Iris species (Iris setosa, Iris virginica, and Iris versicolor). • Four features were measured from each flower sample: sepal length, sepal width, petal length, and petal width (all in centimeters). • Fisher developed a linear discriminant model based on these four features to distinguish between the three species. • The dataset became a standard test case for many statistical classification techniques in machine learning, including support vector machines. • For clustering analysis, the data only contains two natural clusters - one with Iris setosa alone, and another containing both Iris virginica and Iris versicolor mixed together. • The dataset serves as a good example to illustrate the difference between supervised learning (where species labels are known) and unsupervised learning techniques. • It is widely used as a beginner's dataset for machine learning and is included by default in both R and Python's scikit-learn library for easy access.","Likelihood function","Dextrin","X-ray crystallography","Iris flower data set","4","Likelihood function","180","X-ray crystallography","242","Dextrin","148","610"
"220","Convoy PQ 8","Here are the key facts about Convoy PQ 8: • Convoy PQ 8 was an Arctic convoy that traveled from Iceland to Murmansk between 8-17 January 1942, part of the Western Allies' efforts to aid the Soviet Union during World War II • The convoy had to turn south during its journey to avoid ice, and experienced calm weather with exceptional visibility • The Germans had assembled their first U-boat wolfpack in the Arctic specifically to target this convoy • On 17 January, U-boat U-454 attacked the convoy, damaging the merchant ship SS Harmatris and sinking the destroyer HMS Matabele, with almost all of the Matabele's crew lost • The rest of the convoy successfully reached Murmansk on 17 January, with the damaged Harmatris being towed into harbor on 20 January • The Harmatris was stranded in Russia due to winter weather, lack of repair labor, frequent Luftwaffe air attacks on Murmansk, and the cessation of convoys after the PQ 17 disaster • The convoy was part of the broader Lend-Lease program, through which the UK and US committed to sending military equipment, supplies, and raw materials to the Soviet Union • These Arctic convoys were extremely challenging, taking place in some of the world's stormiest waters, with complex maritime conditions that made naval operations difficult","Battle of Enerhodar","Lüneburg-class replenishment ship","Type XVII submarine","Convoy PQ 8","4","Type XVII submarine","225","Battle of Enerhodar","249","Lüneburg-class replenishment ship","152","150"
"221","List of Amanita species","• **Amanita is a large genus containing over 500 named species and varieties** of agaric mushrooms distributed worldwide • **The genus includes both highly toxic and edible species**, with notable deadly varieties like Amanita bisporigera (destroying angel) and Amanita exitialis (Guangzhou destroying angel) in the Phalloideae section • **Amanita muscaria (fly agaric) is the type species of the entire genus** and has a cosmopolitan distribution, making it one of the most recognizable mushrooms globally • **The genus is organized into subgenera and sections based on taxonomic relationships**, with major subgenera including Amanita and Amanitina, each containing multiple sections • **Species are distributed across all continents**, with notable concentrations in Europe, North America, Asia, and some species found in South America, Africa, Australia, and New Zealand • **Many species have distinctive common names reflecting their characteristics**, such as 'destroying angel,' 'death cap,' 'grisette,' and 'Caesar's mushroom' • **The Section Caesareae contains several prized edible species**, including Amanita caesarea (Caesar's mushroom) from southern Europe and Amanita jacksonii (American Caesar) from eastern North America • **Some species are known for specific chemical compounds**, such as Amanita ibotengutake which is noted for containing ibotenic acid","Lipoarabinomannan","Streptococcus anginosus","List of Amanita species","Gigantopelta chessoia","3","Gigantopelta chessoia","118","Streptococcus anginosus","178","Lipoarabinomannan","197","266"
"222","Gonadal dysgenesis","Here are the key facts about Gonadal dysgenesis: • Gonadal dysgenesis is a congenital developmental disorder of the reproductive system characterized by progressive loss of primordial germ cells during embryonic development • The condition results in the formation of non-functional 'streak gonads' instead of normal reproductive tissue, leading to hormonal failure, sexual infantilism, and infertility • Gonadal development is primarily controlled genetically by chromosomal sex (XX or XY), which directs the formation of ovaries or testicles • There are multiple types of gonadal dysgenesis, including: - 46,XX gonadal dysgenesis - 46,XY gonadal dysgenesis - Mixed gonadal dysgenesis • In 46,XX gonadal dysgenesis, individuals have streak ovaries unable to produce estrogen, resulting in no puberty or secondary sex characteristics • In 46,XY gonadal dysgenesis, mutations in genes like SRY, SOX9, and others can disrupt testis development, leading to undermasculinization and atypical genital development • The condition can be caused by genetic mutations, chromosomal abnormalities, and disruptions in the complex genetic signaling cascade that controls gonadal development • Manifestations of gonadal dysgenesis vary depending on the specific underlying cause and severity of the genetic disruption • Individuals with gonadal dysgenesis typically do not undergo normal puberty and require hormonal intervention to develop secondary sex characteristics","Claes Wahlestedt","Proportionality (mathematics)","Gonadal dysgenesis","HLA-B7","3","Claes Wahlestedt","139","HLA-B7","140","Proportionality (mathematics)","212","766"
"223","DICOMweb","Here are the key facts about DICOMweb: • DICOMweb is a family of RESTful DICOM services designed for sending, retrieving, and querying medical images and related information • The standard aims to provide a lightweight, mobile and web browser-friendly mechanism for accessing medical imaging data using modern web technologies like HTTP, JSON, and standard media types • The primary services in the DICOMweb family are: - WADO-RS (retrieval of DICOM files and metadata) - STOW-RS (storage/sending of DICOM files) - QIDO-RS (querying collections of DICOM objects) • A key feature of DICOMweb is the ability to retrieve entire studies and series in a single request, rather than requiring multiple individual instance requests • The services are formally defined in DICOM PS3.18 Web Services and are distinguished by the '-RS' suffix indicating their RESTful nature • DICOMweb evolved from earlier web service approaches like WADO-URI (using URL parameters) and WADO-WS (SOAP-based services) • The standard is designed to be implementable by developers with minimal familiarity with the complex DICOM standard • Notable server implementations include DCM4CHEE Archive, Orthanc, and OsiriX • Client implementations include OHIF Viewer, Weasis, and OsiriX Viewer","Jet (particle physics)","Count–min sketch","DICOMweb","ZC45 and ZXC21","3","ZC45 and ZXC21","209","Jet (particle physics)","211","Count–min sketch","132","146"
"224","Polycythemia vera","• Polycythemia vera (PV) is an uncommon blood cancer where the bone marrow produces too many red blood cells, causing the blood to become thicker and more viscous. • The majority of cases (95%) are caused by mutations in the JAK2 gene, most commonly the V617F mutation that changes a single amino acid in the protein. • Common symptoms include itching (especially after warm water exposure), burning pain in hands or feet with skin discoloration (erythromelalgia), and increased risk of gouty arthritis. • Unlike secondary polycythemias, PV is associated with low levels of erythropoietin (EPO), as the mutated cells proliferate independently without needing this hormone. • If left untreated, PV can be fatal with a median survival of only 1.5-3 years, but with proper treatment, patients can live close to normal life expectancy (10-20 years median survival). • Primary treatment involves regular phlebotomy (blood removal) to reduce hematocrit levels below 45% for men and 42% for women, which decreases clotting risk and may improve cognitive function. • Additional treatments include medications like hydroxyurea, interferon therapy, and JAK2 inhibitors such as ruxolitinib, though some chemotherapies may increase the risk of transformation to acute leukemia. • Patients have an increased risk of serious complications including blood clots, Budd-Chiari syndrome (liver vein thrombosis), and peptic ulcers.","Hektoen enteric agar","Polycythemia vera","Jeffreys prior","Borrelia","2","Jeffreys prior","141","Borrelia","147","Hektoen enteric agar","117","297"
"225","Archaeoraptor","• **Archaeoraptor was a fossil forgery** - Published in National Geographic in 1999 as a supposed 'missing link' between birds and dinosaurs, but was actually constructed from rearranged pieces of real fossils from different species. • **Composite of multiple species** - Scientific analysis revealed the head and upper body belonged to the primitive bird *Yanornis*, the tail belonged to the small winged dinosaur *Microraptor*, and the legs/feet belonged to an unknown animal. • **Illegal fossil trade origins** - The fossil originated in 1997 when Chinese farmers illegally excavated and sold fossil pieces, which were then cemented together and smuggled to the United States, eventually purchased for $80,000. • **Published without peer review** - National Geographic published the fossil with an informal scientific name in a popular magazine rather than a peer-reviewed journal, drawing immediate criticism from the scientific community. • **Early signs of forgery detected** - Paleontologist Phil Currie noticed suspicious features during initial examination in March 1999, including perfectly mirrored feet and no visible connection between tail and body. • **Exposed the illegal fossil trade** - The scandal brought international attention to the problem of illegal fossil trafficking from China, where no fossils may legally leave the country. • **Vindicated evolutionary science** - Despite the forgery, the discovery of many genuine feathered dinosaurs has confirmed the evolutionary connection between birds and theropod dinosaurs. • **National Geographic investigation** - The magazine conducted an internal investigation and published the results in October 2000, concluding that virtually everyone involved had made mistakes in the process.","Atiyah–Singer index theorem","Vinegar syndrome","Archaeoraptor","Node graph architecture","3","Node graph architecture","143","Atiyah–Singer index theorem","185","Vinegar syndrome","181","332"
"226","Agriotherium","• Agriotherium is an extinct genus of bears that lived from the Late Miocene through Early Pleistocene (approximately 7.6 to 1.8 million years ago) across Eurasia and Africa. • A. africanum was exceptionally large, measuring around 2 meters (7 ft) in body length and weighing 317-750 kilograms (699-1,650 lb), making it among the largest known terrestrial carnivores. • The bears had distinctive physical features including longer legs, shorter faces, and wide jaws capable of generating enormous bite force compared to other bears. • Analysis indicates Agriotherium was an omnivore that ate significant plant material but also consumed animal matter, likely specializing in grazing, seasonal fruits, and scavenging meat from carcasses. • The bears lacked the physical adaptations for active hunting (insufficient limb strength and speed) or digging, suggesting they intimidated other predators to steal kills rather than hunt prey directly. • Agriotherium is the only known ursoid (bear-like carnivore) to have successfully colonized sub-Saharan Africa, with fossils found across Europe, India, Myanmar, China, and South Africa. • These bears coexisted with formidable predators including sabertooth cats like Amphimachairodus and Barbourofelis, requiring their large size to compete for resources in these dangerous environments.","Febrile seizure","Agriotherium","Gu (poison)","Atypical pneumonia","2","Febrile seizure","103","Gu (poison)","101","Atypical pneumonia","100","889"
"227","Darling 58","• The Darling 58 is a genetically engineered American chestnut tree created by SUNY ESF and The American Chestnut Foundation to restore American chestnuts to North American forests after they were decimated by chestnut blight in the late 19th century. • The tree survives chestnut blight attacks by incorporating an oxalate oxidase (OxO) gene from wheat that breaks down the oxalic acid produced by the blight fungus, allowing the trees to reach maturity and reproduce. • A major error was discovered in October 2023: field trials thought to be testing Darling 58 were actually using a different variant called Darling 54, which has the genetic modification inserted in a different location that may disrupt normal gene function. • The American Chestnut Foundation discontinued support for Darling 58 development in December 2023 due to poor performance results, likely caused by the mistaken use of Darling 54 in trials. • SUNY ESF continues development independently and plans to seek approval for Darling 54 instead, with an updated petition expected in Summer 2025. • Extensive testing showed that the genetic modification does not negatively affect bumblebees' survival, pollen use, or reproduction, and has little impact on the tree's photosynthetic or respiratory functions. • The resistance trait is heritable and passed down to offspring, though it doesn't prevent the blight fungus from completing its lifecycle on the trees. • Researchers submitted a deregulation petition to USDA in 2020 seeking approval to distribute seeds to the public, with multiple public comment periods held through 2022.","Clinical trials on glucosamine and chondroitin","Homeostatic model assessment","Cresomycin","Darling 58","4","Homeostatic model assessment","154","Clinical trials on glucosamine and chondroitin","213","Cresomycin","144","168"
"228","Sample-return mission","Here are the key facts about Sample-return missions: • A sample-return mission is a spacecraft mission designed to collect and return extraterrestrial samples to Earth for detailed scientific analysis • Samples can be collected from various celestial bodies, including the Moon, asteroids (Itokawa, Ryugu, Bennu), and comets (Wild 2) • Scientific laboratories on Earth have far more advanced analytical tools compared to spacecraft-based instruments, making sample return missions valuable for in-depth research • Sample-return missions help scientists understand the composition, geological history, and potential for life in the Solar System by providing direct material for study • The first successful sample-return mission was Apollo 11 in July 1969, which returned lunar surface material to Earth • Planetary protection protocols are crucial for sample-return missions, especially from locations that might harbor life, to prevent potential biological contamination • Current scientific focus includes investigating the building blocks of life on asteroids, comets, and Mars, and determining whether life might have originated in space • NASA has prioritized a Mars sample-return mission due to the planet's proximity and potential to have harbored past or present life • To date, samples have been returned from the Moon, asteroids, comets, and solar wind, with ongoing missions and plans for future sample collections","Sample-return mission","Brian K. Smith","Amaga (flatworm)","Amanita","1","Brian K. Smith","141","Amanita","243","Amaga (flatworm)","215","530"
"229","David Leigh (scientist)","Here are the key facts about David Leigh (scientist): • British chemist currently serving as the Sir Samuel Hall Chair of Chemistry at the University of Manchester since 2014 • Renowned for groundbreaking work in molecular-level dynamics, including inventing methods to create rotaxanes, catenanes, molecular knots, and synthetic molecular motors • Developed significant molecular innovations, such as: - A molecular information ratchet - A molecular switch that can move liquid droplets uphill - The first small-molecule walker-track system - The smallest molecular knot (76-atom-loop trefoil knot) - The first molecular robot capable of building different molecules • Recognized internationally for molecular machine research, and was suggested as a potential Nobel Prize candidate in 2016 • Educated at Codsall Community High School and the University of Sheffield • Previously held professorships at the University of Edinburgh and University of Warwick • Holds multiple prestigious scientific fellowships: Fellow of the Royal Society (FRS), Fellow of the Royal Society of Edinburgh (FRSE), and Fellow of the Royal Society of Chemistry (FRSC) • An accomplished public science communicator who combines interests in science, magic, and bridge playing • Established a prize at his former high school to encourage girls and disadvantaged children to study science","Biological plausibility","David Leigh (scientist)","Perfluorooctanesulfonamide","Xanthomonas campestris","2","Biological plausibility","168","Xanthomonas campestris","235","Perfluorooctanesulfonamide","225","296"
"230","Ingres (database)","Here are the key facts about Ingres (database): • Ingres is a proprietary SQL relational database management system originally developed as a research project at the University of California, Berkeley, starting in the early 1970s and ending in 1985 • The project was initiated by Michael Stonebraker and Eugene Wong, who were inspired by IBM's System R research and initially funded by various military and scientific agencies • Originally used QUEL as its query language, but later transitioned to SQL after the ANSI SQL standard was adopted in 1986 • Ingres was a pioneering database system that influenced many other commercial database technologies, including Sybase, Microsoft SQL Server, and NonStop SQL • In its early years (early 1980s), Ingres was considered a leading relational database implementation, competing directly with Oracle and having comparable functionality and market share • The source code was initially available at minimal cost, which helped distribute the technology widely, particularly to universities • Currently, Ingres is controlled by Actian Corporation, which provides development, support, and certified binaries • The original research project spawned the subsequent Postgres (Post Ingres) project, which later evolved into PostgreSQL, an open-source database system • Despite its early prominence, Ingres began losing market share around 1985, partly due to Oracle's aggressive marketing and the growing preference for SQL","Comparative linguistics","List of film noir titles","Hyōgai kanji","Ingres (database)","4","Comparative linguistics","154","List of film noir titles","188","Hyōgai kanji","244","435"
"231","Phenols","Here are the key facts about Phenols extracted from the Wikipedia article: • Phenols are organic chemical compounds consisting of one or more hydroxyl (−OH) groups directly bonded to an aromatic hydrocarbon group • They are more acidic than typical alcohols, with a pKa usually between 10 and 12, and can form phenolate or phenoxide ions when deprotonated • Phenols are produced both industrially and naturally by plants and microorganisms • They undergo several important chemical reactions, including: - Condensation with aldehydes and ketones (e.g., creating Bakelite) - Electrophilic aromatic substitution - Alkylation - Esterification - Oxidation • Over 100,000 tons of tert-butyl phenols are produced annually, with 2,6-ditert-butylphenol being an important antioxidant • More than 371 FDA-approved drugs between 1951 and 2020 contain phenol or phenolic ether structures • Phenols can be classified based on the number of carbon atoms, with a classification scheme developed by Jeffrey Harborne and Simmonds in 1964 • They are reactive toward oxidation and can be transformed into various compounds like quinones and hydroquinones through different chemical processes","Methylenetetrahydrofolate reductase","Phenols","Broyden–Fletcher–Goldfarb–Shanno algorithm","Oleum","2","Oleum","184","Broyden–Fletcher–Goldfarb–Shanno algorithm","173","Methylenetetrahydrofolate reductase","131","599"
"232","Vaghela dynasty","Here are the key facts about the Vaghela dynasty: • The Vaghela dynasty was the last Hindu dynasty to rule Gujarat before the Muslim conquest, ruling in the 13th century CE with their capital at Dholka • They originally served the Chaulukya dynasty and claimed to be a branch of that royal family, gradually gaining power during the weak reign of Chaulukya king Bhima II • The dynasty's name 'Vaghela' comes from Vyaghrapalli, a village meaning 'tiger's lair' • Visaladeva usurped the Chaulukya throne in the mid-1240s, marking the formal beginning of Vaghela rule in Gujarat • The Vaghelas created a mythological origin story claiming their ancestor sprang from Brahma's 'chuluka', connecting them to the Chaulukya lineage • The dynasty's power ended in 1304 CE when Karna Vaghela was defeated by Nusrat Khan of the Delhi Sultanate, losing control of Gujarat • Early prominent family members included Arnoraja, who was loyal to the Chaulukya kings and helped suppress rebellions, and Lavanaprasada, who held high-ranking feudal positions • They maintained a sophisticated court culture, including court poets like Someshvara who helped construct their royal narrative","Tree of knowledge system","PLY (file format)","Logical disjunction","Vaghela dynasty","4","Tree of knowledge system","224","Logical disjunction","193","PLY (file format)","157","4"
"233","Acmella oleracea","Here are the key facts about Acmella oleracea: • A flowering herb in the Asteraceae family with multiple common names, including toothache plant, buzz buttons, and electric daisy • Likely originated from a Brazilian Acmella species, and is a small, erect plant that grows quickly with gold and red inflorescences • Culinary uses include adding shredded leaves to salads, cooking leaves as greens, and using flower buds for a unique tingling/numbing flavor sensation • Contains spilanthol, a key active chemical responsible for the plant's distinctive mouth-watering and saliva-inducing effects • Used in traditional cuisine, particularly in Madagascar (as brèdes mafane in romazava) and Brazil (in dishes like tacacá) • Traditionally used in folk medicine as a decoction or infusion of leaves and flowers • Demonstrates potential as a biological pest control agent, with extracts showing effectiveness against mosquito and moth larvae • Prefers well-drained, organic soil and requires direct sunlight for seed germination • Contains active compounds like fatty acid amides, stigmasteryl-3-O-b-D-glucopyranoside, and various triterpenes • Used as a flavoring agent in foods, chewing gum, and chewing tobacco, with a distinctive citrus, herbal, and tropical flavor profile","Acmella oleracea","Smoke","Document","Molecular geometry","1","Smoke","215","Molecular geometry","118","Document","239","258"
"234","First-move advantage in chess","Here are the key facts about First-move advantage in chess: • White (the first-move player) has a statistically proven advantage in chess, consistently winning between 52-56% of games since at least 1851 • The advantage becomes more pronounced at higher levels of play, with top-level engine games approaching nearly 100% White wins among decisive games • Statistical studies have consistently shown White's advantage, including a 1946 study of 5,598 games showing White scoring 53.4% and a 2015 database of 739,769 games showing a 54.95% White win rate • The advantage varies slightly depending on opening moves, with 1.d4 (queen's pawn) showing a slightly higher win rate (56.1%) compared to 1.e4 (king's pawn) at 54.1% • Some world champions like Bobby Fischer and Vladimir Kramnik have expressed concerns about chess potentially becoming too drawish due to this inherent advantage • Statistician Jeff Sonas calculated that White's advantage is equivalent to approximately 35 rating points, meaning a player rated 35 points lower would have an expected 50% score • The advantage is less significant in faster time controls like blitz chess, where White's win rate drops closer to 52% • Some players like András Adorján have challenged the perception of White's advantage, arguing it might be more psychological than objective","First-move advantage in chess","Major League Baseball luxury tax","Heritrix","Google Scholar","1","Google Scholar","124","Major League Baseball luxury tax","138","Heritrix","161","41"
"235","COVID-19 pandemic in Canada","Here are the key facts about the COVID-19 pandemic in Canada: • The first confirmed COVID-19 case in Canada was on January 25, 2020, involving a traveler from Wuhan, China, with the first community transmission confirmed on March 5, 2020 • In March 2020, all provinces and territories declared states of emergency, implementing various restrictions including business closures, gathering prohibitions, and border access limitations • Mass vaccinations began nationwide on December 14, 2020, with Canada ultimately becoming one of the most vaccinated countries in the world • The pandemic progressed through multiple waves, with significant case surges in late 2020, early 2021, and summer 2021, primarily affecting Ontario, Quebec, British Columbia, and Alberta • By March 2022, more than 85% of Canadians aged five and over were fully vaccinated • The pandemic saw the introduction of vaccine passports and federal vaccination requirements for air travel and federally regulated workers in late 2021 • The Omicron variant drove record-level case numbers in January 2022, leading to renewed restrictions, though most provinces began lifting restrictions by March 2022 • A July 2021 Public Health Agency of Canada report indicated that unvaccinated individuals represented almost 90% of COVID cases at that time","Churchill White Paper","Chronic pancreatitis","COVID-19 pandemic in Canada","National Childhood Vaccine Injury Act","3","National Childhood Vaccine Injury Act","235","Chronic pancreatitis","159","Churchill White Paper","224","12"
"236","RM-70 multiple rocket launcher","Here are the key facts about the RM-70 multiple rocket launcher: • The RM-70 is a Czechoslovak multiple rocket launcher developed in 1971 as an enhanced version of the BM-21 Grad system • It uses a Tatra T813 'Kolos' 8x8 truck as its carrier platform, capable of carrying 40 rockets and 40 additional rockets for reload • The launcher can fire various rocket types, including high explosive fragmentation shells, with a single volley capable of delivering up to 256 kg of explosives • Different rocket variants include the JROF (range 20.75 km), JROF-K (range 11 km), 'Trnovnik' (17.5 km with 63 HEAT-bomblets), and others specialized for anti-personnel and anti-tank missions • Multiple variants exist, including the RM-70/85, RM-70/85M, and the NATO-interoperable RM-70 Modular, which can launch either 28 122mm or 6 227mm rockets • The system is widely used internationally, with current operators including Slovakia, Angola, Azerbaijan, Finland, Greece, and Ukraine, among others • Modern upgrades like the RM-70 Vampire feature digital fire control, an armored cabin, and improved mobility with a range of about 1,000 km and top speed of 90 km/h • The launcher has been used in various conflicts, including Ukraine's attacks on the Russian city of Belgorod during the 2022-2024 conflict","RM-70 multiple rocket launcher","Kamaz Typhoon","Halifax Explosion","FM12 NBC Respirator","1","Kamaz Typhoon","160","FM12 NBC Respirator","237","Halifax Explosion","149","38"
"237","Keratin 7","Here are the key facts about Keratin 7: • Keratin 7 is a protein encoded by the KRT7 gene in humans and is classified as a type II keratin • It is specifically expressed in simple epithelia that line internal organ cavities, gland ducts, and blood vessels • Keratin 7 is found in epithelial cells of the lung and breast, but is absent in some other glandular epithelia like colon and prostate • The genes encoding type II cytokeratins (including Keratin 7) are clustered on chromosome 12q12-q13 • In immunohistochemistry, Keratin 7 is used as a diagnostic marker to distinguish between different types of cancer, such as ovarian and transitional cell carcinomas • Keratin 7 is part of a family of keratin proteins that form heterotypic pairs during epithelial tissue differentiation • Alternative splicing of the Keratin 7 gene may result in multiple transcript variants, though not all have been fully characterized","Nidovirales","Keratin 7","Strukturbericht designation","Zearalenone","2","Strukturbericht designation","223","Nidovirales","138","Zearalenone","104","305"
"238","Tornado outbreak of May 4–6, 2007","Here are the key facts about the Tornado outbreak of May 4–6, 2007: • The outbreak produced 132 tornadoes across the Central United States, making it one of the largest tornado outbreaks in U.S. history • The most destructive tornado was an EF5 that struck Greensburg, Kansas on May 4, destroying approximately 95% of the city and killing 13 people • The outbreak was characterized by extreme meteorological conditions, including high CAPE values (up to 5,500 J/kg), significant wind shear, and a unique interaction between warm Gulf air and dry Southwestern desert air • Over 80 tornadoes were confirmed on May 5 alone, with additional severe weather including softball-sized hail and winds up to 90 mph • The Storm Prediction Center issued high and moderate risk warnings for severe weather across multiple states, including Kansas, Nebraska, Oklahoma, Colorado, and South Dakota • Total casualties included 14 fatalities and 89 injuries, with the majority resulting from the Greensburg tornado • In 2023, tornado expert Thomas P. Grazulis ranked the outbreak at 70 OIS (outbreak intensity score) points, classifying it as a major tornado outbreak • The severe weather event was driven by a slow-moving low-pressure system and a stationary warm front that created ideal conditions for supercell thunderstorm development","Single-cell sequencing","Chronic recurrent multifocal osteomyelitis","Tornado outbreak of May 4–6, 2007","Cyclops (copepod)","3","Cyclops (copepod)","160","Chronic recurrent multifocal osteomyelitis","153","Single-cell sequencing","167","688"
"239","Mimivirus","Here are the key facts about Mimivirus: • Discovered accidentally in 1992 within Acanthamoeba polyphaga, initially mistaken for a bacterium and named Bradfordcoccus • A giant virus with a massive capsid diameter of 400 nm, making it one of the largest known viruses until 2013 • Possesses an extraordinarily large genome of 1,181,404 base pairs, containing approximately 979 protein-coding genes • Belongs to the Nucleocytoplasmic Large DNA Viruses (NCLDV) group and classified in the Mimiviridae family • Natural hosts are amoebae, with a replication cycle that takes approximately 24 hours and ends with the host cell bursting • Contains unique genes not found in other viruses, including aminoacyl tRNA synthetases and metabolic genes previously thought to exist only in cellular organisms • Has an icosahedral capsid symmetry with protein filaments extending 100 nm from its surface, giving it a total length of up to 600 nm • Named 'Mimivirus' (mimicking microbe) because it resembles a bacterium when Gram-stained • Approximately 90% of its genome has coding capacity, with the remaining 10% considered 'junk DNA'","Deinodon","23andMe data leak","Languages of Ecuador","Mimivirus","4","Deinodon","184","Languages of Ecuador","112","23andMe data leak","114","623"
"240","List of least concern fishes","Here are the key facts from the Wikipedia article: • As of September 2016, the International Union for Conservation of Nature (IUCN) lists 9,131 fish species as 'least concern' • 60% of all evaluated fish species are classified as least concern • The IUCN has assessed 37 fish subspecies as least concern • 44 fish species subpopulations have been evaluated as least concern • Chondrichthyes (cartilaginous fish group) includes 313 species and two subpopulations assessed as least concern • Within cartilaginous fish, there are 148 ray and skate species classified as least concern • The article provides detailed lists of least concern fish across several categories, including: - Lobe-finned fishes (4 species) - Rays and skates - Guitarfish species - Whiptail stingrays - Narcinids - Hardnose skates - Urolophids - Softnose skates • The comprehensive listing represents a snapshot of fish species conservation status as of 2016","Polymyalgia rheumatica","Werner syndrome","List of least concern fishes","Cross-link","3","Polymyalgia rheumatica","162","Werner syndrome","114","Cross-link","205","746"
"241","Normocytic anemia","Here are the key facts about Normocytic Anemia: • Normocytic anemia is a type of anemia characterized by red blood cells of normal size (mean corpuscular volume between 80-100 femtoliters) • The prevalence increases with age, affecting up to 44% of men over 85 years old • Diagnosis involves analyzing the reticulocyte count to understand bone marrow function and potential underlying causes • Main causes include: - Acute blood loss - Decreased red blood cell production - Increased red blood cell destruction - Chronic diseases - Vitamin deficiencies • The most common type of normocytic anemia is anemia of chronic disease • Hemoglobin and hematocrit levels are decreased, despite normal-sized red blood cells • Treatment depends on the underlying cause and may include: - Addressing primary medical conditions - Dietary supplements - Erythropoietin to stimulate blood cell production • Blood loss, suppressed red blood cell production, and hemolysis represent most cases of normocytic anemia • Diagnostic evaluation often involves examining red blood cell morphology and understanding the specific mechanism of anemia","Normocytic anemia","GHS hazard pictograms","Arizona bark scorpion","Paleogenetics","1","Arizona bark scorpion","233","GHS hazard pictograms","172","Paleogenetics","215","548"
"242","Cryobiology","Here are the key facts about Cryobiology: • Cryobiology is the scientific study of biological materials and systems at temperatures below normal, ranging from moderately hypothermic to cryogenic temperatures. • The field encompasses six major areas of study, including cold adaptation, cryopreservation, organ preservation, lyophilization, cryosurgery, and the physics of supercooling. • Many living organisms have natural mechanisms to survive extremely low temperatures, such as producing cryoprotectants like antinucleating proteins, polyols, and glucose. • Some remarkable examples of cold-tolerant organisms include: - Bacteria that have survived frozen in ice for thousands of years - Wood frogs that can survive with up to 45% of their body frozen - Beetles that can survive temperatures as low as -150°C - Tardigrades that can briefly tolerate temperatures down to -273°C • Cryopreservation is a critical technique used in various fields, including: - Medical storage of cells, tissues, and embryos - Preservation of plant genetic resources - Long-term storage of endangered species • Plants and animals have developed sophisticated strategies to survive cold, such as producing antifreeze proteins and changing membrane compositions. • Cryobiology has potential applications in medicine, agriculture, conservation, and understanding biological adaptation to extreme conditions.","Health effects of snus","List of birds of New Jersey","Hawaii Ocean Time-series","Cryobiology","4","Health effects of snus","228","Hawaii Ocean Time-series","231","List of birds of New Jersey","116","382"
"243","Hooded skunk","• The hooded skunk (Mephitis macroura) is a mammal in the family Mephitidae, distinguished from striped skunks by its longer tail, softer fur, and distinctive white ruff around the neck that gives it its common name. • The species ranges from the Southwestern United States through Mexico to northwest Costa Rica, with populations being more abundant in Mexico and notably 50% smaller in southern Mexico compared to the southwestern US. • Hooded skunks inhabit grasslands, deserts, and mountain foothills while avoiding high elevations, typically living near water sources like rivers. • Despite being called hooded skunks, their diet in the wild consists primarily of insects (74.3% of stomach contents), with earwigs, stink bugs, and beetles making up 50% of their diet, while plant material comprises only about 1% despite readily eating prickly pear cactus. • They are nocturnal and solitary animals that shelter in burrows or thick plant cover during the day, though they may peacefully interact at feeding grounds without aggression. • Like other skunks, they defend themselves by spraying volatile chemicals from their anal glands, with seven major chemical components making up 99% of their defensive secretion. • The species exhibits three distinct color phases: black-backed with white lateral stripes, white-backed with one dorsal stripe, or entirely black with some white tail hairs, all featuring a thin white stripe between the eyes. • Hooded skunks are currently not endangered and are abundant in Mexico, with females being about 15% smaller than males and breeding occurring between February and March with litters of 3-8 young.","Sturge–Weber syndrome","Alexander disease","Kinkajou","Hooded skunk","4","Alexander disease","137","Sturge–Weber syndrome","117","Kinkajou","133","261"
"244","Attack on the Dureenbee","Here are the key facts about the Attack on the Dureenbee: • On 3 August 1942, the Japanese submarine I-175 attacked the unarmed fishing trawler Dureenbee off the coast of New South Wales, Australia • The attack occurred around 1:30 am, with the submarine initially firing shells from its deck gun, then using machine guns to destroy the trawler's radio room • Three crew members were killed during the attack: one died immediately, and two others died later from their wounds • The trawler's captain, William Reid, attempted to communicate with the Japanese sailors by shouting that they were a harmless fishing boat, but this was unsuccessful • The submarine circled the Dureenbee for 45 minutes, continuing to fire, before submerging and then reappearing to sail away • The damaged Dureenbee was later found aground on rocks near Batemans Bay and was unable to be salvaged • The rescue vessel Mirrabooka retrieved the surviving crew and the body of the dead sailor, transferring them back to shore • While the attack was described by some as a war crime, similar attacks were conducted by Allied submarines against Japanese vessels during World War II • The remnants of the Dureenbee still lie in the sea off what is now Murramarang National Park","Attack on the Dureenbee","USS Guam (LPH-9)","Sikorsky SH-60 Seahawk","Esrange","1","Esrange","196","Sikorsky SH-60 Seahawk","227","USS Guam (LPH-9)","200","97"
"245","2024 in piracy","Here are the key facts about piracy in 2024: • The International Maritime Bureau reported 116 maritime piracy and armed robbery incidents in 2024, with 94 vessels boarded and 6 hijacked. • Piracy in the Somali basin increased, with Somali pirates taking advantage of Houthi attacks in the Red Sea to expand their maritime operations. • From November 2023 to June 2024, Houthi rebels attacked more than 50 ships in the Red Sea, resulting in three sailor deaths and one hijacking. • The most dangerous shipping routes for piracy in 2024 were identified as the Singapore Strait, Gulf of Guinea, and Strait of Malacca. • On June 12, Houthis launched their first unmanned explosive drone boat, sinking the MV Tutor and killing one Filipino crewman. • In September, the ICC IMB reported sea piracy at its lowest levels since 1994, though crew safety risks remained high due to increased kidnappings and violence. • Notable piracy incidents included the hijacking of MV Abdullah (with a $5 million ransom), the attack on Magalie by Haitian gangs, and the hijacking of the Royal TB 17 tugboat in Indonesia. • Geopolitical tensions were increasingly seen as a source of maritime piracy, with most incidents occurring near West Africa, the Malacca Strait, and the South China Sea.","Biology and political orientation","Antisense therapy","Coffin–Lowry syndrome","2024 in piracy","4","Biology and political orientation","194","Coffin–Lowry syndrome","109","Antisense therapy","152","314"
"246","Leptofelis","Here are the key facts about Leptofelis: • Leptofelis is an extinct genus of felid (cat-like mammal) that lived during the Vallesian age in Spain • The name Leptofelis means 'swift cat' in Latin, derived from the words lepto (swift) and felis (cat) • Originally described in 2012 as Styriofelis vallesiensis, it was reclassified into its own genus in 2017 • Estimated to weigh between 7.21–9.02 kg, similar in size to a caracal or serval • Had an intermediate evolutionary adaptation between earlier arboreal felids and later ground-dwelling cats, likely being primarily ground-living but still capable of climbing trees • Inhabited open woodland habitats and was a predator that hunted small rodents and birds • Lived contemporaneously with various prehistoric mammals, including horses, mastodons, rhinoceroses, and other predators like machairodonts and amphicyonids • Survived in a variable habitat with scattered grasslands, using stealth and tree-climbing as survival strategies • Known from fossil specimens found at the Batallones-1 and Batallones-3 archaeological sites in Spain","Penaeus monodon","Hepatotoxin","Leptofelis","De novo protein synthesis theory of memory formation","3","Hepatotoxin","170","De novo protein synthesis theory of memory formation","164","Penaeus monodon","181","210"
"247","Epstein–Barr virus","Here are the key facts about Epstein–Barr virus (EBV): • EBV is a herpesvirus (HHV-4) and one of the most common human viruses, with about 90% of adults showing evidence of previous infection • It is the first identified oncogenic virus, linked to approximately 200,000 cancer cases globally per year, including lymphomas, gastric cancer, and nasopharyngeal carcinoma • EBV is transmitted through oral and genital secretions, and typically causes infectious mononucleosis when infection occurs during adolescence or young adulthood • The virus establishes a permanent infection in humans, persisting in latency for life after the initial infection is controlled • EBV can infect both B cells and epithelial cells, using different mechanisms to enter each cell type • In 2022, a large study suggested EBV might be the leading cause of multiple sclerosis, with recent infection significantly increasing the risk of developing the disease • Most children infected with EBV show no symptoms or mild, indistinguishable symptoms from other childhood illnesses • The virus is structurally complex, with a diameter of 122–180 nm and a genome containing about 172,000 base pairs encoding 85 genes • EBV is associated with various non-malignant and malignant diseases, and potentially increases the risk of certain autoimmune disorders","In vitro","Lexical–gustatory synesthesia","Bug bounty program","Epstein–Barr virus","4","In vitro","209","Lexical–gustatory synesthesia","115","Bug bounty program","200","295"
"248","Coenzyme Q – cytochrome c reductase","• Complex III (cytochrome bc1 complex) is the third complex in the electron transport chain and plays a critical role in ATP generation through oxidative phosphorylation. • The complex is found in mitochondria of all animals and aerobic eukaryotes, as well as inner membranes of most bacteria, and contains 11 subunits in higher animals (3 respiratory subunits, 2 core proteins, 6 low-molecular weight proteins). • Complex III catalyzes the reduction of cytochrome c by oxidizing coenzyme Q (CoQ) while pumping 4 protons from the mitochondrial matrix to the intermembrane space, creating a proton gradient essential for ATP synthesis. • The reaction mechanism operates through the 'Q cycle,' where two ubiquinols are oxidized to ubiquinones and one ubiquinone is reduced to ubiquinol, transferring electrons via cytochrome c intermediates. • The complex contains important prosthetic groups: cytochrome b has two b-type hemes, cytochrome c1 has one c-type heme, and the Rieske Iron Sulfur Protein has a 2Fe•2S iron-sulfur cluster. • Complex III inhibitors include three distinct groups, some of which have been commercialized as fungicides (strobilurins), anti-malaria agents (atovaquone), and insecticides. • Electron leakage from Complex III can produce harmful superoxide radicals, contributing to cellular damage and potentially playing a role in aging and various pathologies. • Mutations in Complex III genes typically cause exercise intolerance and can lead to severe conditions like Björnstad syndrome and GRACILE syndrome, which are often lethal in neonates.","Elkhorn coral","Coenzyme Q – cytochrome c reductase","Eoperipatus totoro","2024–25 First Professional Football League (Bulgaria)","2","Eoperipatus totoro","209","Elkhorn coral","215","2024–25 First Professional Football League (Bulgaria)","223","765"
"249","Museum fatigue","• Museum fatigue is a state of physical or mental exhaustion caused by viewing exhibits in museums and cultural institutions, first described by Benjamin Ives Gilman in 1916. • Research shows visitors typically maintain high interest for about 20-30 minutes before experiencing a decline in attention and engagement with exhibits. • The phenomenon is caused by multiple interconnected factors including physical exhaustion, mental fatigue, information overload, satiation from viewing similar objects, and limited attention capacity. • Satiation occurs when visitors view monotonous objects consecutively, leading to declined attention and enjoyment, though self-regulated paths can delay this effect compared to ordered routes. • Object competition happens when multiple stimuli are presented simultaneously, causing decreased attention to individual exhibits as visitors must choose where to focus their limited attention. • Physical fatigue results from extended walking and poorly placed exhibits, while mental fatigue comes from prolonged periods of concentrated attention on displays. • Poor museum design can enhance museum fatigue by contributing to the underlying factors, sometimes causing visitors to refuse taking in information to avoid the fatigued state. • The decision-making process of visitors changes during their visit, becoming more discriminatory as they progress through the museum due to interacting fatigue factors.","Pneumococcal conjugate vaccine","Charcot–Wilbrand syndrome","Bacillus thuringiensis israelensis","Museum fatigue","4","Charcot–Wilbrand syndrome","155","Pneumococcal conjugate vaccine","133","Bacillus thuringiensis israelensis","205","221"
