"hit_id","article_topic","article_text_truncated","option_1","option_2","option_3","option_4","correct_option_position","distractor_1","distractor_1_rank_distance","distractor_2","distractor_2_rank_distance","distractor_3","distractor_3_rank_distance","topic_distance_from_base"
"0","Mining in Roman Britain","• Mining was one of the most prosperous activities in Roman Britain, with the region rich in copper, gold, iron, lead, salt, silver, and tin - resources in high demand throughout the Roman Empire. • The abundance of mineral resources in Britain was likely one of the primary reasons for the Roman conquest, as metals were essential for coinage and luxury goods for the elite. • Romans achieved remarkable speed in establishing mining operations, having lead mines in Mendip, Derbyshire, Shropshire, Yorkshire and Wales running at full capacity by 49 AD - just six years after the invasion. • By 70 AD, Britain had surpassed Hispania (Spain) as the leading lead-producing province in the Roman Empire, prompting Spanish complaints to Emperor Vespasian who imposed production limits. • Lead mining was crucial because lead was essential for Roman infrastructure (aqueducts, plumbing, gutters) and served as the primary source for silver extraction through a process called cupellation. • British lead was exported throughout the empire - research has confirmed that Somerset lead was used in Pompeii before its destruction in 79 AD. • Tin mining in Britain had prehistoric roots dating to 2000 BC, with Cornish tin ingots from the second millennium BC found as far away as shipwrecks off the Levantine coast. • The Romans used advanced extraction technology that remained unequaled until the Middle Ages, including sophisticated smelting processes that separated silver from lead at temperatures up to 1100°C. • When official Roman coins were debased in the third century AD, counterfeit mints in Somerset produced superior quality silver coins using local Mendip silver.","Mining in Roman Britain","Proto-Italic language","Greek Magical Papyri","List of the Dead Sea Scrolls","1","Greek Magical Papyri","204","Proto-Italic language","139","List of the Dead Sea Scrolls","119","350"
"1","Faraday constant","• The Faraday constant (symbol F) is defined as the quotient of total electric charge by the amount of elementary charge carriers in a sample: F = q/n, expressed in coulombs per mole (C/mol). • It represents the 'molar elementary charge' - the electric charge of one mole of elementary carriers (such as protons or electrons). • The constant is named after English scientist Michael Faraday and has an exactly defined value since the 2019 SI revision: F = 9.64853321233100184×10⁴ C/mol. • The Faraday constant equals the product of the elementary charge (e) and Avogadro constant (NA): F = e × NA. • It serves as a proportionality factor between charge in coulombs (physics) and amount of substance in moles (chemistry), making it particularly useful in electrochemistry and electrolysis calculations. • The value was first determined in the 1800s by measuring silver deposited in electrochemical reactions using Faraday's law of electrolysis. • The related unit 'faraday' represents the charge of one mole of elementary charges: 1 faraday = 9.64853321233100184×10⁴ C. • Common alternative units include 96.485 kJ per volt–gram-equivalent and 26.801 A·h/mol.","Negative resistance","EBUS (serial buses)","Electric Reliability Council of Texas","Faraday constant","4","Electric Reliability Council of Texas","162","EBUS (serial buses)","211","Negative resistance","202","350"
"2","Typhoon Ampil (2024)","• Typhoon Ampil was the seventh named storm and third typhoon of the 2024 Pacific typhoon season, originating from atmospheric convection east of Kadena Air Base in early August. • The typhoon reached peak intensity on August 15-16, 2024, with sustained winds of 205 km/h (125 mph) and became a Category 3-equivalent storm, making it the first storm in the 21st century to reach the 34th parallel north at Category 3+ strength in the Western Pacific. • Ampil made its closest approach to Japan on August 16, prompting evacuation orders for over 404,000 people (178,000 households) in Tokyo and surrounding areas during Japan's Obon holiday week. • The typhoon caused significant transportation disruptions in Japan, with numerous flights and trains cancelled, though damage was minimal with only four reported injuries in the Kantō region. • After weakening, Ampil underwent extratropical transition on August 19 and its remnants traveled across the Bering Sea, Aleutian Islands, and into Arctic Alaska before dissipating on August 23. • The storm's remnants brought high surf, strong winds, and coastal flooding advisories to western Alaska, and contributed to an atmospheric river system that was expected to reach California. • Ampil struck Japan shortly after Tropical Storm Maria had caused record rainfall in northern Japan, and was followed one week later by the more powerful Typhoon Shanshan.","North Indian Ocean tropical cyclone","Typhoon Ampil (2024)","Tornado outbreak of April 25–28, 2024","Environmental impact of the Deepwater Horizon oil spill","2","Tornado outbreak of April 25–28, 2024","235","Environmental impact of the Deepwater Horizon oil spill","230","North Indian Ocean tropical cyclone","149","250"
"3","Old Irish grammar","• Old Irish has a complex system of initial consonant mutations where the first consonant of a word changes based on the preceding word, with three main types: lenition (weakening), nasalisation (prepending nasal sounds), and aspiration/gemination. • Initial mutations are crucial for distinguishing grammatical meanings that would otherwise be identical, such as the possessive determiner 'a' meaning 'his,' 'her,' or 'their' based solely on the mutation of the following word. • Lenition involves weakening consonants (like turning plosives into fricatives) and occurs after certain case forms including nominative/vocative singular feminines, dative singular of all genders, and certain prepositions and conjunctions. • Nasalisation (called eclipsis in Modern Irish) involves prepending nasal consonants and occurs after forms like accusative singular of masculines/feminines, genitive plural of all genders, and certain prepositions. • These mutations originated as sandhi effects (sound changes at word boundaries) in Primitive Irish but became grammaticalized when final syllables were lost in the transition to Old Irish. • The spelling of Old Irish often did not indicate mutations, except for some cases like voiceless stops written as 'ph th ch' when lenited, making the grammatical system less visible in written form. • Mutations generally apply within syntactic phrases (like between nouns and adjectives) but typically do not cross phrase boundaries, though some exceptions exist in early Old Irish texts. • The mutation system remains largely unchanged in Modern Irish, demonstrating the stability and importance of this grammatical feature across more than a millennium.","Old Irish grammar","Sociocultural evolution","Lists of battles","Languages used on the Internet","1","Languages used on the Internet","144","Lists of battles","133","Sociocultural evolution","197","150"
"4","25 kV AC railway electrification","• **25 kV AC electrification uses standard utility frequency (50 or 60 Hz), which simplifies traction substations and is ideal for long-distance railways and heavy traffic.** • **The system came into widespread use in the 1950s after earlier experimentation in Hungary and Germany's Black Forest before World War II.** • **Early adoption was limited by the lack of reliable, lightweight rectification equipment and the need for increased clearance under bridges and tunnels for high-voltage components.** • **The first successful operational system was developed by Kálmán Kandó in Hungary in 1931, using 16 kV AC at 50 Hz on the Budapest–Dunakeszi–Alag line.** • **The Deutsche Reichsbahn completed the first railway using this system type in 1936 with a 20 kV 50 Hz AC system on part of the Höllentalbahn, which influenced France's adoption of 25 kV as their standard.** • **Mercury arc rectifiers' unreliability was the main barrier to earlier adoption, as DC series motors required AC-to-DC conversion but rectifiers were unsuitable for locomotive use until the 1950s.** • **Modern high-speed trains like the N700 Shinkansen use complex conversion systems, transforming 25 kV single-phase AC through multiple stages to power three-phase AC induction motors.** • **25 kV was chosen as the optimal voltage balancing power transmission efficiency against equipment costs - higher voltages improve efficiency but require expensive larger insulators and greater structural clearances.** • **The system is vulnerable to weather conditions, with moisture potentially causing short circuits, as demonstrated by the 2009 Eurostar breakdowns in the Channel Tunnel.**","David Lionel Goldsmid-Stern-Salomons","List of power stations in the Republic of Ireland","25 kV AC railway electrification","Moss Landing Power Plant","3","Moss Landing Power Plant","144","List of power stations in the Republic of Ireland","192","David Lionel Goldsmid-Stern-Salomons","230","500"
"5","Ashoka","I notice there may be some confusion here. The article you've provided is actually about 'Ashok' as a given name and lists various people named Ashok, rather than being about Emperor Ashoka (the ancient Indian ruler who is typically the subject of historical articles about 'Ashoka'). However, based on the content provided, here are the key facts about the name Ashok: • Ashok is a given name used across various professions and regions in South Asia • The name is commonly used by notable figures in Indian cinema, including actors like Ashok Kumar (1911–2001) and contemporary performers across Tamil, Kannada, and Hindi films • Several Indian political leaders bear this name, including chief ministers of major states like Ashok Gehlot (Rajasthan) and Ashok Chavan (Maharashtra) • The name appears among professionals in law enforcement and judiciary, including former chiefs of intelligence agencies and judges • Ashok is used by notable figures in literature, such as Tamil writer Ashokamitran (1931–2017) and novelist Ashok Banker • The name extends to various other fields including sports (cricketers), film production, and specialized professions like herpetology • The name has variations and is also used in Sri Lanka (as 'Asoka') If you were looking for information about Emperor Ashoka (the Mauryan ruler), please provide that specific article, as it would contain very different historical content.","Hindu texts","Noakhali riots","Ashoka","Swarup Rani Nehru","3","Noakhali riots","129","Hindu texts","152","Swarup Rani Nehru","249","350"
"6","Portraits of Periodical Offering","• The Portraits of Periodical Offering (職貢圖) were official documentary paintings created by Chinese dynasties and later adopted by other East Asian dynasties like Japan and Vietnam to record tributary relationships and diplomatic exchanges. • These paintings served as historical documents depicting ambassadors from tributary states and tribes who were required to periodically visit the imperial court and pay tribute with valuable gifts. • The earliest surviving example is the Portraits of Periodical Offering of Liang (526–539 CE), painted by future Emperor Yuan of Liang, Xiao Yi, which originally contained at least 25 portraits of ambassadors from various countries including the Hephthalites, Persia, Korea, Japan, and Malaysia. • After the 9th century, these drawings were reproduced using woodblock printing and distributed among the bureaucracy in albums for administrative purposes. • The paintings included short written descriptions alongside the portraits that became equivalent to diplomatic documents, recording cultural aspects and expressions of different ethnic groups and nations. • Notable versions include Tang dynasty works by Yan Liben (circa 650 CE) depicting 27 people from various states, and a Qing dynasty version by Xie Sui completed in 1751 that described peoples as far away as Britain in Western Europe. • Most original works have been lost over time, with only copies surviving - such as an 11th century Song dynasty copy of the Liang portraits currently preserved at the National Museum of China, and a Song copy of Tang portraits at the National Palace Museum in Taipei. • The paintings documented envoys from a vast geographic range including Central Asia (Kucha, Yarkand), Southeast Asia (Malaysia, Champa), South Asia (India, Sri Lanka), East Asia (Korea, Japan), and Persia, demonstrating the extensive reach of Chinese tributary systems.","Stylometry","Lauretta Vinciarelli","Holy Grail","Portraits of Periodical Offering","4","Stylometry","192","Holy Grail","198","Lauretta Vinciarelli","245","250"
"7","Tornado outbreak of April 25–28, 2024","• The tornado outbreak occurred from April 25-28, 2024, primarily affecting the Midwestern, Southern, and High Plains regions of the United States, with peak activity on April 26-27. • A total of 164 tornadoes were confirmed over the two-day period, resulting in 6 fatalities and 150 injuries across multiple states. • The strongest tornado was a violent EF4 that struck Marietta, Oklahoma on April 27, killing one person on I-35 and destroying a large warehouse and grocery store. • On April 26, Nebraska and Iowa were severely impacted, including a high-end EF3 tornado near Lincoln, Nebraska and an EF4 tornado in Elkhorn that prompted tornado emergencies. • April 27 featured a moderate risk forecast with a particularly dangerous situation (PDS) tornado watch issued for Oklahoma, where multiple strong tornadoes caused significant damage and casualties. • Notable tornado impacts included an EF3 tornado that devastated Sulphur, Oklahoma (1 death, 30 injuries) and another EF3 near Holdenville, Oklahoma (2 deaths). • The outbreak scored 87 points on the tornado intensity scale and marked the beginning of a 16-day period of continuous severe weather across the United States lasting until May 10, 2024. • Multiple tornado emergencies were issued during the event, particularly for areas around Elkhorn, Nebraska and Minden, Iowa, indicating imminent threats to populated areas.","2013 Moore tornado","1999 Oklahoma tornado outbreak","List of neuroscience databases","Tornado outbreak of April 25–28, 2024","4","List of neuroscience databases","244","1999 Oklahoma tornado outbreak","156","2013 Moore tornado","137","5"
"8","List of French inventions and discoveries","• France pioneered photography with Nicéphore Niépce creating the first photographic image in 1822 and later collaborating with Louis Daguerre to develop the daguerreotype process. • French inventors created cinema, with Louis Le Prince developing the first motion picture camera and projector, and the Lumière brothers holding the first commercial public screening of films in Paris on December 28, 1895. • The metric system was standardized during the French Revolution as part of the country's scientific and technological developments during this period of change. • Major French contributions to nuclear physics and immunology include Henri Becquerel and Marie Curie's foundational research in nuclear physics, and Louis Pasteur's pioneering work in immunology. • France developed numerous influential art movements including Gothic art (mid-12th century), Rococo (early 18th century), Impressionism (19th century), and Fauvism (early 20th century). • French musical innovations include the invention of the oboe in the mid-17th century, the first mechanical metronome by Étienne Loulié in 1696, and the development of musique concrète in the 1940s by Pierre Schaeffer. • The 18th-century Enlightenment in France, with its emphasis on reason and empirical observation, significantly propelled scientific and technological progress throughout the country. • French inventors made early contributions to aviation through figures like Clément Ader, helping establish France as a pioneer in flight technology.","Industrial policy","Glorious Revolution in Scotland","List of French inventions and discoveries","Technology and society","3","Industrial policy","161","Technology and society","155","Glorious Revolution in Scotland","249","50"
"9","Vermes","• Johannes Vermeer (1632-1675) was a Dutch painter who specialized in domestic interior scenes of middle-class life and is considered one of the greatest painters of the Dutch Golden Age. • He produced relatively few paintings and primarily earned his living as an art dealer, working slowly with great care and using expensive pigments while being particularly renowned for his masterful use of light. • Most of his paintings were set in two small rooms of his house in Delft, showing the same furniture and people (mostly women) in various arrangements. • After his death, Vermeer fell into obscurity for nearly two centuries until he was rediscovered in the 19th century by Gustav Friedrich Waagen and Théophile Thoré-Bürger. • Only 34 paintings are universally attributed to him today, despite earlier claims of 66 works. • In 1653, he married Catholic woman Catharina Bolnes and converted to Catholicism, likely at the insistence of his wealthy mother-in-law Maria Thins. • The couple had 15 children together, though four died before baptization, and they lived in his mother-in-law's spacious house where Vermeer painted in the front room on the second floor. • He was not wealthy during his lifetime and at his death, his wife was left in debt despite his moderate success as a provincial genre painter.","North Country Beagle","Coevolution","Vermes","Sciurus","3","Coevolution","145","North Country Beagle","109","Sciurus","201","200"
"10","Vaghela dynasty","• The Vaghela dynasty ruled the Kingdom of Gujarat in the 13th century CE with their capital at Dholka, and were the last dynasty to rule Gujarat before the Muslim conquest. • The Vaghelas originally served as feudal lords under the Chaulukya dynasty in the 12th century and claimed to be a branch of that dynasty, with the earliest known member Dhavala marrying the maternal aunt of Chaulukya monarch Kumarapala. • The dynasty's name 'Vaghela' comes from the village Vyaghrapalli (meaning 'tiger's lair'), and they called themselves Chaulukyas while claiming the same mythological descent. • Lavanaprasada and his son Viradhavala gained significant power during the reign of weak Chaulukya king Bhima II in the 13th century, becoming de facto rulers while nominally acknowledging Chaulukya authority. • In the mid-1240s, Viradhavala's son Visaladeva usurped the throne and established the Vaghela dynasty as independent rulers of Gujarat. • The dynasty ended in 1304 CE when the last Vaghela ruler Karna was defeated by Nusrat Khan of the Delhi Sultanate, resulting in the loss of Gujarat to Muslim forces. • Arnoraja was the first prominent Vaghela family member, serving Kumarapala loyally and helping suppress rebellions by provincial governors who revolted against the young king Bhima II.","List of mines in Japan","Vaghela dynasty","Steel","Cementite","2","List of mines in Japan","238","Steel","207","Cementite","139","1"
"11","Comparison of high-definition smartphone displays","Based on the provided Wikipedia article content, here are the key facts about high-definition smartphone displays: • The comparison focuses on smartphone displays with three main categories: 720p, 1080p, and 1440p resolution displays • The 'p-display' nomenclature refers to the number of pixels displayed across the width of a phone's screen • Only smartphones with 720p resolution or higher (HD ready resolution and above) are included in the comparison • The article excludes earlier phones with resolutions lower than 720p • Display categories include standard resolutions (720p, 1080p, 1440p) as well as nonstandard resolutions (750-828 and 1179-1320) • The comparison also includes a 2160p (4K UHD) category for ultra-high-definition smartphone displays • The article provides information about screen technology, resolution, size, and pixel density for each device • The lists are designed to be sortable alphabetically using sort icons in the first column","Comparison of high-definition smartphone displays","Punched tape","Demarcation point","Approximate string matching","1","Approximate string matching","238","Demarcation point","109","Punched tape","117","350"
"12","Spectrogram","• An optical spectrometer is an instrument that measures properties of light over specific portions of the electromagnetic spectrum, typically used to identify materials through spectroscopic analysis. • Spectrometers can operate across a wide range of wavelengths from gamma rays and X-rays to the far infrared, though individual instruments typically work within smaller ranges due to different measurement techniques required. • Joseph von Fraunhofer developed the first modern spectroscope in the early 19th century by combining a prism, diffraction slit, and telescope, and later invented the first diffraction spectroscope. • Gustav Robert Kirchhoff and Robert Bunsen pioneered the use of spectroscopes for chemical analysis and discovered the elements caesium and rubidium using this technique. • When materials are heated to incandescence, they emit light characteristic of their atomic makeup, creating sharply defined spectral bands that act like 'fingerprints' for identification. • Modern spectroscopes typically use diffraction gratings, movable slits, and photodetectors controlled by computers, replacing earlier designs that used simple prisms with wavelength graduations. • Spectrometers have diverse applications including astronomy (analyzing radiation from celestial objects to determine chemical composition), chemistry, and gemology (identifying gemstones through absorption spectra). • The evolution from spectroscopes to spectrographs involved replacing visual observation with photographic film and later electronic circuits with photomultiplier tubes for more accurate real-time analysis.","Musique concrète","Spectrogram","Comparison of free software for audio","Middle ear","2","Middle ear","217","Musique concrète","244","Comparison of free software for audio","162","10"
"13","Communism in 20 years","• Nikita Khrushchev announced the 'Communism in 20 years' slogan at the 22nd Congress of the Communist Party of the Soviet Union in 1961. • Khrushchev promised that a communist society would be built 'in the main' by 1980, claiming this timeline was based on 'scientific calculations.' • The slogan included the assertion that 'The current generation of Soviet people will live under communism,' which became the final phrase of the Third Program of the CPSU adopted at the congress. • The phrase 'The current generation of Soviet people will live under communism' was later removed from the Party program. • Kremlin speechwriter Elizar Kuskov is credited with creating the political slogan and reportedly made a cynical comment that 'this slogan will survive centuries,' expressing doubt about whether the goal could actually be achieved. • The promise represented an official Soviet commitment to achieving full communism within a specific timeframe, marking a significant policy declaration of the Khrushchev era.","Communism in 20 years","Stalin tunic","Vadim Rogovin","Marceli Nowotko","1","Stalin tunic","218","Vadim Rogovin","244","Marceli Nowotko","248","150"
"14","Battle of Solway Moss","• The Battle of Solway Moss occurred in November 1542 between English and Scottish forces near the River Esk on the English side of the Anglo-Scottish border. • The conflict arose because Scottish King James V refused his uncle Henry VIII's demand to break from the Catholic Church and convert to Protestantism. • A Scottish army of 15,000-18,000 men advanced into England on November 24, 1542, but suffered from poor leadership and command structure breakdown. • The battle was a decisive English victory despite being heavily outnumbered - Lord Wharton's 3,000 English troops routed the much larger Scottish force. • The Scots became trapped between the River Esk and Solway Moss (a peat bog), leading to mass surrenders and drownings, with several hundred Scots possibly drowning in the marshes and river. • Approximately 1,200 Scottish prisoners were captured, including high-ranking nobles like the Earls of Cassilis, Glencairn, and Maxwell, while only about 7 Englishmen and 20 Scots were killed. • News of the devastating defeat reportedly hastened the death of King James V, who died two weeks later at age 30 after falling ill with fever and learning his newborn child was a daughter rather than a son. • The captured Scottish nobles were generally well-treated in England, as Henry VIII hoped they would support English interests upon their return to Scotland after paying ransoms.","Excalibur","Blanchefleur","Battle of Solway Moss","William Rowley","3","Blanchefleur","216","Excalibur","239","William Rowley","234","750"
"15","Freedom of speech in the United States","• **First Amendment Protection**: Freedom of speech in the United States is strongly protected from government restrictions by the First Amendment to the U.S. Constitution, which applies to federal, state, and local governments under the incorporation doctrine. • **Government vs. Private Restrictions**: The First Amendment only prevents government restrictions on speech, not restrictions imposed by private individuals or businesses (unless they are acting on behalf of the government). • **Categories with Limited Protection**: Several categories of speech receive lesser or no First Amendment protection, including obscenity, fraud, child pornography, speech integral to illegal conduct, speech that incites imminent lawless action, and commercial advertising. • **Burden of Proof**: When a speech restriction is challenged in court, it is presumed invalid and the government bears the burden of proving the restriction is constitutional. • **Broader Speech Rights**: The First Amendment protects not only the right to speak but also the right to receive information, prohibits discrimination between speakers, and prevents the government from forcing individuals to speak or finance speech they disagree with. • **Historical Foundation**: Colonial America gradually expanded freedom of speech from 1607-1700, with the 1735 trial of John Peter Zenger marking a significant victory for free speech when a jury acquitted him of seditious libel for criticizing government officials. • **Bill of Rights Origins**: The First Amendment was adopted largely due to Anti-Federalist concerns that the new Constitution gave too much power to the federal government, with the Bill of Rights serving to limit federal authority. • **Time, Place, and Manner Restrictions**: The Supreme Court has recognized that governments may enact reasonable restrictions on the time, place, or manner of speech, even while protecting its content.","Eighteenth Amendment to the United States Constitution","List of federal judges appointed by Joe Biden","Jeffersonian democracy","Freedom of speech in the United States","4","Eighteenth Amendment to the United States Constitution","143","List of federal judges appointed by Joe Biden","186","Jeffersonian democracy","244","500"
"16","Discovery and exploration of the Solar System","• Ancient civilizations could only observe objects visible to the naked eye: the Sun, Moon, five classical planets (Mercury, Venus, Mars, Jupiter, Saturn), comets, meteors, and aurorae. • The invention of the telescope in the early modern period revolutionized solar system discovery, leading to the identification of moons, planetary rings, new planets, asteroids, and helping establish that Earth is one planet among many. • For millennia, what we now know as the Solar System was considered the entire universe, with a clear distinction between our solar system and outer space not emerging until the mid-17th century. • Ancient Greeks discovered that Phosphorus (morning star) and Hesperus (evening star) were actually the same object - the planet Venus. • The concept of a spherical Earth first gained intellectual dominance in the Pythagorean school of Ancient Greece in the 5th century BC, though most early civilizations believed in a flat Earth. • Modern space exploration through robotic probes, the Apollo Moon landings, and space telescopes has vastly expanded knowledge of planetary atmospheres, geology, and electromagnetic properties, creating the field of planetary science. • Various forms of electromagnetic radiation beyond visible light - including radio, infrared, ultraviolet, X-ray, and gamma-ray astronomy - have enabled detailed study of solar system composition and properties. • Ancient astronomers called the classical planets 'wanderer stars' (planētes asteres in Greek) due to their puzzling forward and backward motion against the fixed background stars, giving us the modern word 'planet.'","Voyager Golden Record","2012 VP113","Moons of Uranus","Discovery and exploration of the Solar System","4","Voyager Golden Record","105","Moons of Uranus","201","2012 VP113","170","1"
"17","Audi A2","• The Audi A1 is a luxury supermini car first launched at the 2010 Geneva Motor Show, with sales beginning in Germany in August 2010 and the UK in November 2010. • A five-door variant called the 'Sportback' was launched in November 2011, while the second generation was released in 2019 with the three-door model being discontinued in 2018. • The A1 was previewed through several concept cars, including the 2007 metroproject featuring a plug-in hybrid powertrain with a 1.4L turbo engine and electric motor. • The first generation A1 is built on the Volkswagen Group PQ25 platform, shared with the SEAT Ibiza Mk4 and VW Polo Mk5, and was produced at Audi's Belgian factory in Forest, near Brussels. • The A1 uses MacPherson strut front suspension and torsion beam rear suspension, with UK trim levels including SE (base), Sport, and S line specifications. • Most engines include start-stop system and energy recuperation technology, except for certain variants like the 185 PS 1.4 TFSI and S tronic version of the 1.6-litre TDI. • By June 23, 2011, Audi had produced 100,000 A1 vehicles at their Brussels plant, demonstrating strong early production success. • A special 2011 Audi A1 painted by artist Damien Hirst was sold for £350,000, highlighting the model's cultural appeal.","Vehicle registration plates of the Soviet Union","Honda Civic (first generation)","Audi A2","Bentley 3 Litre","3","Vehicle registration plates of the Soviet Union","135","Bentley 3 Litre","139","Honda Civic (first generation)","119","200"
"18","Third Dynasty of Egypt","• The Third Dynasty (c. 2686-2613 BC) marks the beginning of Egypt's Old Kingdom period, with Memphis as the capital. • Djoser is now widely considered the founder of the Third Dynasty, as archaeological evidence shows he buried and succeeded Khasekhemwy, the last king of the Second Dynasty. • The dynasty lasted approximately 75 years according to the Turin King List, though modern scholarly estimates vary by more than a century. • Djoser commissioned his vizier Imhotep to build the Step Pyramid, which is the earliest surviving pyramid in Egypt. • Historical records disagree significantly on the number and order of Third Dynasty rulers - ancient king lists record between 4-5 kings while Manetho records 9, many of whom may be duplicate names for the same rulers. • The dynasty emerged after a turbulent period that may have included civil war during the final years of the Second Dynasty. • Key rulers include Djoser (the most famous), Sekhemkhet (who reigned 6-7 years), and Huni (the last king), though the exact identities and sequence of some kings remain uncertain. • Some scholars propose the Third Dynasty may have originated from southern Egypt or Sudan, though this remains debated among Egyptologists.","Nut (goddess)","Chronology of bladed weapons","Third Dynasty of Egypt","Wadjenes","3","Wadjenes","144","Chronology of bladed weapons","218","Nut (goddess)","222","50"
"19","Treatise","• A treaty is a legally binding international agreement between sovereign states or international organizations, governed by international law and known by various terms such as convention, protocol, covenant, or pact. • Treaties can be bilateral (between two countries) or multilateral (involving more than two countries) and cover diverse subjects including security, trade, environment, human rights, and establishment of international institutions. • The 1969 Vienna Convention on the Law of Treaties (VCLT) codified international practices and established comprehensive rules for creating, amending, interpreting, and terminating treaties. • All valid treaties must comply with the principle of pacta sunt servanda ('agreements must be kept'), requiring parties to perform their duties and honor agreements in good faith. • Treaties serve as primary sources of international law and are only binding on parties that have signed and ratified them, unlike customary international law which applies more broadly. • Modern treaties typically follow a consistent format: preamble identifying parties and objectives, numbered articles containing the actual agreement, and an eschatocol (closing protocol) with execution details and signatures. • Treaties can be invalidated if they violate preemptory norms (jus cogens), such as permitting wars of aggression or crimes against humanity. • International agreements have been used by major civilizations throughout history but became increasingly sophisticated during the early modern era and widespread in the 19th century.","Treatise","Cross-polytope","World line","Dublin Core","1","Cross-polytope","112","Dublin Core","188","World line","197","750"
"20","List of islands in the Indian Ocean","• The Indian Ocean islands are geographically divided into three main regions: eastern, western, and southern areas. • Some of the most prominently large islands in the Indian Ocean include Madagascar, Sri Lanka, and the Indonesian islands of Sumatra, Java, and Lesser Sunda Islands. • The Eastern Indian Ocean contains islands belonging to multiple countries including India (Andaman and Nicobar Islands), Australia (Christmas Island, Cocos Islands), Indonesia (Nias, Mentawai Islands), Malaysia (Langkawi, Penang), Thailand (Phuket, Phi Phi Islands), and Myanmar (Mergui Archipelago). • The Western Indian Ocean includes major island nations and territories such as Madagascar, Maldives, Mauritius, Seychelles, Comoros, and Réunion, as well as archipelagos belonging to African nations like Tanzania's Zanzibar and Mafia archipelagos. • Several Western Indian Ocean territories remain under European control, including Mayotte and Réunion (France), while the Chagos Archipelago is transitioning from UK to Mauritius control. • The Southern Indian Ocean contains primarily uninhabited or research-focused islands controlled by France (Kerguelen Islands, Île Amsterdam), Australia (Heard Island and McDonald Islands), and South Africa (Prince Edward Islands). • The Indian Ocean islands span a vast range of political jurisdictions, with territories belonging to at least 15 different countries across Asia, Africa, Europe, and Oceania.","Shewanella","Black people and early Mormonism","List of islands in the Indian Ocean","List of mines in Japan","3","Black people and early Mormonism","175","List of mines in Japan","139","Shewanella","150","100"
"21","Chopta","• Chopta is a small region of meadows and evergreen forest located in Uttarakhand state, India, situated at an elevation of 2,709 metres (8,888 ft) above sea level and part of Kedarnath wildlife sanctuary. • It serves as a base for trekking to Tungnath temple (3.5 km away), the third temple of Panch Kedar, and Chandrashila summit (1.5 km from Tungnath), which rises to over 4,000 metres (13,000 ft). • The region offers panoramic views of major Himalayan peaks including Trishul, Nanda Devi, Chaukhamba, and 41 other Himalayan peaks, with the best visibility during winter months when skies are clear. • Chopta is located 162 kilometres from Rishikesh, 45 km from Ukhimath, and approximately 450 kilometres from Delhi, accessible via roads connecting Gopeshwar with Guptkashi. • The area experiences heavy snowfall from November to March with temperatures ranging from -15°C to 15°C, creating 4-7 feet thick snow layers by January, while summers (March-May) are pleasant with temperatures between 10°C-30°C. • The region is rich in biodiversity, surrounded by forests of pine, deodar, and rhododendron, and home to rare species including monal birds, musk deer, and pika mice, making it popular among birdwatchers. • Popular activities include trekking, camping, snow skiing, rock climbing, and photography, with the complete Chopta-Tungnath-Chandrashila trek typically taking 3-5 days starting from Kund. • Key attractions include Tungnath temple at 3,680m elevation, Chandrashila peak at 4,090m, Deoria Tal lake at 2,350m, and dense forests within the Kedarnath Wildlife Sanctuary.","2013 Nanga Parbat massacre","Chopta","Shimla","Demographics of Asia","2","Shimla","181","Demographics of Asia","152","2013 Nanga Parbat massacre","194","500"
"22","Uniform Resource Name","• A Uniform Resource Name (URN) is a type of Uniform Resource Identifier (URI) that uses the 'urn:' scheme and serves as a globally unique, persistent identifier that remains available even after the original resource ceases to exist. • URNs cannot be used to directly locate resources and are not required to be resolvable, functioning instead as templates for other systems to find items, unlike URLs which specify resource locations. • The original three-part Internet architecture concept included URNs, URLs, and Uniform Resource Characteristics (URCs), but URCs never developed beyond the conceptual stage. • Since RFC 3986 in 2005, the formal distinction between URNs and URLs has been deprecated in technical standards in favor of the broader term 'URI,' though both terms remain in informal use. • URN syntax follows the format 'urn:NID:NSS' where NID is the namespace identifier and NSS is the namespace-specific string, with recent updates in 2017 allowing slash characters and adding optional q-component and r-component parameters. • URN namespace identifiers must be registered with IANA to ensure global uniqueness, with two categories: 'formal' namespaces (subject to specific restrictions) and 'informal' namespaces (assigned number sequences by IANA). • Approximately sixty formal URN namespaces have been registered, including examples like 'urn:isbn' for International Standard Book Numbers and 'urn:uuid' for universally unique identifiers. • Formal URN namespaces must meet specific requirements including being more than two letters long, not starting with 'urn-' or 'XY-' combinations, and not conflicting with existing registered identifiers.","Web feed","Internet layer","Uniform Resource Name","Schema.org","3","Schema.org","186","Web feed","189","Internet layer","101","25"
"23","Calculus","• Calculus is the mathematical study of continuous change, with two major branches: differential calculus (analyzing instantaneous rates of change and slopes of curves) and integral calculus (analyzing accumulation of quantities and areas under curves). • Isaac Newton and Gottfried Wilhelm Leibniz each independently formulated infinitesimal calculus in the late 17th century. • The two branches of calculus are connected by the fundamental theorem of calculus, which relates differentiation and integration. • Calculus uses convergence of infinite sequences and infinite series to well-defined mathematical limits as its foundational concept. • The term 'calculus' comes from the Latin word meaning 'pebble,' referring to the use of pebbles as counters in Roman counting-board abacuses. • Differential calculus focuses on derivatives, which measure the instantaneous rate of change of a function at any given point and generalize the concept of slope for curved lines. • Calculus has been called 'the mathematical backbone' for solving problems involving variable quantities and 'the basic instrument of physical science.' • The concepts and techniques of calculus have broad applications across science, engineering, and other branches of mathematics.","Calculus","Kernel (algebra)","Types of periodic tables","Hellinger distance","1","Types of periodic tables","172","Hellinger distance","197","Kernel (algebra)","219","0"
"24","List of newspapers by circulation","• Newspaper circulation figures are compiled by two main international organizations: the International Federation of Audit Bureaux of Circulations (IFABC) and the World Association of Newspapers and News Publishers (WAN-IFRA). • The list specifically tracks paid daily newspapers only - free newspapers are excluded from circulation counts. • Some circulation figures are disputed, particularly Japanese newspaper numbers which face claims of 'oshigami' - a practice of exaggerating circulation by over-supplying papers to businesses. • The primary data source for current rankings comes from WAN-IFRA's World Press Trends 2016 report. • Historical circulation data is available through multiple sources, with figures accessible from 2008 to 2017 depending on the database used. • The list represents worldwide newspaper circulation, showing global rather than regional rankings. • Only publicly available circulation figures through the official organizations are included in the rankings.","List of newspapers by circulation","Publishing","Incunable","Enigma discography","1","Enigma discography","212","Publishing","234","Incunable","233","150"
"25","Naming collision","• A naming collision occurs when the same variable name is used for different things in two separate areas that are later joined or merged, causing them to share the same namespace. • Naming collisions must be resolved for new software (such as mashups) to function properly when combining code from different sources. • The term 'name collision' has been used in computer science for over three decades to describe naming conflicts in various classification systems. • Name collision problems and their solutions are commonly taught as fundamental concepts in introductory computer programming courses, particularly for languages like C++. • Three primary techniques exist to avoid naming collisions: using namespaces to create qualified names, renaming one of the conflicting items, and prefixing names with unique characters. • Namespaces work by qualifying each name within a separate group so that the fully qualified names remain distinct from each other. • Prefixing involves adding unique characters before names to differentiate them and prevent accidental future collisions.","Triton X-100","Gill","Naming collision","Iron-oxidizing bacteria","3","Gill","192","Triton X-100","231","Iron-oxidizing bacteria","227","250"
"26","Mahmudiyya Canal","• The Mahmudiyya Canal is a 45-mile-long (72 km) waterway connecting the Nile River to Alexandria and the Mediterranean Sea, built to supply Alexandria with food and fresh water. • Construction was ordered by Viceroy Mohamed Ali on May 8, 1817, and completed in January 1820, with the canal named after Ottoman Sultan Mahmud II. • The canal was built on the site of earlier waterways dating back to Ptolemy I, though previous canals had been covered by sand over the centuries before being re-established. • During construction, workers discovered ancient houses buried in sand containing old boxes, some of which were sent to Mohamed Ali with unknown contents. • Work was temporarily halted in April 1819 due to a plague outbreak before resuming and completing in 1820. • Within twenty years of completion, the canal filled with sand and became nearly impassable until Muhammad Sa'id Pasha ordered it cleared and made navigable again. • In the 1850s, a steam-tug company was formed to operate on the canal, with directors including Jules Pastré and other prominent figures, and was tasked with upgrading locks and maintaining the waterway. • The canal unfortunately became notorious as a location where criminals disposed of murder victims, with documented cases reported in 1904 and 1906.","Mahmudiyya Canal","Lake Küçükçekmece","Attacks on the MV Tutor","Amduat","1","Lake Küçükçekmece","186","Attacks on the MV Tutor","229","Amduat","230","10"
"27","Pennsylvania Railroad class H6","• The Pennsylvania Railroad's H6 class were 2-8-0 'Consolidation' freight locomotives, representing the most numerous class on the railroad with 1,707 units total across three subclasses (H6, H6a, and H6b). • The H6 class was the second most prolific 2-8-0 class in North America, with only the USATC S160 Class having more units (88 additional locomotives). • In the 1920s, 699 H6a and H6b locomotives received significant upgrades including superheaters and cylinder size increases from 22 inches to 23 inches, leading to their reclassification as H6sa and H6sb. • These locomotives served versatile roles throughout the Pennsylvania Railroad system as mainline freight haulers, local freight engines, and yard switchers, often operating in double- and triple-header configurations on steep grades. • Around 1938, thirty H6sb locomotives were sold second-hand to the South Manchuria Railway, where they were designated as Sorisa class and nicknamed 'Pensori' (Pennsylvania Consolidation). • The Baltimore and Ohio Railroad purchased identical locomotives from American Locomotive Company during PRR's period of stock control, classifying them as I-4 (later E-24), though none survived to the diesel era. • PRR #2846, an H6sb built by Baldwin Locomotive Works in 1905, is preserved at the Railroad Museum of Pennsylvania and was added to the National Register of Historic Places in 1979.","Creusot steam hammer","Pennsylvania Railroad class H6","Gas engine","Western Maryland Scenic Railroad 1309","2","Western Maryland Scenic Railroad 1309","243","Creusot steam hammer","205","Gas engine","206","150"
"28","List of Zink cameras, printers and paper","• Zink technology produces full-color prints on special Zink Paper in three main sizes: 2×3' (5×8 cm), 3×4' (8×10 cm), and 2.3×3.4' (5.8×8.6 cm) • Major manufacturers produce Zink-compatible printers including HP (Sprocket series), Polaroid (PoGo, Zip), Canon (IVY/Zoemini), LG (Pocket Photo series), and Kodak • Combined camera-printer devices are available that can both capture photos and instantly print them, such as the Kodak Printomatic, Polaroid Snap series, and various Polaroid digital cameras with megapixel counts ranging from 5MP to 14MP • Zink paper comes in multiple formats including standard Zink Photo Paper, Premium versions, and specialty options like Rainbow Photo Paper, with some prints featuring sticky backs • The technology includes specialized zRoll printers (Zink Happy series) that use roll-format paper and are marketed as 'smart app printers' • Print sizes vary by device, with most producing small instant prints similar to traditional instant photography but using inkless thermal printing technology","Google Scholar","List of Zink cameras, printers and paper","Union catalog","Javelin PDF Reader","2","Javelin PDF Reader","189","Union catalog","179","Google Scholar","200","5"
"29","Oligonucleotide","• Oligonucleotides are short DNA or RNA molecules commonly synthesized in laboratories for applications in genetic testing, research, forensics, PCR, DNA sequencing, and molecular cloning. • These molecules are characterized by their nucleotide sequence length, denoted with '-mer' terminology (e.g., a 6-nucleotide molecule is called a hexamer, a 25-nucleotide molecule is a '25-mer'). • Oligonucleotides bind in a sequence-specific manner to complementary DNA or RNA strands, forming the foundation for their use as molecular probes and in techniques like DNA microarrays and fluorescent in situ hybridization (FISH). • Chemical synthesis proceeds in the 3' to 5' direction using protected phosphoramidites, with typical sequences being 13-25 nucleotides long and maximum synthetic length rarely exceeding 200 nucleotides. • Natural oligonucleotides are easily degraded by nucleases, leading to the development of chemical modifications including backbone modifications (like phosphorothioate analogs) and sugar ring modifications to increase stability. • Antisense oligonucleotides (ASOs) are complementary DNA or RNA strands that can bind to specific target RNA sequences, leading to 80-95% down-regulation of mRNA expression through RNase H enzyme activity. • ASO therapies show promise for treating neurodegenerative diseases caused by single mutant proteins, including Huntington's disease, Alzheimer's disease, Parkinson's disease, and ALS, due to their high selectivity for specific RNA sequences. • FDA-approved oligonucleotide drugs include eteplirsen and golodirsen, demonstrating the clinical viability of these therapeutic approaches.","DNA origami","Transcription factor","Oligonucleotide","Glycan","3","Glycan","185","Transcription factor","177","DNA origami","103","10"
"30","2011 Van earthquakes","• The 2011 Van earthquakes consisted of two major events: a magnitude 7.1-7.2 earthquake on October 23, 2011, and a second earthquake on November 9, 2011, both occurring in eastern Turkey near Van city. • The October 23 earthquake killed 604 people and injured 4,152, while the November 9 earthquake killed an additional 38 people and injured 260. • The main earthquake occurred at a shallow depth of 7.2 kilometers, producing severe shaking (Mercalli intensity VIII) and lasting approximately 50 seconds. • Over 11,000 buildings sustained damage, with 6,017 deemed uninhabitable, leaving approximately 60,000 people homeless across 8,321 households. • The earthquake was caused by oblique thrust faulting along the Bitlis-Zagros fault zone, resulting from continental collision between the Arabian and Eurasian plates. • Erciş town was the hardest hit area with at least 55 destroyed buildings, while Van city center saw 970 building collapses and about 100 confirmed deaths. • The earthquake generated over 1,500 aftershocks above magnitude 2.0 within the first week, with more than 9,000 aftershocks recorded in the first five months. • The Turkish government deployed over 3,800 search and rescue officers, 900+ medical personnel, and allocated approximately $12 million USD in emergency relief and charity funds for the disaster response.","List of academic databases and search engines","List of earthquakes in Turkey","Coulomb stress transfer","2011 Van earthquakes","4","List of earthquakes in Turkey","195","Coulomb stress transfer","133","List of academic databases and search engines","242","25"
"31","Okapi BM25","• **Okapi BM25 is a ranking function used by search engines** to estimate the relevance of documents to a given search query, with 'BM' standing for 'best matching' • **Based on probabilistic retrieval framework** developed in the 1970s and 1980s by Stephen E. Robertson, Karen Spärck Jones, and others • **Named after the Okapi information retrieval system** which was the first system to use it, implemented at London's City University in the 1980s and 1990s • **Functions as a TF-IDF-like retrieval system** and represents a family of scoring functions with variants like BM25F that can account for document structure and anchor text • **Uses a bag-of-words approach** that ranks documents based on query terms appearing in each document, regardless of their proximity within the document • **Incorporates document length normalization** through parameters that account for both the document length and average document length in the collection • **Uses tunable parameters k₁ and b** where k₁ is typically chosen between 1.2 and 2.0, and b is commonly set to 0.75 • **Combines term frequency with inverse document frequency (IDF)** weighting to score the relevance of documents to search queries","Disulfur monoxide","Okapi BM25","Oxide mineral","Hemocyanin","2","Disulfur monoxide","195","Oxide mineral","206","Hemocyanin","240","50"
"32","NATO reporting name","• NATO reporting names are code names used to identify military aircraft and equipment from post-Soviet states, former Warsaw Pact countries, China, and other nations, providing short alternatives to proper names that may be confusing or unknown in the West. • The system is managed by the Five Eyes Air Force Interoperability Council (AFIC), based in Washington DC, comprising representatives from three NATO members (Canada, UK, US) and two non-NATO countries (Australia, New Zealand). • For fixed-wing aircraft, the number of syllables indicates engine type: single-syllable names denote reciprocating engine or turboprop aircraft, while two-syllable names indicate jet engines. • Aircraft reporting names follow alphabetical categorization by function: bombers start with 'B' (like 'Bear' for Tu-95), transports start with 'C' for cargo (like 'Condor' for An-124), with the first letter indicating aircraft type. • The system was introduced in the 1950s to designate potentially hostile aircraft, but since the Cold War's end, some NATO air forces have operated aircraft with reporting names (such as the MiG-29 'Fulcrum'). • Reporting names use uncommon or made-up words to reduce confusion risk, chosen to be unlikely in normal conversation and easier to memorize. • Soviet pilots generally preferred native Russian nicknames over NATO names, though they appreciated the MiG-29's 'Fulcrum' codename as recognition of its important role in Soviet air defense. • Submarine naming conventions changed over time: before the 1980s, names came from the NATO spelling alphabet, while later designs used Russian-derived names like 'Akula,' and Chinese submarines are named after Chinese dynasties.","Tango-class submarine","R-60 (missile)","Legitimacy of the NATO bombing of Yugoslavia","NATO reporting name","4","R-60 (missile)","211","Legitimacy of the NATO bombing of Yugoslavia","170","Tango-class submarine","114","1"
"33","May 2024 solar storms","• The May 2024 solar storms occurred from May 10-13, 2024, and were the most powerful geomagnetic storms to affect Earth since March 1989, reaching G5-class intensity (Kp = 9). • Solar active region AR3664 produced multiple powerful X-class solar flares, including an X8.7 flare on May 14 (the strongest), along with several coronal mass ejections (CMEs) directed toward Earth. • The storms achieved a peak Dst index of -412 nT (with some readings at -518 nT) and an Ap-index of 271 on May 11, making it the second-highest Ap-index ever recorded. • Aurorae were visible at unusually low latitudes worldwide, including as far south as the Florida Keys, Puerto Rico, Algeria, northern India, and Townsville, Australia. • The event was classified as a 1-in-41 year occurrence based on duration, with a return period of 12.5 years for storms of this magnitude. • Solar wind speeds reached 750-950 km/s with the interplanetary magnetic field reaching 73 nanotesla, creating the extreme geomagnetic conditions. • The storms are also known as the 'Mother's Day solar storm' or 'Gannon storm' (named after space physicist Jennifer Gannon) and occurred during solar cycle 25. • Improved camera technology, including smartphone cameras, allowed widespread documentation and sharing of aurora images on social media, enabling citizen science research opportunities.","Mars in culture","Astrophysics Data System","May 2024 solar storms","Interstellar probe","3","Mars in culture","215","Astrophysics Data System","194","Interstellar probe","195","250"
"34","Mesoproterozoic","I notice there's a discrepancy in your request. You asked for key facts about the **Mesoproterozoic**, but the article content provided is entirely about the **Neoproterozoic** era. I'll extract key facts from the actual article content you provided, which covers the Neoproterozoic: • The Neoproterozoic is the last of three geologic eras of the Proterozoic eon, spanning from 1 billion to 538.8 million years ago • It is subdivided into three periods: Tonian (1000–720 Ma), Cryogenian (720–635 Ma), and Ediacaran (635–538.8 Ma) • During the Cryogenian period, one of the most severe glaciation events occurred, creating a 'Snowball Earth' with global ice sheets possibly reaching the equator for about 100 million years • The supercontinent Rodinia, which had formed during the late Mesoproterozoic, began breaking apart through rifting during the Tonian period • The earliest fossils of complex life appear in this era, including Otavia (a primitive sponge) in the Tonian period and the diverse Ediacaran biota in the Ediacaran period • The Neoproterozoic produced more continental crust than any other period in Earth's history, primarily through the Pan-African and Grenville orogenies • The Ediacaran Period (2004) was the first Precambrian period to have its boundaries defined by biological markers rather than absolute ages • Most Ediacaran organisms were soft-bodied, and their relationships to modern animals remain largely unclear to paleontologists","Main Uralian Fault","Hydrothermal vent","Middle Paleolithic","Mesoproterozoic","4","Main Uralian Fault","119","Middle Paleolithic","244","Hydrothermal vent","128","100"
"35","Political economy in anthropology","• Political economy in anthropology applies historical materialism theories to traditional anthropological concerns, introducing questions of history and colonialism to previously ahistorical studies of social structure and culture. • Julian Steward, a student of Kroeber, introduced political economy to American anthropology during his most productive years (1946-1953) at Columbia University, focusing on subsistence and production rather than exchange. • Steward developed influential students including Sidney Mintz, Eric Wolf, Eleanor Leacock, and others who participated in the Puerto Rico Project and established political economy as a distinct anthropological approach. • Three main research areas emerged: 'pre-capitalist' societies (challenging evolutionary stereotypes), peasantry (including those in revolutionary wars), and colonialism/imperialism in the capitalist world-system. • Cultural materialism, introduced by Marvin Harris in 1968, is based on the premise that human social life responds to practical problems of earthly existence, demonstrating how cultural practices serve materialistic functions. • Structural Marxism, associated with Louis Althusser, combined Marxist political economy with Lévi-Strauss's structural methodology, introducing concepts of 'mode of production' and 'social formation' to explain transitions to capitalism. • The British Marxist tradition (including E.P. Thompson and Eric Hobsbawm) criticized Structural Marxism's functionalist emphasis, instead focusing on class, culture, politics, and placing human subjects at the center of analysis. • Political economy anthropologists have expanded their focus to address issues of industrial and post-industrial capitalism around the world in recent decades.","Political economy in anthropology","Lockean proviso","Plutocracy","Chavismo","1","Chavismo","234","Lockean proviso","196","Plutocracy","180","200"
"36","Glossary of number theory","• **Number theory is a field of mathematics** that studies concepts related to integers, prime numbers, and their properties, with connections to arithmetic and diophantine geometry. • **The fundamental theorem of arithmetic** states that every integer greater than 1 can be written uniquely (up to reordering) as a product of primes, forming a cornerstone principle of number theory. • **Fermat's Last Theorem** is one of the most famous theorems in number theory, stating that for any integer n > 2, the equation aⁿ + bⁿ = cⁿ has no positive integer solutions. • **Algebraic numbers** are numbers that are roots of non-zero polynomials with integer (or rational) coefficients, representing an important class of numbers studied in algebraic number theory. • **Euler's totient function φ(n)** counts the number of integers coprime to n between 1 and n inclusive, and is fundamental to many number-theoretic results including Euler's theorem. • **Two integers are coprime (relatively prime)** if the only positive integer that divides them both is 1, a concept that appears throughout number theory in various theorems and applications. • **Bézout's identity** states that if d is the greatest common divisor of integers a and b, then there exist integers x and y such that ax + by = d. • **The abc conjecture** is an important unsolved problem stating that for coprime positive integers a, b, c with a+b=c, there are only finitely many solutions where the product of distinct prime factors of abc raised to power 1+ε is less than c. • **Goldbach's conjecture** proposes that every even natural number greater than 2 can be expressed as the sum of two primes, remaining one of number theory's famous unsolved problems.","Perpendicular distance","Inscribed angle","Glossary of number theory","Inversive geometry","3","Perpendicular distance","111","Inscribed angle","109","Inversive geometry","177","50"
"37","Timeline of discovery of Solar System planets and their moons","• The timeline charts discoveries of Solar System planets and their natural satellites in chronological order, with objects identified by various designations and credited to their discoverers. • Naming conventions for moons have been inconsistent throughout history - some discoverers declined to name their discoveries (like S.B. Nicholson with Jupiter's satellites Lysithea and Carme) or deferred naming indefinitely (like E.E. Barnard with Amalthea). • The International Astronomical Union (IAU) began officially approving celestial body names in the late 1970s, standardizing the previously informal naming process. • Early numbering systems for planetary satellites were repeatedly adjusted to reflect distance from the parent planet, causing confusion - particularly with Saturn's moons until 1848 and Uranus's moons in the late 1700s. • The discovery of Jupiter's moon Amalthea in the 19th century marked a significant change in numbering convention - Roman numerals began reflecting order of discovery rather than distance from the parent planet. • There has been an explosion of new moon discoveries in the 21st century, leading to many remaining unnamed even after receiving official numbers, starting with Jupiter LI and Jupiter LII in 2010. • The classification of dwarf planets remains uncertain, with nine objects widely agreed upon by astronomers (corresponding to about 900-1000 km diameter threshold), though additional candidates like Salacia and Varda may qualify. • Historical conflicts over naming occurred early, such as between Galileo (who used numbers for Jupiter's four main satellites) and his rival Simon Marius (whose suggested names eventually gained universal acceptance).","Farnese Atlas","Timeline of discovery of Solar System planets and their moons","List of black holes","Googolplex","2","Farnese Atlas","172","Googolplex","199","List of black holes","204","1"
"38","Facsimile","• A facsimile is a highly accurate copy or reproduction of historical items like old books, manuscripts, maps, or art prints that attempts to replicate the original source as precisely as possible in scale, color, condition, and material qualities. • The term 'fax' is a shortened form of 'facsimile,' though modern fax transmissions do not meet the quality standards expected of true facsimiles. • Facsimiles serve important purposes for scholars who cannot access original sources directly, and for museums and archives engaged in media preservation and conservation efforts. • The development of facsimile techniques has evolved alongside advances in printmaking, from early methods like lithography and aquatint in the 18th century to modern photographic and digital reproduction methods. • Digital facsimiles represent a separate category that are stored and viewed on computers, often available online in repositories, and serve as important research aids particularly for historians. • Facsimiles are especially valuable for illuminated manuscripts because they preserve original colors more accurately than normal reproductions and maintain historical defects that provide scholarly insight. • Facsimiles work best for flat, printed or hand-written documents, while three-dimensional objects or oil paintings with unique surface textures are better served by replicas rather than facsimiles. • Historical techniques for creating facsimiles included specialized devices like the philograph, photostat, hectograph, and lithograph, while modern methods use scanners, computers, and desktop printers.","Facsimile","Number theory","Dimensional analysis","Color difference","1","Dimensional analysis","160","Number theory","237","Color difference","134","750"
"39","Amphibole","• Amphibole is a group of inosilicate minerals composed of double chain SiO4 tetrahedra, containing iron and/or magnesium ions, and can appear in various colors including green, black, white, yellow, blue, or brown. • Amphiboles have a distinctive double chain silicate structure (unlike pyroxenes which have single chains) and contain essential hydroxyl (OH) or halogen (F, Cl) components in their chemical makeup. • Amphiboles exhibit characteristic oblique cleavage planes at approximately 120 degrees, which distinguishes them from pyroxenes that cleave at roughly 90-degree angles. • These minerals form in both igneous and metamorphic environments, being more common in intermediate to felsic igneous rocks, with the highest concentrations (around 20%) found in andesites. • Four amphibole minerals are classified as asbestos: anthophyllite, riebeckite (blue asbestos), cummingtonite/grunerite series (brown asbestos), and actinolite/tremolite series, which can cause serious health problems with prolonged exposure. • The name 'amphibole' derives from the Greek word 'amphíbolos' meaning 'double entendre,' referring to the ambiguous and varied composition and appearance of minerals in this group. • Amphiboles crystallize in two crystal systems (monoclinic and orthorhombic) and are less dense than their corresponding pyroxene counterparts. • Many amphibole minerals form solid solution series where elements like iron and magnesium can substitute for each other, creating continuous compositional variations between different end-member minerals.","Amphibole","Microcline","Lava","Willemite","1","Microcline","110","Lava","180","Willemite","179","10"
"40","EMF measurement","• EMF measurements are performed using specialized sensors or probes (EMF meters) that function like antennas but are designed to minimize field disturbance and prevent coupling/reflection for accurate results. • There are two main measurement types: broadband measurements (using wide frequency range probes with three independent diode detectors) and frequency selective measurements (using field antennas with spectrum analyzers for specific frequency ranges). • EMF probes can be either single-axis (measuring one field dimension) or tri-axial (measuring all three spatial dimensions simultaneously), with tri-axial probes being more expensive but faster for surveys. • Most commercially available EMF meters are calibrated specifically for 50-60 Hz alternating fields (standard household/industrial electricity frequencies), while specialized research meters can measure frequencies as low as 20 Hz. • EMF meters measure AC electromagnetic fields from man-made sources like electrical wiring, while gaussmeters or magnetometers are used for DC fields like Earth's natural geomagnetic field. • Active sensors contain amplified components that provide more precise measurements and better sensitivity compared to passive sensors, though they may have slower response times. • Single-axis measurements require three separate readings along orthogonal X, Y, Z directions to calculate total field strength, while tri-axial probes can measure all components simultaneously from one position. • The signal detected by mono-axial probes is proportional to |E|cos θ, where θ is the angle between the sensor axis and the electric field direction.","Chromium(II) acetate","Relevance","EMF measurement","Hexaamminecobalt(III) chloride","3","Hexaamminecobalt(III) chloride","186","Relevance","133","Chromium(II) acetate","196","200"
"41","Cluster algebra","• Cluster algebras are a class of commutative rings introduced by Fomin and Zelevinsky in 2002-2007, consisting of an integral domain A with subsets of size n called clusters that generate the algebra. • A seed consists of a cluster (set of n algebraically independent generators) together with an exchange matrix B with integer entries, often visualized as a quiver diagram with arrows representing positive matrix entries. • Mutation is a fundamental operation that transforms one seed into another by replacing one generator according to a specific formula and updating the exchange matrix, with the key property that mutations are invertible. • A cluster algebra is constructed by starting with an initial seed and performing all possible mutations, creating a graph of seeds where the algebra is generated by all clusters from all seeds in this graph. • Cluster algebras are classified as finite type if they contain only finitely many seeds, and these finite-type cluster algebras correspond to Dynkin diagrams of finite-dimensional simple Lie algebras. • Rank 1 cluster algebras are Laurent polynomial rings k[x,x⁻¹] with exactly two clusters: {x} and {2x⁻¹}, corresponding to Dynkin diagram A₁. • Rank 2 cluster algebras with exchange matrix entries b₁₂ = -b₂₁ = 1 generate infinite sequences of variables related by the recurrence relation x_{n-1}x_{n+1} = 1 + x_n, producing clusters of adjacent pairs.","List of integrals of inverse hyperbolic functions","Generalized inverse","Cluster algebra","Basis (linear algebra)","3","Basis (linear algebra)","124","List of integrals of inverse hyperbolic functions","234","Generalized inverse","138","150"
"42","United States Congressional Joint Committee on the Conduct of the War","• The Joint Committee on the Conduct of the War was a U.S. congressional investigating committee that operated from December 9, 1861, to May 1865, established following the Union defeat at the Battle of Ball's Bluff. • The committee was dominated by Radical Republicans, chaired by Benjamin Wade, whose aggressive war policies often clashed with President Abraham Lincoln's strategies and challenged his role as commander-in-chief. • The committee investigated various Civil War matters including illicit trade with Confederate states, medical treatment of wounded soldiers, military contracts, causes of Union battle losses, and Confederate mistreatment of prisoners. • The committee held 272 meetings in secret but published reports at irregular intervals, taking testimony primarily from Union Army officers in a politically charged atmosphere that was particularly difficult for non-Republican officers. • One notable investigation followed the Battle of Gettysburg in 1863, where former Representative Daniel Sickles accused General George Meade of mismanaging the battle, with the committee's report being edited unfavorably toward Meade. • The committee published comprehensive reports from 1863-1866 covering topics ranging from major battles and military expeditions to prisoner-of-war conditions, military contracts, and even the Sand Creek massacre of Cheyenne Indians. • The committee served as a forum for Union generals to deflect blame for military failures onto others, creating additional pressure and distraction for career military officers during wartime. • After the war ended, the committee was succeeded by the Joint Committee on Reconstruction, representing a continued effort by Radical Republicans to check executive power.","1830–31 United States House of Representatives elections","Siege of Petersburg","Lower seaboard theater of the American Civil War","United States Congressional Joint Committee on the Conduct of the War","4","Siege of Petersburg","194","Lower seaboard theater of the American Civil War","232","1830–31 United States House of Representatives elections","168","10"
"43","Astroinformatics","• Astroinformatics is an interdisciplinary field combining astronomy, data science, machine learning, informatics, and information/communications technologies, closely related to astrostatistics. • The field focuses on developing computational tools and methods for data-oriented astronomy research, including data mining, big data management, and machine learning for classifications, predictions, and anomaly detection. • Astroinformatics is considered the 'fourth paradigm' of astronomical research, representing a shift toward data-driven scientific discovery in astronomy. • Astronomical data has grown exponentially from gigabytes to terabytes in the past decade, with predictions of hundreds of petabytes from the Large Synoptic Survey Telescope and exabytes from the Square Kilometre Array. • The field was formally presented to the National Research Council in 2009 and was inspired by similar informatics disciplines like bioinformatics, geoinformatics, and cheminformatics, as well as Jim Gray's eScience work at Microsoft Research. • Astroinformatics encompasses both modern digital astronomical databases and the preservation/analysis of legacy historical astronomical observations using contemporary technologies. • Citizen science projects like Galaxy Zoo contribute significantly to the field by providing morphological classification and feature identification across large astronomical datasets. • The discipline includes specialized areas such as data modeling, information visualization, knowledge extraction, astrostatistics, and collaborative research across massive distributed data collections.","Solar sail","Kepler's laws of planetary motion","Astroinformatics","Titan IIIE","3","Titan IIIE","217","Kepler's laws of planetary motion","109","Solar sail","175","350"
"44","Cold War (1953–1962)","• **Stalin's death in March 1953 led to major Soviet leadership changes**, with Nikita Khrushchev eventually consolidating power and initiating De-Stalinization policies that caused political unrest across the Eastern Bloc. • **Khrushchev's secret speech at the 20th Party Congress in February 1956 denounced Stalin's personality cult and crimes**, shocking both domestic and international audiences when the contents were leaked. • **Dwight D. Eisenhower became U.S. President in 1953 but maintained the core Cold War policy of containing Soviet influence**, despite exploring alternative approaches like 'rollback of communism.' • **Secretary of State John Foster Dulles developed the doctrine of 'massive retaliation' and 'brinkmanship'**, threatening overwhelming nuclear force to deter Soviet aggression while avoiding costly conventional warfare. • **The Soviet launch of Sputnik 1 in 1957 initiated the Space Race**, extending Cold War competition beyond Earth and highlighting technological rivalry between the superpowers. • **The Cold War expanded into Africa during decolonization**, with the Congo Crisis in 1960 drawing Cold War battle lines as the Democratic Republic of Congo became a Soviet ally. • **The period culminated in the Cuban Missile Crisis of 1962**, bringing the world to the brink of nuclear war and representing the most dangerous point of the Cold War. • **Despite some diplomatic progress like the Austrian State Treaty and 1954 Geneva Conference**, both superpowers continued their nuclear arms race throughout this period.","Germany and weapons of mass destruction","Yellow rain","Cold War (1953–1962)","NKVD special camps in Germany 1945–1950","3","NKVD special camps in Germany 1945–1950","219","Germany and weapons of mass destruction","173","Yellow rain","239","1"
"45","Paleobiota of the Hell Creek Formation","• The Hell Creek Formation dates to the Maastrichtian-Danian period and contains fossils that span the K-T extinction event, with some insect species found in amber going extinct during this mass extinction. • Ceratopsidae (horned dinosaurs like Triceratops) dominated the Hell Creek ecosystem, comprising 61% of dinosaur families, followed by Hadrosauridae (duck-billed dinosaurs) at 23%. • Recent Hell Creek Project studies revealed unexpectedly high Tyrannosaurus abundance - comprising 24% of dinosaur remains and ranking as the second most common dinosaur after Triceratops (40%), even more common than Edmontosaurus (20%). • Triceratops was consistently the most abundant dinosaur throughout different sections of the formation, with 22 specimens found in the upper Hell Creek section alone. • The formation contains diverse theropod dinosaurs, with Tyrannosaurus being the only large theropod known from Hell Creek, while smaller theropods include ornithomimids, dromaeosaurids, and troodontids. • Dinosaur footprints are extremely rare in the Hell Creek Formation, with only one possible Tyrannosaurus rex footprint discovered as of 2017 and a mid-sized theropod trackway named Wakinyantanka styxi. • Ceratopsid remains are exceptionally common, with 8.31% of all vertebrate fossils from Hell Creek being unassigned ceratopsid teeth and bones. • The formation preserves a complete Late Cretaceous ecosystem including invertebrates (insects in amber, molluscs), fish (both bony and cartilaginous), amphibians, and diverse dinosaur groups spanning herbivores and carnivores.","Chronostratigraphy","Deicke and Millbrig bentonite layers","Main Uralian Fault","Paleobiota of the Hell Creek Formation","4","Main Uralian Fault","214","Deicke and Millbrig bentonite layers","112","Chronostratigraphy","162","5"
"46","List of active French Navy ships","• The French Navy operates 168 active ships total, with 30 considered 'major' warships including 10 submarines, 1 aircraft carrier, 3 amphibious ships, and 16 destroyers/frigates. • The submarine force consists of 10 nuclear submarines: 4 nuclear ballistic missile submarines and 6 nuclear attack submarines (5 active plus 1 on sea trials). • Primary surface assets include one nuclear aircraft carrier, 3 amphibious assault ships, and 14 first-rank surface combatants (2 Horizon-class destroyers, 8 Aquitaine-class frigates, 1 Amiral Ronarc'h-class frigate, and 3 upgraded La Fayette-class frigates). • The French Navy does not use the term 'destroyer' officially, instead classifying larger major surface combatants as 'frigates,' though they are registered with destroyer hull numbers (Dxxx). • Supporting forces include approximately 16 offshore patrol vessels, 20 mine countermeasure vessels, 3 replenishment oilers, and various support ships, with many patrol vessels stationed in France's overseas territories. • The main naval bases are located at Brest (Atlantic operations) and Toulon (Mediterranean operations). • The fleet is organized into two main components: the Force d'action navale (Naval action force) with nearly 100 vessels and the Forces sous-marines (Submarine force) with 10 active submarines.","MV Cape Vincent (T-AKR-9666)","List of active French Navy ships","List of echinoderm orders","Azores hotspot","2","MV Cape Vincent (T-AKR-9666)","221","Azores hotspot","104","List of echinoderm orders","194","250"
"47","Ancient Egypt","• Ancient Egypt emerged around 3150 BC when Upper and Lower Egypt were united by Menes (believed to be the same person as Narmer), marking the beginning of one of history's earliest civilizations. • Egyptian civilization was organized into three main stable periods - the Old Kingdom (Early Bronze Age), Middle Kingdom (Middle Bronze Age), and New Kingdom (Late Bronze Age) - separated by intermediate periods of instability. • The New Kingdom represented the pinnacle of ancient Egyptian power, with the empire extending its rule over much of Nubia and significant portions of the Levant. • Ancient Egypt's success stemmed largely from its ability to harness the Nile River's predictable flooding for agriculture, creating surplus crops that supported dense populations and enabled complex social development. • The civilization was governed by pharaohs supported by a sophisticated bureaucracy of scribes, religious leaders, and administrators who organized large-scale construction projects, trade, and military campaigns. • Ancient Egypt made numerous groundbreaking achievements including monumental pyramid construction, mathematical systems, effective medicine, irrigation techniques, the first known planked boats, and the earliest known peace treaty (with the Hittite Empire). • The civilization experienced a gradual decline and was conquered by various foreign powers including the Hyksos, Kushites, Assyrians, Persians, Greeks, and Romans, with ancient Egypt ending either in 332 BC (Alexander's conquest) or 30 BC (Roman conquest). • The Arab conquest in AD 642 finally ended the region's millennium-long Greco-Roman period, marking the definitive close of ancient Egyptian civilization.","Aten","Ancient Egypt","Battle of Megiddo (15th century BC)","Rosetta Stone","2","Battle of Megiddo (15th century BC)","165","Rosetta Stone","147","Aten","103","0"
"48","Base pair","• A base pair is a fundamental unit of double-stranded nucleic acids consisting of two nucleobases bound together by hydrogen bonds, forming the building blocks of DNA's double helix structure. • Watson-Crick base pairs follow specific pairing rules: guanine pairs with cytosine (G-C) and adenine pairs with thymine in DNA or uracil in RNA (A-T/U), maintained by hydrogen bonding patterns. • The complementary base-paired structure provides a redundant copy of genetic information in each DNA strand, making DNA well-suited for storing genetic information and enabling replication and transcription processes. • Base pairs can form within single-stranded nucleic acids (intramolecular pairing), which is particularly important in RNA molecules like tRNA that fold into complex three-dimensional structures. • Genome sizes are measured in base pairs because DNA is typically double-stranded; the haploid human genome contains approximately 3.2 billion base pairs and 20,000-25,000 protein-coding genes. • Purines (adenine and guanine) are larger, double-ringed structures that pair only with pyrimidines (cytosine, thymine, and uracil), which are smaller, single-ringed structures, ensuring proper spacing for hydrogen bonding. • DNA with higher GC content is more stable and has higher melting temperatures than DNA with lower GC content, which explains why extremophile organisms have GC-rich genomes. • Base pairing between tRNA and mRNA enables the translation of genetic information from nucleotide sequences into amino acid sequences during protein synthesis.","Genetic testing","Crystallographic Information File","Base pair","International Chemical Identifier","3","Genetic testing","224","International Chemical Identifier","213","Crystallographic Information File","206","5"
"49","Leonardeschi","• The Leonardeschi were a large group of Italian Renaissance artists who worked in Leonardo da Vinci's studio or were influenced by his artistic methods and techniques. • Leonardo established his own studio in 1490 after gaining recognition at the court of Ludovico Sforza in Milan, where he was permitted to have assistants and pupils due to the scale of his commissioned works. • Notable pupils and collaborators in Milan included Giovanni Antonio Boltraffio, Ambrogio de Predis, Marco d'Oggiono, Francesco Melzi, Bernardino Luini, and Salaì (Giacomo Caprotti), with Leonardo claiming to maintain six people in his studio by 1496. • Leonardo's influence extended beyond Italy to Spain, where Fernando Yáñez de la Almedina and Hernando de los Llanos collaborated with him on 'The Battle of Anghiari' before returning to continue their artistic association in Spain. • German artist Albrecht Dürer was significantly influenced by Leonardo's work during his travels to Venice (1494-1495 and 1505-1507), particularly adopting Leonardo's geometrical construction of shadows and perspective techniques. • Northern European artists like Quentin Matsys and Joos van Cleve (known as 'the Leonardo of the North') incorporated Leonardo's themes and techniques into their work, likely through prints and possible travel to Italy. • Leonardo's influence spread throughout Europe during his lifetime, with his artistic methods and subjects being adapted by artists across different countries and artistic traditions. • Four of Leonardo's most prominent pupils (Boltraffio, Marco d'Oggiono, Giampietrino, and Cesare da Sesto) are commemorated in a monument to Leonardo created by sculptor Pietro Magni in 1872 in Milan's Piazza della Scala.","Art","Paolo Uccello","Pasquino Group","Leonardeschi","4","Art","111","Pasquino Group","208","Paolo Uccello","188","50"
"50","Insurrection of 31 May – 2 June 1793","• The insurrection of 31 May – 2 June 1793 was one of three major popular uprisings during the French Revolution, alongside the storming of the Bastille and the insurrection of 10 August 1792. • The uprising was triggered when the Paris Commune demanded that 22 Girondin deputies and members of the Commission of Twelve be brought before the Revolutionary Tribunal for opposing King Louis XVI's execution and paralyzing the National Convention. • Jean-Paul Marat led the attack on the Girondin representatives, while the principal conspirators were the Enragés Claude-Emmanuel Dobsen and Jean-François Varlet. • On 26 May, Maximilien Robespierre delivered a decisive speech at the Jacobin Club openly calling for insurrection against 'corrupt deputies,' escalating tensions between political factions. • On 30 May, delegates from 33 Paris sections declared themselves in insurrection and appointed a nine-member committee to lead the revolt, with François Hanriot named commander-general of the Parisian National Guard. • The insurrection involved thousands of armed citizens surrounding the National Convention, with city gates closed, barriers erected in streets, and alarm bells rung from Notre-Dame cathedral. • The uprising resulted in the fall of 29 Girondins and two ministers under pressure from the sans-culottes, Jacobins, and Montagnards, significantly shifting the balance of power in the National Convention. • On 31 May, the insurgent delegates took control of the Hôtel de Ville, dissolved and reconstituted the Paris Commune, and ordered the arrest of several Girondin ministers including Lebrun-Tondu and Clavière.","Insurrection of 31 May – 2 June 1793","French Constitution of 1791","Louis Antoine de Saint-Just","Black Loyalist","1","French Constitution of 1791","115","Louis Antoine de Saint-Just","242","Black Loyalist","144","50"
"51","Downes v. Bidwell","• **Downes v. Bidwell (1901)** was a Supreme Court case that decided whether US territories are subject to the full provisions and protections of the US Constitution, with the Court ruling 5-4 that the Constitution does not necessarily apply to all territories. • **The case involved Samuel Downes**, a merchant who sued after being forced to pay import duties on oranges from Puerto Rico under the Foraker Act, arguing this violated constitutional requirements for uniform duties throughout the United States. • **The Court established the doctrine of 'territorial incorporation'**, distinguishing between incorporated territories (which receive full constitutional protections) and unincorporated territories (which do not), with Congress having broader authority to create laws in unincorporated territories. • **Puerto Rico was treated as an unincorporated territory**, meaning Congress could impose special customs duties on imports from Puerto Rico that would be unconstitutional if applied to US states. • **The case is one of the 'Insular Cases'** that arose from territories acquired after the Spanish-American War and the 1898 Treaty of Paris. • **Justice John Marshall Harlan wrote a strong dissent**, arguing that Congress has no authority outside the Constitution and warning that the majority's decision could lead to 'legislative absolutism' and undermine constitutional liberty. • **The decision created a two-tiered system** where territorial citizens can be subject to laws and regulations not constitutionally applicable to other US citizens, which many have viewed as a form of oppression. • **The Court distinguished the District of Columbia** from other territories, noting it was derived from land within existing state boundaries and thus could not have constitutional protections withdrawn.","1844 United States presidential election","Constitutional history of Canada","Indian Citizenship Act","Downes v. Bidwell","4","1844 United States presidential election","179","Constitutional history of Canada","183","Indian Citizenship Act","245","350"
"52","Loop variant","• A loop variant is a mathematical function that monotonically decreases with each iteration of a while loop, ensuring the loop will eventually terminate. • When a loop variant is restricted to non-negative integers, it is called a bound function and provides an upper bound on the number of loop iterations. • Loop variants rely on well-founded relations, which are characterized by having no infinite descending chains and containing a minimal element in every non-empty subset. • A computer program with while loops is considered 'totally correct' if it is both partially correct and guaranteed to terminate. • The formal rule for total correctness in Floyd-Hoare logic requires proving that a variant V decreases (V < z) after each loop iteration while maintaining the loop invariant. • Every terminating while loop has a corresponding loop variant, assuming the axiom of choice - this establishes a fundamental equivalence between loop termination and variant existence. • Loop variants can be transfinite (not limited to integer values), making them more general than simple counting-based termination proofs. • The existence of a loop variant proves termination through the principle of well-founded descent, preventing infinite loop execution.","Loop variant","Semantics (computer science)","List comprehension","Asymptotic expansion","1","Semantics (computer science)","246","Asymptotic expansion","191","List comprehension","247","50"
"53","Largest organisms","• **Pando, a clonal colony of quaking aspen trees in Utah, is widely considered the largest organism by mass**, spanning up to 8 kilometers (5 miles) in size. • **The blue whale is believed to be the largest animal to have ever lived**, with all of the largest animal species being marine mammals (whales). • **The giant sequoia is the most massive single-stem tree**, typically growing 70-85 meters tall and 5-7 meters in diameter in California's Sierra Nevada. • **A marine plant, Posidonia australis, may be the largest organism on Earth by area**, stretching about 180 km (112 miles) in length and covering 200 km² in Shark Bay, Australia. • **The largest fungus is a honey fungus (Armillaria ostoyae) in Oregon**, spanning 8.9 km² and possibly weighing 35,000 tons while being approximately 2,400 years old. • **Giant kelp (Macrocystis pyrifera) is the largest protist**, with floating stems that can grow over 45 meters (148 feet) in height in the northwestern Pacific. • **Some clonal colonies may be among the oldest living organisms**, with Posidonia oceanica estimated at 100,000 years old in the Mediterranean. • **The African bush elephant is the largest living land animal**, dominating the terrestrial mammal category for size.","Seventeen Seventy, Queensland","Largest organisms","Australian Bicentenary","Lord Howe Island","2","Australian Bicentenary","222","Lord Howe Island","151","Seventeen Seventy, Queensland","173","150"
"54","Biodiversity","• **Biodiversity is the variability of life on Earth**, measured at multiple levels including genetic variability, species diversity, ecosystem diversity, and phylogenetic diversity. • **Tropical regions contain disproportionately high biodiversity** - tropical forest ecosystems cover less than one-fifth of Earth's terrestrial area but contain about 50% of the world's species. • **Earth has experienced six major mass extinctions** throughout its history, with the Permian-Triassic extinction event 251 million years ago being the worst, requiring 30 million years for vertebrate recovery. • **Current estimates suggest approximately 8.7 million terrestrial species and 2.2 million oceanic species exist**, though the number of microbial species remains unreliably known. • **We are currently experiencing a sixth mass extinction (Holocene extinction)** caused by human activities, with estimates that up to 30% of all species may be extinct by 2050. • **Habitat destruction for farming is a key driver of current biodiversity loss**, along with climate change contributing to ongoing species decline. • **The planet has lost 58% of its biodiversity since 1970**, with current extinction rates occurring hundreds of times higher than natural background extinction rates. • **Many species may become extinct before being discovered or described** due to the accelerated rate of extinction combined with the vast number of unknown species, particularly among less-studied groups like arthropods and marine organisms.","Geographical feature","Coryloideae","Biodiversity","ImageNet","3","Coryloideae","194","Geographical feature","156","ImageNet","134","5"
"55","IATA delay codes","• IATA delay codes were created to standardize flight delay reporting across airlines, replacing individual airline systems that made sharing and aggregating delay information difficult. • The codes attribute both cause and responsibility for delays, supporting aviation administration and helping define penalties in bonus-malus contract systems between airlines and ground handling agents. • Delay codes use either two-digit numeric codes or two-letter alpha codes across nine category sets, with most airlines preferring the numeric format as specified in messaging standards like AHM 780. • Many airlines add a third character to IATA codes for more detailed delay analysis, though these subdivisions are not standardized across the industry. • The codes are transmitted electronically via SITA in movement messages between departure and destination airports and used internally by airlines, airports, and ground handling agents. • Delay categories cover internal airline operations (0x codes), passenger/baggage issues (1x codes), cargo/mail handling (2x codes), aircraft/ramp handling (3x codes), technical problems (4x codes), damage/equipment failure (5x codes), and operational/crew issues (6x codes). • Airlines can customize codes starting with 0 for internal purposes, with codes 00-05 specifically reserved for individual airline requirements. • Ground time minimization is critical since aircraft held on the ground incur costs, making accurate delay code reporting essential for operational efficiency and cost management.","Circular wing","Lifting body","Aircraft Nuclear Propulsion","IATA delay codes","4","Lifting body","220","Circular wing","214","Aircraft Nuclear Propulsion","101","500"
"56","Abu Ghraib torture and prisoner abuse","• **US military and CIA personnel committed systematic torture and abuse** at Abu Ghraib prison during the Iraq War, including physical abuse, sexual humiliation, psychological torture, rape, and at least one killing (Manadel al-Jamadi). • **The scandal became public in April 2004** when CBS News published photographs of the abuses, causing widespread shock and international condemnation. • **Most detainees were civilians with no links to armed groups**, according to the International Committee of the Red Cross, contradicting claims that only insurgents were held there. • **The Bush administration claimed the abuses were isolated incidents**, but humanitarian organizations like the Red Cross, Amnesty International, and Human Rights Watch argued they were part of a broader pattern of torture at US detention facilities worldwide. • **'Torture Memos' from the Department of Justice** authorized enhanced interrogation techniques and argued that Geneva Conventions didn't apply to American interrogators overseas, though the Supreme Court later ruled in Hamdan v. Rumsfeld (2006) that Geneva Conventions do apply. • **Eleven soldiers were court-martialed and convicted** between 2004-2006, with the harshest sentences going to Charles Graner (10 years) and Lynndie England (3 years), while Brigadier General Janis Karpinski was demoted to colonel. • **Abu Ghraib housed approximately 7,490-8,000 detainees** at its peak and was the largest US military detention center in Iraq, located 20 miles west of Baghdad. • **Higher-ranking officials largely escaped prosecution** despite evidence of authorization or knowledge of the abuse policies, with only lower-level personnel facing significant consequences.","Sexual violence in the Democratic Republic of the Congo","Abu Ghraib torture and prisoner abuse","Hate speech laws in France","Cruel, inhuman or degrading treatment","2","Cruel, inhuman or degrading treatment","234","Sexual violence in the Democratic Republic of the Congo","178","Hate speech laws in France","111","250"
"57","Hurricane","• **Tropical cyclones are rapidly rotating storm systems** with low pressure, strong winds, and spiral thunderstorms that are called different names depending on location: hurricanes (Atlantic/northeastern Pacific), typhoons (northwestern Pacific), or tropical cyclones (Indian Ocean/South Pacific). • **Around 80-90 named tropical cyclones form globally each year**, with over half developing hurricane-force winds of 65 knots (75 mph) or stronger. • **Tropical cyclones derive energy from warm ocean water** through evaporation and condensation processes, requiring sea surface temperatures of around 27°C (81°F) to form and intensify. • **These storms typically measure 100-2,000 km in diameter** and rarely form within 5° of the equator due to insufficient Coriolis force needed for rotation. • **Coastal areas suffer more damage than inland regions** because heat energy from the ocean acts as the storm's power source, with damage caused by strong winds, heavy rain, storm surges, and flooding. • **Climate change is intensifying tropical cyclones** by increasing their duration, frequency, and strength due to warming ocean waters and an enhanced water cycle. • **Tropical cyclones can produce extreme rainfall up to 40 km inland**, causing river flooding and overwhelming local water control systems across large areas. • **A tropical cyclone officially forms when sustained surface winds exceed 35 knots (40 mph)**, at which point it becomes self-sustaining and can continue intensifying independently.","List of Texas hurricanes (1980–present)","Hurricane (Eden Golan song)","2006 Atlantic hurricane season","Hurricane","4","2006 Atlantic hurricane season","225","List of Texas hurricanes (1980–present)","213","Hurricane (Eden Golan song)","118","0"
"58","Human brain","• The human brain weighs approximately 1.2-1.4 kg (2.6-3.1 lb) and represents about 2% of total body weight, with a volume of around 1260 cm³ in men and 1130 cm³ in women. • The brain consists of three main parts: the cerebrum (largest part with two hemispheres), the brainstem (midbrain, pons, and medulla oblongata), and the cerebellum. • Each cerebral hemisphere is divided into four lobes with specific functions: frontal lobe (executive functions, planning, reasoning), parietal lobe, temporal lobe, and occipital lobe (vision). • The brain contains more than 86 billion neurons plus an approximately equal number of supportive glial cells that work together through neurotransmission. • Brain hemispheres show functional specialization, with language typically processed in the left hemisphere and visual-spatial abilities in the right hemisphere. • The brain is protected by the skull and meninges, suspended in cerebrospinal fluid, and isolated from the bloodstream by the blood-brain barrier. • The brain is susceptible to various conditions including trauma, stroke, degenerative disorders (Parkinson's, Alzheimer's), psychiatric conditions (schizophrenia, depression), and tumors. • The cerebral cortex consists of grey matter with the neocortex having six neuronal layers, while underlying white matter contains nerve tracts that connect different brain regions.","Human brain","Intraparietal sulcus","Semantic search","Sensory memory","1","Semantic search","136","Intraparietal sulcus","233","Sensory memory","156","1"
"59","Relativistic angular momentum","• Relativistic angular momentum is the extension of classical angular momentum concepts to special and general relativity, where the relativistic quantity differs subtly from the three-dimensional classical version. • Angular momentum conservation corresponds to rotational symmetry in spacetime, with this connection described by Noether's theorem and mathematically formalized through the Lorentz group and Poincaré group. • In relativity, classical angular momentum combines with a time-varying moment of mass (related to the boost of the center of mass) to form a second-order antisymmetric tensor, similar to how electric and magnetic fields combine to form the electromagnetic field tensor. • For rotating mass-energy distributions like gyroscopes, planets, stars, and black holes, the angular momentum tensor is expressed in terms of the stress-energy tensor of the rotating object rather than simple point-particle mechanics. • In special relativity, spinning objects have intrinsic angular momentum in their rest frame, analogous to quantum mechanical 'spin' but for extended bodies rather than point particles. • In relativistic quantum mechanics, elementary particles possess spin that adds to orbital angular momentum, creating a total angular momentum tensor operator, with the intrinsic spin expressible through the Pauli-Lubanski pseudovector. • Classical orbital angular momentum is defined as the cross product L = x × p (position × momentum), which can alternatively be expressed as an exterior product to form a second-order antisymmetric tensor.","Relativistic angular momentum","S-type asteroid","N-Methylformamide","Lenstra elliptic-curve factorization","1","Lenstra elliptic-curve factorization","125","S-type asteroid","135","N-Methylformamide","101","750"
"60","List of the most distant astronomical objects","• The universe is currently estimated to be 13.787 ± 0.020 billion years old, though this estimate has increased over time as observational techniques have improved. • Distances to remote astronomical objects are nearly always determined by measuring the cosmological redshift of their light, as these objects are typically very faint and difficult to observe. • Spectroscopic redshift measurements are considered more precise and reliable than photometric redshift techniques, with spectroscopic confirmation required for an object's distance to be considered definitively known. • Objects with only photometric redshift measurements are classified as 'candidate' distant sources (marked with a 'p' subscript) since photometric methods are more prone to errors and confusion with closer objects. • The James Webb Space Telescope (JWST), which began science operations in June 2022, has dramatically expanded the discovery of distant galaxies beyond what the Hubble Space Telescope could detect (z = 11) due to its superior infrared capabilities. • Prior to JWST, the Hubble eXtreme Deep Field project (2002-2012) had identified approximately 50 possible objects at z = 8 or farther and another 100 candidates at z = 7 based on photometric estimates. • Some objects are still considered candidates even after spectroscopic observation if only one emission line was tentatively detected, requiring additional confirmation. • The timeline of record-holding most distant objects shows that the date of distance determination is often different from the date of initial discovery.","Frame rate","Electromagnetic spectrum","List of the most distant astronomical objects","Power (physics)","3","Frame rate","188","Electromagnetic spectrum","213","Power (physics)","165","5"
"61","List of academic databases and search engines","I notice that the Wikipedia article content you've provided appears to be incomplete - it contains the introduction and structure but is missing the actual 'List' section that would contain the specific databases and search engines. Based on the available content, here are the key facts I can extract: • This is a compilation of major databases and search engines specifically designed for academic research to find articles in academic journals, institutional repositories, and archives • The distinction between databases and search engines is unclear for these complex document retrieval systems, reflecting the evolving nature of academic search tools • The list differentiates between 'free' and 'subscription' access, applying to both database availability and access to the journal articles contained within • The page references related resources including general search engines, bibliographic databases, and Google Scholar as complementary academic research tools • Associated topics include academic publishing, digital library projects, open access journals, and various specialized database categories (neuroscience, educational video, online encyclopedias) To provide a more comprehensive analysis with specific database names, features, and detailed comparisons, I would need the complete article content including the actual list section.","Magnetic dipole transition","Møller scattering","List of chemical elements named after places","List of academic databases and search engines","4","Møller scattering","160","Magnetic dipole transition","177","List of chemical elements named after places","131","1"
"62","Water column","• The water column describes the physical and chemical characteristics of seawater at different depths, including temperature, salinity, pH, dissolved oxygen, and light penetration at specific geographical points. • The water column represents the largest habitat on Earth but remains one of the most under-explored, containing enormous biomass crucial to global carbon and biogeochemical cycles. • The oceanic water column is divided into five pelagic zones based on depth: epipelagic (0-200m), mesopelagic (200-1,000m), bathypelagic (1,000-4,000m), abyssopelagic (4,000-6,000m), and hadopelagic (below 6,000m). • The epipelagic zone extends to about 200 meters depth where sunlight penetrates, comprising only 2-3% of the ocean but hosting massive numbers of organisms including phytoplankton, which are vital primary producers. • The mesopelagic zone (200-1,000m) receives very little sunlight and is home to many bioluminescent organisms that migrate to the surface at night to feed due to scarce food resources. • Marine life abundance and diversity decrease significantly with depth, particularly below the bathypelagic zone where no sunlight penetrates and water pressure becomes extreme. • The deepest hadopelagic zone includes ocean trenches like the Mariana Trench (nearly 11,000m deep), where temperatures are near freezing and water pressure exceeds 1,000 atmospheres. • Water column studies are essential for understanding environmental stratification, organism-environment relationships, water circulation patterns, and matter transfer between different water masses.","Machine learning in earth sciences","List of ecoregions in North America (CEC)","Water column","Cenomanian-Turonian boundary event","3","Cenomanian-Turonian boundary event","101","Machine learning in earth sciences","152","List of ecoregions in North America (CEC)","177","250"
"63","Document retrieval","• Document retrieval is the process of matching user queries against a set of free-text records, which can include newspaper articles, real estate records, or manual paragraphs. • Text retrieval is a critical area of study because it forms the fundamental basis of all internet search engines. • Document retrieval systems consist of three main components: a database of documents, a classification algorithm to build a full text index, and a user interface to access the database. • The two main tasks of document retrieval systems are finding relevant documents to user queries and evaluating/sorting the matching results according to relevance using algorithms like PageRank. • There are two main classes of indexing schemes: form-based (focusing on exact syntactic properties like substring matching) and content-based (exploiting semantic connections between documents and queries). • Content-based document retrieval systems most commonly use an inverted index algorithm to process semantic connections. • Form-based systems can handle unstructured text that isn't necessarily in natural language, such as chemical representations in molecular biology. • Internet search engines are the most common and recognizable applications of document retrieval systems in everyday use.","Digital humanities","Document retrieval","Medieval dance","Armorial of the House of Plantagenet","2","Digital humanities","137","Armorial of the House of Plantagenet","174","Medieval dance","110","10"
"64","Mahatma","• **Mahatma is a Sanskrit honorific meaning 'great soul'** - derived from 'mahā' (great) and 'ātmā' (soul), commonly used as a title of respect in India. • **Most famously associated with Mohandas Gandhi** - though the title has also been applied to other notable figures like Basava, Swami Shraddhanand, and Jyotirao Phule. • **Gandhi first received the title in 1909** - the earliest written record is from a private letter by Pranjivan Mehta to Gopal Krishna Gokhale, though he was publicly honored with the title in 1915. • **Used in Theosophy to describe spiritual adepts** - Helena Blavatsky popularized the term in the late 19th century, claiming her teachers were highly evolved Mahatmas who guided spiritual development. • **Designates a class of religious scholars in Jainism** - refers to learned householders who practice Trikaranasuddhi, with documented use dating back to the 17th century. • **The Divine Light Mission employed thousands of Mahatmas** - this religious movement had up to 2,000 Mahatmas from India and Tibet who taught meditation techniques and served as local leaders until the 1980s. • **Historical documentation exists of Jain Mahatmas** - including Mahatma Hirananda who wrote the famous Mewar Ramayana manuscript in 1650, and references in the 1655 text Dabestan-e Mazaheb. • **The term has evolved across different religious contexts** - from its original Sanskrit meaning to specific technical uses in Jainism, Theosophy, and modern spiritual movements.","Rajni Patel","1984 anti-Sikh riots","Kanaiyalal Maneklal Munshi","Mahatma","4","Rajni Patel","132","Kanaiyalal Maneklal Munshi","207","1984 anti-Sikh riots","234","1"
"65","Amazon rainforest","• The Amazon rainforest covers 6 million km² (2.3 million sq mi) of the 7 million km² Amazon basin, representing over half of Earth's remaining rainforests • The forest spans nine nations, with Brazil containing 60% of it, followed by Peru (13%) and Colombia (10%) • It is the largest and most biodiverse tropical rainforest globally, containing an estimated 390 billion individual trees across about 16,000 species • More than 30 million people from 350 different ethnic groups live in the Amazon region, with indigenous peoples making up 9% of the population • Human settlement in the Amazon dates back at least 11,200 years, with evidence suggesting up to 8 million people lived there in 1492 • The indigenous population dramatically declined from approximately 5-8 million in 1500 to less than 200,000 by the early 1980s, primarily due to European diseases • Large-scale deforestation is causing significant economic and environmental damage, with potential economic losses in Brazil estimated at 7 times higher than the value of commodities produced through deforestation • Archaeological evidence reveals the Amazon was shaped by human management for over 11,000 years through practices like forest gardening and creation of fertile 'terra preta' soil","Golden monkey","Glaucous macaw","Amazon rainforest","List of recently extinct plants","3","List of recently extinct plants","240","Golden monkey","171","Glaucous macaw","130","0"
"66","Doctor Who missing episodes","• **95 of 253 episodes from Doctor Who's first six years (1963-1969) are currently missing**, primarily from seasons 3, 4, and 5, leaving 26 serials incomplete. • **The BBC routinely deleted archive programmes between 1967 and 1978** due to lack of storage space, material scarcity, and expired rebroadcast rights, affecting thousands of hours of programming across multiple series. • **All 95 missing Doctor Who episodes survive in audio form**, recorded off-air by fans at home, and most are also represented by production stills, photographs, or short video clips. • **Actors' union Equity deliberately restricted repeat rights** by setting high fees for reuse and limiting the number of times recordings could be repeated, making it financially unviable for broadcasters to keep old programmes. • **The first Doctor Who episode permanently lost was episode seven of 'The Daleks' Master Plan'**, cleared for wiping on 17 August 1967, as no film copies were ever made of this episode. • **BBC Enterprises held an almost complete archive of the series on 16mm film until approximately 1972**, but then disposed of much of this material between 1972-1978 when rights agreements expired. • **The archive purge was halted in 1978** by the intervention of fan Ian Levine, shortly after the final 1960s episodes ('The War Machines') were junked in early 1978. • **Missing episodes have been extensively restored and reconstructed** for modern release, with visuals recreated through commissioned animation or surviving footage and photographs.","Doctor Who missing episodes","DVB-H","As seen on TV","List of digital television channels in Australia","1","DVB-H","215","List of digital television channels in Australia","246","As seen on TV","148","50"
"67","List of QWERTY keyboard language variants","• QWERTY keyboard layouts exist for many languages written in the Latin script, with some designed specifically for multilingual use across multiple languages. • The UK and Ireland use a keyboard layout based on British Standard BS 4822 that differs from the US layout by including an AltGr key, larger Enter key, £ and € symbols, and different positions for characters like @, #, and ~. • US keyboards are widely used beyond the United States in many English-speaking countries including Canada, Australia, New Zealand, South Africa, and various Asian countries like Hong Kong, Malaysia, and Singapore. • The US keyboard layout lacks an AltGr key and dead keys, making it inefficient for most non-English languages but popular among programmers due to convenient placement of coding symbols like []{}. • Czech-speaking regions historically used QWERTZ layout due to Austrian-German influence, but QWERTY became common with imported computers since the 1990s. • English-speaking Canadians typically use the same keyboard as the US, while French-speaking Canadians use specialized Canadian French layouts (CFR and CFA). • Apple's British keyboards differ from the standard UK layout, with older versions using modified US layouts and newer versions adopting ISO physical layouts. • Microsoft separated keyboard and language settings in Windows 8 and later to resolve conflicts between local spelling preferences and keyboard layouts in various English-speaking regions.","List of QWERTY keyboard language variants","2020–21 Cypriot First Division","Hydroperoxyl","Vietnamese grammar","1","Vietnamese grammar","236","2020–21 Cypriot First Division","197","Hydroperoxyl","158","500"
"68","Hydrogen","• Hydrogen is the lightest and most abundant chemical element in the universe, with symbol H and atomic number 1, constituting about 75% of all normal matter. • Under standard conditions, hydrogen exists as a colorless, odorless, non-toxic, and highly combustible diatomic gas (H₂). • The name 'hydrogen' means 'water-former' from Ancient Greek, coined after Henry Cavendish discovered in 1766-1781 that it produces water when burned. • Hydrogen has three naturally occurring isotopes: protium (¹H, >99.98% abundance), deuterium (²H, stable with one neutron), and tritium (³H, radioactive with 12.32-year half-life). • Stars, including the Sun, consist mainly of hydrogen in plasma state, while on Earth it's found in water, organic compounds, and as H₂ gas. • Nearly all commercial hydrogen production comes from transforming fossil fuels, particularly through steam reforming of natural gas, though it can also be produced by water electrolysis. • Main industrial uses include fossil fuel processing and ammonia production for fertilizers, with emerging applications in fuel cells for electricity generation. • Neutral hydrogen atoms first formed about 370,000 years after the Big Bang when the universe cooled enough for electrons to bind with protons.","Thermonuclear weapon","Stable isotope ratio","Ferrihydrite","Hydrogen","4","Stable isotope ratio","206","Ferrihydrite","249","Thermonuclear weapon","178","0"
"69","Weimar political parties","• The Weimar Republic (1919-1933) had approximately 40 political parties represented in the Reichstag during its 14-year existence, creating significant political fragmentation. • The proportional representation electoral system encouraged the formation of regional and special interest parties, contributing to political instability. • After seizing power, the Nazis systematically eliminated opposition parties: Communists in March 1933, Social Democrats in June 1933, and all remaining parties through the 'Law Against the Formation of Parties' on July 14, 1933. • Major political unions included the SPD-affiliated ADGB and conservative organizations like the Deutschnationaler Handlungsgehilfenverband (DHV), which represented different worker and employee interests. • Secret paramilitary organizations like Organisation Consul (1920-1922) and Bund Wiking conducted terrorist activities and political assassinations to destabilize the Republic. • The Nazi Party (NSDAP) grew dramatically from 810,000 votes (12 seats) in May 1928 to 4.6 million votes (77 seats) by September 1930, demonstrating their rapid rise to power. • Voter turnout remained consistently high throughout the Weimar period, ranging from 74.6% to 81.4% in major elections. • Anti-republican organizations like the Pan-German League and Völkisch movement actively opposed the Weimar government and democratic system.","Music of the Soviet Union","Weimar political parties","Army of the Socialist Republic of Romania","National-Christian Defense League","2","Music of the Soviet Union","177","National-Christian Defense League","170","Army of the Socialist Republic of Romania","114","500"
"70","Air raids on Japan","• Allied forces conducted air raids on Japan from 1942 to 1945, killing between 241,000 and 900,000 people and causing extensive destruction to Japanese cities. • The strategic bombing campaign began in earnest in mid-1944 using Boeing B-29 Superfortress bombers, initially operating from India and China, then expanding significantly from November 1944 using airfields in the Mariana Islands. • In February 1945, the USAAF shifted strategy from high-altitude precision bombing to low-altitude nighttime firebombing of urban areas, which proved more effective at damaging Japan's industrial capacity. • On August 6 and 9, 1945, the United States dropped atomic bombs on Hiroshima and Nagasaki, mostly destroying both cities. • Japan's air defenses were inadequate - fighter aircraft and anti-aircraft guns couldn't effectively reach the high altitudes of B-29s, and acute fuel shortages and poor pilot training further limited defensive capabilities. • By June 1945, the Japanese military largely ceased contesting Allied air raids to conserve aircraft for defending against an expected invasion of the home islands. • Japanese cities were particularly vulnerable to incendiary attacks due to inadequate firefighting services and few air raid shelters for civilians. • The bombing campaign was one of the main factors that influenced Japan's decision to surrender in mid-August 1945, and significantly reduced Japanese industrial production.","Liberation of Auschwitz concentration camp","Air raids on Japan","Radar in World War II","List of Classes of French ships of World War II","2","Radar in World War II","142","Liberation of Auschwitz concentration camp","212","List of Classes of French ships of World War II","111","25"
"71","Vesuvianite","• Vesuvianite (also known as idocrase) is a silicate mineral that occurs in green, brown, yellow, or blue colors and forms tetragonal crystals in skarn deposits and contact metamorphosed limestones. • The mineral was first discovered at Mount Vesuvius in included blocks or adjacent to lavas, which is how it got its name when Abraham Gottlob Werner named it in 1795. • Vesuvianite has a specific gravity of 3.4 and a Mohs hardness of 6.5, making it suitable for cutting as gemstones when attractive crystals are found. • Notable varieties include cyprine (sky blue variety colored by copper impurities), californite (jade-like variety also called California jade), xanthite (manganese-rich variety), and wiluite (optically positive variety from Siberia). • Important localities for fine crystallized specimens include Mount Vesuvius and the Ala Valley near Turin, Piedmont, with the original Vesuvius specimens being brown crystals found in ejected limestone blocks of Monte Somma. • The mineral has multiple names in common use, including idocrase (given by René Just Haüy in 1796), and variant spellings like Vessonite and Vassolite are commonly encountered in the gem trade.","Sesotho orthography","Vesuvianite","Main-group element","MT-ATP6","2","Sesotho orthography","217","Main-group element","116","MT-ATP6","128","350"
"72","Fas ligand","• **Fas ligand (FasL) is a type-II transmembrane protein in the TNF superfamily** that binds to the Fas receptor (CD95) to induce apoptosis in target cells. • **FasL exists in two forms: membrane-bound and soluble**, with the membrane-bound form being more potent for apoptosis induction, while the soluble form (sFasL) is created through metalloproteinase cleavage. • **FasL is primarily expressed by cytotoxic T lymphocytes (CTLs) and natural killer (NK) cells** to eliminate target cells as part of their immune effector functions. • **FasL mediates immune privilege in specialized tissues** like the eye, brain, testis, and placenta by killing invading Fas-expressing lymphocytes to protect these sites from immune-mediated destruction. • **FasL binding to Fas receptor triggers apoptosis through the formation of DISC** (death-inducing signaling complex), which activates a cascade of caspases leading to cell death. • **FasL plays a crucial role in immune homeostasis** by eliminating self-reactive lymphocytes and removing activated immune cells after pathogen clearance during immune response contraction. • **Beyond apoptosis, FasL also activates non-apoptotic pathways** including NF-κB and MAPK signaling that can promote cell survival, inflammation, and proliferation. • **The protein structure consists of 281 amino acids** organized into an intracellular N-terminal domain, a transmembrane domain, and an extracellular C-terminal domain that contains the receptor-binding activity.","Fas ligand","Cysteinyl leukotriene receptor 1","Immunoglobulin Y","Chromosome 3","1","Cysteinyl leukotriene receptor 1","168","Chromosome 3","107","Immunoglobulin Y","146","200"
"73","Geometry","• Geometry is a branch of mathematics concerned with properties of space such as distance, shape, size, and relative position of figures, and is one of the oldest branches of mathematics along with arithmetic. • Until the 19th century, geometry was almost exclusively devoted to Euclidean geometry, which includes fundamental concepts like point, line, plane, distance, angle, surface, and curve. • The earliest recorded beginnings of geometry can be traced to ancient Mesopotamia and Egypt in the 2nd millennium BC, with early texts including the Egyptian Rhind Papyrus (2000–1800 BC) and Babylonian clay tablets like Plimpton 322 (1900 BC). • Around 300 BC, Euclid revolutionized geometry with his work 'Elements,' which introduced mathematical rigor through the axiomatic method and is considered one of the most successful and influential textbooks of all time. • During the 19th century, major discoveries dramatically expanded geometry's scope, including the development of non-Euclidean geometries that don't follow the parallel postulate, which later became fundamental to Einstein's general relativity. • Carl Friedrich Gauss's Theorema Egregium established that surfaces can be studied intrinsically as stand-alone spaces, leading to the development of manifold theory and Riemannian geometry. • Modern geometry has split into many specialized subfields including differential geometry, algebraic geometry, computational geometry, projective geometry, and discrete geometry, each focusing on different methods or properties. • Geometry has practical applications across almost all sciences, as well as in art, architecture, and graphics, and also plays crucial roles in seemingly unrelated mathematical areas, such as in Wiles's proof of Fermat's Last Theorem.","Geometry","Real projective plane","Object of the mind","Graph drawing","1","Real projective plane","207","Graph drawing","163","Object of the mind","140","0"
"74","Parameter","• A parameter is any characteristic that helps define or classify a system, derived from Ancient Greek words meaning 'beside' and 'measure' • Parameters have specific technical meanings across multiple disciplines including mathematics, computer programming, engineering, statistics, logic, linguistics, and electronic music composition • In system modeling, parameters are the values that describe a system when it is represented by equations, such as masses, dimensions, densities, and viscosities in mechanical systems • Choosing a convenient set of parameters to describe a system is called parametrization, with multiple valid approaches possible for the same system • In mathematical functions, parameters differ from variables in that they are not listed as arguments but instead define a family of functions, with each parameter set creating a specific function • Parameters can be incorporated into function names to indicate dependence, such as the base 'b' in logarithmic functions log_b(x) • Changing the status of symbols between parameters and variables fundamentally changes the mathematical function, affecting properties like whether it remains polynomial • The same mathematical expression can represent different types of functions depending on which symbols are treated as parameters versus variables","Tensor decomposition","Parameter","Five color theorem","Dimension of an algebraic variety","2","Five color theorem","137","Dimension of an algebraic variety","135","Tensor decomposition","109","500"
"75","Red Napoleon","• Red Napoleon was a nickname for communist generals, popularized in the 1920s by White Russian émigrés who speculated that a Soviet general might overthrow the government in a coup. • The term originated from historical parallels between the Russian Revolution and French Revolution, as Napoleon Bonaparte had ended the first French Republic through a military coup. • Leon Trotsky was initially the primary focus of 'Red Napoleon' speculation due to his leadership of the Red Army and charismatic personality, though he never attempted a coup. • Mikhail Tukhachevsky was later considered the prime candidate for becoming a 'Red Napoleon,' along with other prominent Soviet generals like Vasily Blyukher and Semyon Budyonny. • The Soviet secret police deliberately spread rumors among White émigrés about generals planning coups in order to entrap those interested in joining such plots. • Western fears of a 'Red Napoleon' included concerns about a potential Soviet conquest of Europe, exemplified by Floyd Gibbons' 1929 novel 'The Red Napoleon.' • The nickname was later applied to communist generals in other countries, including Zhu De ('Red Napoleon of China'), Georgy Zhukov, and Võ Nguyên Giáp of North Vietnam. • In later usage, the term sometimes simply reflected respect for military ability rather than implying political ambitions for a coup.","Marocchinate","Red Napoleon","Cisalpine Republic","Mozart's nationality","2","Marocchinate","111","Cisalpine Republic","233","Mozart's nationality","177","100"
"76","2016 Dutch Ukraine–European Union Association Agreement referendum","• An advisory referendum on the Ukraine–European Union Association Agreement was held in the Netherlands on April 6, 2016, with 61% voting against and 38.2% voting in favor on a 32.28% turnout. • The referendum was triggered after more than 427,000 valid requests were collected within six weeks, exceeding the required 300,000 signatures needed under the Advisory Referendum Act. • GeenPeil, a cooperation between GeenStijl website and organizations Burgercomité EU and Forum voor Democratie, organized the signature collection campaign using a web application. • The referendum was suspensory and non-binding, meaning the government had to propose new legislation to either retract or implement the agreement despite the rejection. • This was the first referendum held under the Advisory Referendum Act, which was enacted on July 1, 2015, and later repealed in 2018. • Following the 'no' vote, the Dutch government secured an additional agreement with EU member states in December 2016 to address concerns, without changing the original association agreement. • The Netherlands ultimately approved the Association Agreement in May 2017 and deposited its ratification on June 15, 2017, allowing the agreement to enter into force on September 1, 2017. • The Ukraine-EU Association Agreement establishes political and economic cooperation, including a Deep and Comprehensive Free Trade Area, with about 70% of the agreement already applied provisionally since 2014-2016.","Lists of sovereign states and dependent territories","European driving licence","Resource Description Framework","2016 Dutch Ukraine–European Union Association Agreement referendum","4","Resource Description Framework","117","Lists of sovereign states and dependent territories","123","European driving licence","121","150"
"77","Television channel frequencies","• Television channels are broadcast in two main frequency bands: VHF (Very High Frequency) and UHF (Ultra High Frequency), with channel bandwidth typically occupying 6, 7, or 8 MHz depending on the transmission system used. • Analog television broadcasts have been phased out in most regions worldwide and replaced by digital television broadcasts. • During World War II, the U.S. military appropriated frequencies originally assigned as TV channels 13-18, which they still use today, forcing a reassignment of VHF channel allocations that took effect February 25, 1946. • Different regions use different television transmission systems: System M (525 lines) is used in most Americas countries, South Korea, Taiwan and Philippines, while System N (625 lines) is used in Argentina, Paraguay and Uruguay. • Channel frequency spacing varies by region - most countries use 6 MHz spacing, though some use 7 or 8 MHz, and there are unique cases like Japan where channels 7 and 8 overlap. • Some TV channel frequencies overlap with FM radio bands, such as TV channel 6 in North America which can be heard on FM 87.75, and various European channels that intersect with the FM band. • Many early experimental channels (like channels 1 and 1A in Europe, and channel 1 in France using 441-line system) have been discontinued or reallocated for other uses including FM radio expansion. • Australia transitioned to digital television in 2001, discontinuing several VHF channels (0-5A) and adjusting others, while New Zealand ceased VHF analog TV broadcasting on December 1, 2013.","Television in Singapore","Television channel frequencies","Terrestrial television","TVM (Malta)","2","Terrestrial television","111","Television in Singapore","181","TVM (Malta)","221","5"
"78","Isaac Newton","• **Born January 4, 1643, died March 31, 1727** - English polymath who was a mathematician, physicist, astronomer, and key figure in the Scientific Revolution • **Published 'Principia Mathematica' in 1687** - This groundbreaking work established classical mechanics and formulated the laws of motion and universal gravitation • **Co-developed calculus with Leibniz** - Newton actually developed calculus years before Leibniz, making fundamental contributions to mathematics • **Built the first reflecting telescope** - Also developed sophisticated theories of color and light, demonstrating that prisms separate white light into the visible spectrum • **Served as Lucasian Professor of Mathematics at Cambridge** - Appointed at age 26, he was a fellow of Trinity College and later served as president of the Royal Society (1703-1727) • **His laws of motion and gravitation dominated science for centuries** - These principles remained the prevailing scientific viewpoint until superseded by Einstein's theory of relativity • **Made significant contributions to optics** - His work on light was published in 'Opticks' (1704) and included innovations that later became integral to laser development • **Served as Master of the Royal Mint** - Spent his final decades in London (1699-1727) improving the accuracy and security of British coinage, and was knighted by Queen Anne in 1705","Magnetic reluctance","Latin square","Experimental physics","Isaac Newton","4","Experimental physics","234","Latin square","192","Magnetic reluctance","117","0"
"79","Probability","• Probability is a numerical measure of how likely an event is to occur, expressed as a number between 0 and 1 (or 0% to 100%), where larger numbers indicate higher likelihood. • Probability theory has widespread applications across multiple fields including statistics, mathematics, science, finance, artificial intelligence, machine learning, computer science, and game theory. • There are two main categories of probability interpretation: objectivist (including frequentist probability based on long-run relative frequency) and subjectivist (including Bayesian probability that incorporates prior beliefs and expert knowledge). • Theoretical probability is calculated by dividing the number of desired outcomes by the total number of possible outcomes in well-defined random experiments. • The mathematical study of probability began in the 17th century with correspondence between Pierre de Fermat and Blaise Pascal (1654), followed by early scientific treatments by Christiaan Huygens (1657). • The word 'probability' derives from Latin 'probabilitas,' which originally meant 'probity' and referred to the authority or credibility of a witness in legal cases, differing significantly from its modern mathematical meaning. • Gerolamo Cardano, a 16th-century Italian polymath, was among the first to define odds as the ratio of favorable to unfavorable outcomes, laying groundwork for modern probability calculations.","Probability","Boy or girl paradox","Pattern recognition","Marginal distribution","1","Marginal distribution","117","Pattern recognition","138","Boy or girl paradox","102","0"
"80","Seven-segment display character representations","• Seven-segment display character representations are not standardized by any official entity (ISO, IEEE, or IEC), though Unicode 13.0 provides encoding codepoints in the Symbols for Legacy Computing block. • Multiple conventions exist for displaying certain digits, with optional segments for digit 6 (segment A), digit 7 (segment F), and digit 9 (segment D). • For hexadecimal digits A-F, the modern standard uses uppercase A, lowercase b, uppercase C, lowercase d, uppercase E and F, though historical implementations varied significantly across manufacturers. • Seven-segment displays can show most letters of Latin, Cyrillic, and Greek alphabets, but certain letters (M, V, W, X) cannot be expressed unambiguously due to diagonal strokes or multiple vertical segments. • Different decoder chips historically used various schemes for displaying hexadecimal values, including Texas Instruments chips that used truncated number forms and Soviet calculators that used symbols like '−', 'L', 'C', 'Г', 'E'. • Some letters can only be displayed in either uppercase or lowercase form but not both, limiting the flexibility of text representation on seven-segment displays. • Seven-segment displays are typically used for basic notifications on consumer electronics and internal test messages, where more complex displays (14-segment, 16-segment, or dot matrix) are preferred for critical or extensive text display needs.","Seven-segment display character representations","Suffix array","Majority","Pascal's pyramid","1","Majority","153","Suffix array","225","Pascal's pyramid","181","50"
"81","Persistent homology","• Persistent homology is a method in topological data analysis for computing topological features of a space at different spatial resolutions to distinguish true features from noise or sampling artifacts. • The method requires representing the space as a simplicial complex with a distance function that corresponds to a filtration - a nested sequence of increasing subsets. • Common construction methods include Čech filtration (using sublevel filtration of distance to a point cloud) and Vietoris-Rips filtration (using nested sequences of Vietoris-Rips complexes). • The mathematical foundation involves a real-valued function on a simplicial complex that is non-decreasing on increasing sequences of faces, creating sublevel sets that form a filtration from empty set to the full complex. • Inclusions between complexes in the filtration induce homomorphisms on simplicial homology groups, whose images define the persistent homology groups. • Persistent Betti numbers measure the ranks of persistent homology groups and quantify the persistence of topological features across different scales. • For dimension p=0, persistent Betti numbers coincide with the size function, which was a predecessor to persistent homology. • Any filtered complex over a field can be transformed to canonical form - a direct sum of one-dimensional complexes with trivial differential and two-dimensional complexes with trivial homology.","Zud","Pfam","Anchor modeling","Persistent homology","4","Anchor modeling","165","Pfam","152","Zud","184","750"
"82","Lord Howe Island Marine Park","• Lord Howe Island is a crescent-shaped volcanic remnant located 600 km east of mainland Australia in the Tasman Sea, covering 14.55 km² with the highest point being Mount Gower at 875 meters. • The island was first sighted by Europeans on February 17, 1788, by Lieutenant Henry Lidgbird Ball during a voyage to establish a penal settlement on Norfolk Island, and was permanently settled in June 1834. • Lord Howe Island was uninhabited before European discovery, with extensive archaeological investigation in 1996 finding no evidence of prehistoric human settlement or Polynesian presence. • The island is a UNESCO World Heritage Site recognized for its global natural significance, featuring endemic species found nowhere else in the world and the world's southernmost barrier coral reef. • About 70% of the island is protected as a 'Permanent Park Preserve' established by the Lord Howe Island Act 1981, with surrounding waters designated as the Lord Howe Island Marine Park. • The island's economy historically relied on whaling provisioning, then shifted to exporting endemic kentia palms (beginning in the 1880s) and tourism (starting after World War II in 1945). • The Lord Howe Island Group consists of 28 islands, islets, and rocks, including the notable Ball's Pyramid located 23 km southeast of the main island. • The island is administered as an unincorporated area by the Lord Howe Island Board, which reports to the New South Wales Minister for Environment and Heritage.","Lord Howe Island Marine Park","Townsville","List of Quaternary volcanic eruptions","Eastern grey kangaroo","1","Eastern grey kangaroo","171","Townsville","242","List of Quaternary volcanic eruptions","176","5"
"83","Sisygambis","• Sisygambis was the mother of Darius III of Persia and died in 323 BCE, the same year as Alexander the Great. • She was captured by Alexander the Great at the Battle of Issus in 333 BCE when Darius III fled the battlefield, leaving his family behind. • Despite being a captive, Alexander treated her with great dignity and respect, eventually referring to her as 'mother' and she became devoted to him. • She famously mistook Hephaestion for Alexander when pleading for her family's lives, leading to Alexander's reassuring words: 'You were not mistaken, Mother; this man too is Alexander.' • Alexander arranged for her to learn Greek while he was away conquering, and later married her granddaughter Stateira II in 324 BCE as part of the Susa weddings. • After Alexander's death, she was so overwhelmed with grief that she sealed herself in her rooms, refused to eat, and died of starvation four days later. • Her story, particularly the scene of mistaking Hephaestion for Alexander, became a popular subject in Western art by painters like Charles le Brun and Paolo Veronese. • Asteroid 823 Sisigambis was named in her honor, reflecting her lasting historical significance.","Alexander Dmitriev-Mamonov","Sisygambis","Trabluslu Ali Pasha","Ivan Alexander of Bulgaria","2","Ivan Alexander of Bulgaria","132","Alexander Dmitriev-Mamonov","241","Trabluslu Ali Pasha","146","50"
"84","Halite","I notice there's a discrepancy in your request. You've asked me to extract key facts about 'Halite' (which is typically the mineral form of sodium chloride/rock salt), but the Wikipedia article you've provided is actually about 'Halit' - a Turkish given name. Based on the article content you've provided, here are the key facts about the name Halit: • Halit is the Turkish spelling of the Arabic masculine given name Khalid (خَالِد) • The name means 'eternal,' 'everlasting,' or 'immortal' in Arabic • Notable people with this name include actors, military officers, athletes, writers, and politicians • The name spans multiple generations, with bearers ranging from the 1800s to present day • Halit can be used as both a first name and middle name in Turkish culture • The name is also found among Albanian individuals, indicating cross-cultural usage • Many prominent Turkish cultural figures have carried this name, including film directors, authors, and journalists If you were actually looking for information about halite (the mineral), please provide the correct article content and I'll be happy to extract those key facts instead.","List of biblical names starting with L","Halite","List of the Dead Sea Scrolls","Salted bomb","2","List of the Dead Sea Scrolls","120","Salted bomb","210","List of biblical names starting with L","146","5"
"85","Simple continued fraction","• A simple continued fraction has all numerators equal to one and denominators built from a sequence of integers {aᵢ} • The integer sequence {aᵢ} can be either finite or infinite, determining whether the continued fraction terminates or continues indefinitely • Finite continued fractions have a specific endpoint (aₙ) and represent rational numbers • Infinite continued fractions continue without end and typically represent irrational numbers • The general form follows a nested fraction pattern: a₀ + 1/(a₁ + 1/(a₂ + 1/(a₃ + ...))) • Simple continued fractions are also called 'regular continued fractions' to distinguish them from more general forms • The sequence of integers {aᵢ} completely determines the value of the continued fraction","Simple continued fraction","Index notation","Gaussian binomial coefficient","SPARQL","1","Index notation","243","SPARQL","130","Gaussian binomial coefficient","167","10"
"86","EICAR test file","• The EICAR test file was developed by the European Institute for Computer Antivirus Research (EICAR) and Computer Antivirus Research Organization to safely test antivirus software without using real malware that could cause damage. • The file is a 68-128 byte text file that functions as a legitimate executable (.com file) for MS-DOS and Windows systems, printing 'EICAR-STANDARD-ANTIVIRUS-TEST-FILE!' when run. • The test string was created by antivirus researchers Padgett Peterson and Paul Ducklin, designed to use only ASCII human-readable characters that can be typed on a standard keyboard. • Antivirus programs are programmed to detect the EICAR string as a verified virus signature and respond similarly to how they would handle real malware, though not all scanners are compliant. • The test file can be compressed or archived to test whether antivirus software can detect threats within compressed files, making it versatile for testing various scanner capabilities. • According to EICAR specifications, antiviruses should only flag the file if it starts with the exact 68-byte test string and is no longer than 128 bytes total. • The file uses self-modifying code to work around technical limitations imposed by the constraint of using only human-readable ASCII characters. • Despite being a test file, it can potentially be exploited for malicious purposes, such as causing race conditions that might make antivirus software delete itself.","EICAR test file","Antimicrobial peptides","SARS-CoV-2 Alpha variant","Hepatitis","1","Hepatitis","246","Antimicrobial peptides","237","SARS-CoV-2 Alpha variant","138","100"
"87","List of quasars","• More than a million quasars have been observed, making any Wikipedia list necessarily a selective sample of these astronomical objects. • No quasars are currently visible to the naked eye, despite their enormous energy output. • Quasars follow specific naming conventions using either B1950 coordinates (Qxxxx±yy format) or J2000 coordinates (QSO Jxxxx±yyyy format), with some using the QSR prefix. • Gravitational lensing can cause single quasars to appear as multiple images when viewed from Earth, creating multiply imaged quasars. • Some quasars exhibit apparent superluminal jet motion due to relativistic effects and their line-of-sight orientation relative to Earth. • The majority of quasars have redshift values (z) between 2 and 5, with any quasar having z > 1 receding faster than the speed of light due to cosmic expansion. • Quasars held the record as the most distant known objects in the universe from 1964 until 1997, when they were surpassed by a pair of non-quasar galaxies. • Large Quasar Groups (LQGs) represent collections of quasars bound to filaments of mass rather than being directly gravitationally bound to each other. • Quasars can exist in various configurations including binary and trinary systems where they are physically close to each other, as well as visual associations where they only appear close from Earth's perspective.","List of quasars","Columbia University sundial","Time-variation of fundamental constants","Akan names","1","Time-variation of fundamental constants","184","Akan names","169","Columbia University sundial","131","350"
"88","Computer graphics lighting","• Computer graphics lighting encompasses techniques to simulate light in digital scenes, with varying levels of computational complexity and detail to suit different application needs. • Point light sources emit light from a single location in all directions with intensity decreasing by distance, while directional sources (like sunlight) uniformly illuminate scenes from one direction without distance-based intensity changes. • Area lights are 3D objects that emit light and produce softer, more realistic shadows compared to point or spot lights, which are treated as infinitesimally small points. • Ambient lighting ensures objects remain visible even in darkness by providing uniform illumination independent of direction, distance, or other objects in the scene. • The three primary lighting interaction components are diffuse (direct illumination creating brightness and color), ambient (uniform interaction across surfaces), and specular (creating shine and highlights on objects). • Two main illumination models exist: object-oriented lighting (local illumination) which considers each object individually and computes quickly, and global illumination which maps light interactions between objects for more realistic but computationally intensive results. • The Phong illumination model is a common reflection model that calculates pixel intensity as the sum of diffuse, specular, and ambient lighting components, taking into account viewer location for specular calculations. • HDRI (High Dynamic Range Image) uses 360° images wrapped around 3D models to create realistic outdoor lighting environments, with the sun typically serving as the primary light source.","Retina","List of Psathyrella species","Computer graphics lighting","LED lamp","3","List of Psathyrella species","155","LED lamp","213","Retina","160","250"
"89","Protohistory of Ireland","• The protohistory of Ireland spans from when Greek and Roman writers first mentioned it until the early historical period began in the 5th century, including a proto-literate period featuring ogham inscriptions. • Classical writers used various names for Ireland (Iris, Ierne, Iuverna, Hibernia) but provided unreliable information, often including fantastical claims about cannibalism and incest among the inhabitants. • Julius Caesar was the first to call the island 'Hibernia,' correctly described it as about half the size of Britain, and accurately placed it west of Britain in his Commentarii de Bello Gallico. • Roman governor Gnaeus Julius Agricola (AD 78-85) considered conquering Ireland, believing it could be held with one legion, and hosted an exiled Irish king as a potential pretext for invasion. • Ptolemy's 2nd-century Geography provides the most detailed classical account of Ireland, mapping six promontories, fifteen river mouths, ten settlements, nine islands, and naming sixteen population groups. • Ptolemy identified several Irish peoples that correspond to later historical groups, including the Iwernoi (later Érainn), the Auteinoi (later Uaithni), and the Brigantes who shared their name with a British tribe. • Some classical references suggest possible Roman military contact with Ireland, including Juvenal's mention of Roman arms advancing 'beyond the shores of Iuverna,' though this may not represent actual historical events. • Many of Ptolemy's geographical features can be tentatively identified with modern Irish locations, such as the river Senu (Shannon), Eblana (mistakenly identified with Dublin), and various promontories and river mouths.","Temple of Jupiter (Pompeii)","Mythology of Italy","Ancile","Protohistory of Ireland","4","Temple of Jupiter (Pompeii)","216","Ancile","229","Mythology of Italy","210","50"
"90","Volcano","• A volcano is a vent or fissure in Earth's crust that allows hot lava, volcanic ash, and gases to escape from underground magma chambers. • Most volcanoes occur at tectonic plate boundaries - either where plates diverge (spread apart) or converge (collide), with most located underwater since most plate boundaries are beneath the ocean. • Volcanoes at divergent plate boundaries are typically non-explosive, while those at convergent boundaries cause violent eruptions due to high-silica magma content. • Volcanoes are classified as active (likely to erupt again), dormant (haven't erupted in ~12,000 years but may erupt), or extinct (no longer capable of eruption). • Hotspot volcanism occurs away from plate boundaries when mantle plumes rise from deep within Earth, creating volcanic island chains like Hawaii as tectonic plates move over the hotspot. • Large volcanic eruptions can significantly affect global climate by releasing ash and sulfuric acid that block sunlight, leading to cooling and potentially causing volcanic winters and famines. • Most volcanic activity on Earth is submarine, occurring at mid-ocean ridges where new oceanic crust is continuously formed. • Volcanoes exist on other planets besides Earth, including Venus and Mars, leading to expanded definitions that include processes like cryovolcanism.","Danan (volcano)","Mount Erebus","Volcano","Nyamuragira","3","Nyamuragira","162","Mount Erebus","235","Danan (volcano)","205","0"
"91","Lucius Valerius Flaccus (consul 100 BC)","• **Lucius Valerius Flaccus (died 85 BC)** became suffect consul in 86 BC after Gaius Marius died unexpectedly, completing Marius's seventh term in office. • **He was a staunch supporter of the Marian-Cinna faction** within the populares party during the civil wars against Lucius Cornelius Sulla and the optimates. • **In 85 BC, he was assigned governorship of the Roman province of Asia** and command of the war against Mithridates VI of Pontus, but was murdered at Nicomedia during a mutiny led by his subordinate Gaius Flavius Fimbria. • **He enacted the Lex Valeria de aere alieno**, radical debt reform legislation that cancelled three-quarters of all outstanding debts to address Rome's severe economic crisis in the 80s BC. • **He came from a prominent political family** - his brother Gaius Valerius Flaccus was consul in 93 BC, and he was cousin to another Lucius Valerius Flaccus who was consul in 100 BC. • **His political career included serving as curule aedile in 99 BC and praetor by 92 BC**, and he governed Asia as praetor or propraetor around 92-91 BC. • **The Valerii Flacci family was considered 'one of the foremost pro-Marian families'** and were securely aligned with the Marian-Cinnan faction throughout the political upheavals of the late Republic. • **His debt reform addressed a severe credit crisis** caused by the Social War, First Mithridatic War, land devaluation, and coin hoarding that had devastated the Roman economy.","Roman–Parthian War of 161–166","Leptis Magna","Lucius Valerius Flaccus (consul 100 BC)","Suetonius","3","Roman–Parthian War of 161–166","173","Leptis Magna","104","Suetonius","228","750"
"92","Me (mythology)","• **Me are sacred rituals in Mesopotamian culture** - They were considered divine property, and during their performance, the respective deity would incarnate in the person performing the ritual. • **Me were fundamental to Sumerian society** - Sumerian religious and cultural life was based on the Me, and their correct practice at temples was essential for society's existence. • **Mythological origin involves major deities** - According to 'Enki and the World Order,' the Me were originally collected by Enlil, then given to Enki's guardianship to distribute among Sumerian centers. • **Inanna transferred the Me from Eridu to Uruk** - In the myth 'Inanna and Enki,' Inanna obtained the Me from the drunk god Enki and successfully brought them to her city of Uruk despite his attempts to retrieve them. • **Me were represented by physical objects** - Though tablets don't describe their appearance, the Me were clearly physical items that could be stored, handled, and displayed, including musical instruments, technologies like basket weaving, and abstract concepts. • **Me included both positive and negative aspects** - Alongside desirable traits like 'heroship' and 'victory,' the Me also encompassed negative elements like 'destruction of cities,' 'falsehood,' and 'enmity,' which Sumerians viewed as inevitable parts of human experience. • **Over 100 Me existed but many are lost** - While more than 100 Me are mentioned in the myths with the complete list given four times, fragmentary tablet preservation means only about 60 are known today.","Sobekneferu","Me (mythology)","Princess of Xiaohe","Elymian language","2","Elymian language","167","Princess of Xiaohe","248","Sobekneferu","247","150"
"93","Kenneth Boulding's evolutionary perspective","• **Boulding redefined the factors of production** from the traditional land, labor, and capital to know-how, energy, and materials, arguing this framework better reflects how production actually works through the direction of energy by knowledge structures. • **The 'Noosphere' concept was central to his theory** - Boulding adopted this term from Vernadsky and Teilhard de Chardin to describe how know-how functions in economic evolution similarly to how DNA operates in biological evolution. • **He rejected 'labor' as a meaningful production factor**, calling it a 'heterogeneous collection of artifacts' and comparing labor-based value theories to medieval elements like 'earth, air, fire, and water' in terms of scientific validity. • **Boulding envisioned humanity moving toward a 'post-civilized society'** driven by science and knowledge development, with stable population but continued economic advancement, distinct from stationary state models. • **He proposed tradable birth-right permits** as a market-based solution to population growth problems, applying neoclassical efficiency principles to demographic challenges decades before such ideas became mainstream. • **His evolutionary perspective emphasized throughput and environmental limits**, aligning with calls from economists like Georgescu-Roegen to move beyond circular flow diagrams that ignore physical resource constraints and thermodynamic laws. • **Knowledge and know-how were positioned as the key drivers of economic development**, with financial systems and institutions serving merely as 'machinery' to create and express knowledge processes. • **He was a prominent critic of mainstream equilibrium analysis**, particularly opposing what he termed 'Samuelson's dynamics' and advocating for evolutionary approaches to economic theory.","Kenneth Boulding's evolutionary perspective","Database object","Lithostrotia","2024–25 Championnat National","1","Database object","163","Lithostrotia","120","2024–25 Championnat National","234","350"
"94","European Sky Shield Initiative","• The European Sky Shield Initiative (ESSI) is a project to build a ground-based integrated European air defence system with anti-ballistic missile capability, involving 24 European states as of 2025. • The initiative was proposed by German Chancellor Olaf Scholz in August 2022, prompted by Russian strikes on Ukrainian infrastructure and concerns about limited European defense capabilities against threats like Russian Iskander missiles. • Fifteen European states initially signed the declaration in October 2022, with additional countries joining over time, including neutral states Austria and Switzerland in 2023-2024, raising questions about their neutrality policies. • France has opposed the initiative, citing excessive reliance on non-European equipment and technology, and has made counter-proposals favoring alternatives like the French-Italian SAMP-T system. • The system uses multi-layered defense with different range capabilities: short-range (0-10 km) using Skyranger 30 and Tridon Mk2, medium-range (10-70 km) using IRIS-T SLM and NASAMS, long-range (70-150 km) using Patriot and SAMP/T, and very long-range (100+ km) using Arrow 3. • Germany authorized nearly €4 billion in June 2023 for the Arrow 3 anti-ballistic missile system from Israel, with construction beginning in February 2025 and full operational capability planned by 2030. • The initiative aims to strengthen the NATO Integrated Air Defence System and includes joint procurement of air defense systems among participating nations. • A separate but related proposal exists for a 'European Sky Shield for Ukraine' that would deploy European-led air protection over western Ukraine using NATO combat air patrols.","European Sky Shield Initiative","List of principal and guide meridians and base lines of the United States","Peninsula","Atlantica","1","List of principal and guide meridians and base lines of the United States","113","Atlantica","125","Peninsula","205","1"
"95","Iceland boreal birch forests and alpine tundra","• Iceland is a volcanic island with basaltic soils located 290 km east of Greenland, with three-quarters of the island above 200 meters elevation and approximately 20% covered by bare rock or glaciers. • The climate is predominantly tundra (Köppen ET), where no month averages above 10°C (50°F), though some areas have oceanic subpolar climate due to Gulf Stream moderation. • Forest cover has been drastically reduced to only 1,250 km² of original white birch forest (about 1% of original coverage) due to centuries of timber extraction and soil erosion from sheep grazing. • Species biodiversity is relatively low because the island is geologically young and isolated, with only one indigenous mammal species - the Arctic fox. • The island hosts 483 vascular plant species, 560 bryophyte species, over 550 lichen species, and more than 1,200 fungi species, but no reptiles or amphibians. • Vegetation coverage has declined from 50-60% at the time of human settlement to just 25% today, primarily due to deforestation and overgrazing causing severe soil erosion. • Most remaining birch forests consist of shrub-like trees under 2 meters tall, with only about 2% featuring trees 8-12 meters tall in protected valleys. • Over 12% of the ecoregion is officially protected through various national parks and nature reserves, including Vatnajökull National Park and Þingvellir National Park.","List of unsaturated fatty acids","Iceland boreal birch forests and alpine tundra","Δ13C","Evolution of spiders","2","Evolution of spiders","129","List of unsaturated fatty acids","171","Δ13C","246","350"
"96","Color of chemicals","• The color of chemicals results from electron excitation due to energy absorption, with the study of this phenomenon called spectroscopy. • Visible light spans wavelengths of approximately 380-760 nm, and color perception is governed by three types of color receptors in the human eye sensitive to different wavelength ranges. • The energy-wavelength relationship follows the Planck-Einstein relation: E = hf = hc/λ, where energy is inversely proportional to wavelength. • What we see is the complementary color, not the absorbed color - when specific wavelengths are absorbed, the remaining visible wavelengths create the observed color. • Most simple inorganic compounds (like sodium chloride) and organic compounds (like ethanol) are colorless, while transition metal compounds are often colored due to electron transitions between d-orbitals. • Organic compounds become colored when there is extensive conjugation, which decreases the energy gap between HOMO and LUMO orbitals, shifting absorption from UV to visible range. • The same element can display different colors depending on its chemical state and what it's complexed with - for example, vanadium(III) appears reddish in VCl₃ but black in V₂O₃. • Environmental conditions can affect color, as demonstrated by cobalt chloride which appears blue when dry but pink when hydrated, making it useful as a moisture indicator.","Color of chemicals","Lense–Thirring precession","List of artificial objects leaving the Solar System","Alternatives to general relativity","1","Alternatives to general relativity","163","Lense–Thirring precession","129","List of artificial objects leaving the Solar System","106","100"
"97","List of French monarchs","• France was ruled by monarchs from 843 (establishment of West Francia) until 1870 (end of Second French Empire), with several interruptions including the French Revolution. • French kings used the title 'King of the Franks' until the late 12th century, when Philip II became the first to adopt 'King of France' in 1190. • The Carolingian dynasty consolidated power in the 8th century, with Charlemagne expanding the Frankish kingdom deep into Central Europe and being crowned 'Emperor of the Romans' by the Pope. • The Treaty of Verdun divided Francia into three kingdoms after a civil war, with modern France developing from West Francia while East Francia became the Holy Roman Empire. • The Capetian dynasty began with Hugh Capet in 987, and except for the Bonaparte Empires, every subsequent French monarch was a male-line descendant of Hugh Capet. • The Hundred Years' War (starting after 1328) was fought between the House of Valois and English Plantagenets over the French throne, with the Valois ultimately successful in maintaining control. • The Capetian line evolved through three main branches: Direct Capetians (987-1328), House of Valois (1328-1589), and House of Bourbon, which ruled until the French Revolution and was later restored. • English and later British monarchs claimed the French throne from the 14th century until 1801, though this was largely nominal except during parts of the Hundred Years' War.","Loyalist (American Revolution)","List of French monarchs","Coronation of the French monarch","1791 slave rebellion","2","Coronation of the French monarch","114","Loyalist (American Revolution)","216","1791 slave rebellion","133","100"
"98","Period 1 element","• Period 1 contains only two elements: hydrogen and helium, making it the shortest period in the periodic table with fewer elements than any other row. • Period 1 corresponds to the filling of the 1s orbital, which can hold a maximum of two electrons, explaining why this period has exactly two elements. • Period 1 elements follow the duet rule, requiring only two electrons to complete their valence shell, unlike other elements that typically follow the octet rule. • Hydrogen and helium are the oldest and most abundant elements in the universe. • Both hydrogen and helium behave very differently from other s-block elements, leading to considerable disagreement about their proper placement in the periodic table. • Hydrogen has properties of both alkali metals (one outer electron, forms H+ ions) and halogens (can form H- ions, exists as diatomic gas), making its group assignment challenging. • Helium is nearly universally placed in group 18 with the noble gases due to its unreactive nature and full outer shell, despite having only two outer electrons instead of eight like other noble gases. • The first electron shell (n=1) consists of only one orbital (1s) and lacks p-orbitals or any other types of orbitals due to quantum mechanical constraints.","Period 1 element","Thiol","Solid oxygen","Nitrous acid","1","Solid oxygen","134","Thiol","207","Nitrous acid","195","100"
"99","Ancient Egyptian mathematics","• Ancient Egyptian mathematics was practiced from approximately 3000 to 300 BCE, spanning from the Old Kingdom until the beginning of Hellenistic Egypt. • The earliest evidence of mathematical use dates to around 3200 BC with ivory labels found in Tomb U-j at Abydos, and the Narmer Macehead showing large-scale counting of livestock and prisoners. • The most important mathematical documents date to the 12th Dynasty (c. 1990–1800 BC), including the Moscow Mathematical Papyrus, Egyptian Mathematical Leather Roll, and the Rhind Mathematical Papyrus from around 1650 BC. • Ancient Egyptians used a base-10 numeral system with specific hieroglyphs for powers of ten (10 = cattle hobble, 100 = coiled rope, 1000 = lotus flower, etc.). • Egyptian mathematics featured extensive use of unit fractions (fractions of the form 1/n), with scribes using special tables to convert other fractions into sums of unit fractions. • Egyptians understood advanced geometric concepts including calculating surface areas and volumes of three-dimensional shapes, which were essential for architectural and engineering projects. • Mathematical knowledge included algebraic concepts such as the false position method and quadratic equations for problem-solving. • Our understanding of Egyptian mathematics is limited by the scarcity of surviving sources, with most evidence coming from papyrus texts and some ostraca (pottery fragments) from sites like Deir el-Medina.","Sectional curvature","Period (algebraic geometry)","Closed and exact differential forms","Ancient Egyptian mathematics","4","Closed and exact differential forms","163","Period (algebraic geometry)","136","Sectional curvature","124","350"
"100","Information content","• Information content (also called self-information, surprisal, or Shannon information) is a fundamental quantity in information theory that measures the 'surprise' level of a particular event based on its probability of occurrence. • The information content is mathematically defined as the negative logarithm of an event's probability: I(x) = -log_b(P), where P is the probability of event x and b is the base of the logarithm. • Shannon's definition follows three key axioms: events with 100% probability yield no information, less probable events provide more information, and information from independent events can be summed together. • Different logarithmic bases correspond to different units of measurement: base 2 gives bits (shannons), base e gives natural units (nats), and base 10 gives hartleys. • Information content is closely related to entropy, which represents the expected value (average) of self-information across all possible outcomes of a random variable. • The concept has practical applications in optimal source coding, where it determines the minimum message length needed to transmit information about an event. • Information content provides an alternative way to express probability that offers particular mathematical advantages in information theory contexts, similar to how odds or log-odds relate to probability. • The term 'perplexity' is used in language modeling as a related concept to quantify uncertainty in sets of possible events.","Principle of maximum entropy","Combinatorics","Information content","Resource Description Framework","3","Combinatorics","215","Principle of maximum entropy","189","Resource Description Framework","106","50"
"101","List of glaciers in the Antarctic","• The Antarctic contains many glaciers, but this list excludes ice sheets, ice caps, and ice fields like the Antarctic ice sheet • The list focuses specifically on glacial features defined by their flow patterns rather than general bodies of ice • Five main types of glaciers are included: outlet glaciers, valley glaciers, cirque glaciers, tidewater glaciers, and ice streams • Ice streams are classified as a type of glacier, with many having 'glacier' in their name (example: Pine Island Glacier) • Ice shelves are catalogued separately from glaciers in a different list • For classification purposes, the Antarctic is defined as any latitude south of 60°, following the continental limit established by the Antarctic Treaty System • The glacier lists are organized both alphabetically (A-H and I-Z) and by geographic regions","Skelton Glacier","Nimrod Expedition","List of glaciers in the Antarctic","Alexander Island","3","Alexander Island","144","Skelton Glacier","128","Nimrod Expedition","106","1"
"102","List of telescope types","• Telescopes can be classified by optical design, mechanical construction, placement location (such as space telescopes), or the specific tasks they perform • The three primary optical telescope designs are refractor, reflector, and catadioptric, each with their own advantages, disadvantages, and applications in professional and amateur astronomy • Many telescopes operate outside the visible light spectrum, including radio telescopes, infrared telescopes, X-ray telescopes, ultraviolet telescopes, and gamma ray detectors like Atmospheric Cherenkov telescopes • Some telescopes are classified by their specialized functions, such as Solar telescopes (designed to observe the Sun) and Dobsonian telescopes (designed to be low-cost and portable) • Not all devices called 'telescopes' form images or use traditional optics - some detect particles or other forms of electromagnetic radiation • Telescopes require different types of mounting systems, ranging from simple fixed mounts to complex equatorial mounts and specialized designs like hexapod mounts and infinite-axis telescope mounts • Historical telescope designs like Aerial telescopes were developed to overcome specific technical limitations, such as the optical shortcomings of 17th-century objective lenses","KOI-2700b","List of telescope types","Large Magellanic Cloud","Laser SETI","2","Laser SETI","131","Large Magellanic Cloud","216","KOI-2700b","123","10"
"103","Constitution of Russia","• The Constitution of the Russian Federation was adopted by national referendum on December 12, 1993, and enacted on December 25, 1993, replacing the Soviet-era constitution and abolishing the Soviet system of government. • Major amendments were made in 2020 that altered presidential terms, social policies, and established the supremacy of Russian law over international law. • The constitution establishes a 'crown-presidentialism' system that grants vast powers to the president, including serving as head of state, Supreme Commander-in-Chief, and having the authority to dissolve the State Duma. • Presidential terms were originally four years with a two-term limit, but were later extended to six years, allowing Vladimir Putin to serve multiple terms through this constitutional change. • The Federal Assembly serves as the legislature, consisting of two chambers: the State Duma (lower house) and Federation Council (upper house), with the State Duma holding primary responsibility for passing federal laws. • The constitution was drafted by over 800 participants in the 1993 Constitutional Conference, with primary authors including Sergei Alexeyev and Sergey Shakhray, and was influenced by French constitutional models. • It guarantees human rights and freedoms according to international law principles, while affirming that constitutional listings of rights do not reject other universally recognized human rights. • This is one of the longest-standing constitutions in Russian history, second only to the Soviet-era 1937 Constitution which lasted until 1978.","Twenty-seventh Amendment of the Constitution of Ireland","Colonial government in the Thirteen Colonies","Constitution of Russia","Constitutions (Aristotle)","3","Twenty-seventh Amendment of the Constitution of Ireland","227","Constitutions (Aristotle)","173","Colonial government in the Thirteen Colonies","158","150"
"104","Diamagnetism","• **Diamagnetism is a universal quantum mechanical property** - All materials exhibit diamagnetism, where an applied magnetic field creates an induced magnetic field in the opposite direction, causing repulsion from magnetic fields. • **Diamagnetic materials have magnetic permeability less than vacuum** - Their magnetic susceptibility is less than or equal to 0, meaning they are repelled by magnetic fields, unlike paramagnetic and ferromagnetic materials which are attracted. • **Diamagnetism is typically very weak** - In most materials it can only be detected by sensitive laboratory instruments, with magnetic susceptibility values like water at χv = −9.05×10−6, orders of magnitude smaller than paramagnetic or ferromagnetic effects. • **Electron pairing determines diamagnetic behavior** - Materials with all electrons paired are diamagnetic, while those with unpaired electrons are paramagnetic, providing a simple chemistry rule for prediction. • **Common diamagnetic materials include water, wood, copper, gold, and bismuth** - These are generally considered 'non-magnetic' materials, with bismuth being the most strongly diamagnetic at χv = −1.66×10−4. • **Superconductors act as perfect diamagnets** - They completely expel magnetic fields from their interior due to the Meissner effect, achieving χv = −1. • **Diamagnetic levitation is possible without power consumption** - Unlike ferromagnets and paramagnets, diamagnets can achieve stable levitation in magnetic field minima, demonstrated with materials like pyrolytic graphite and even living organisms like frogs and mice. • **Historical discovery spans from 1778 to 1845** - Anton Brugmans first observed bismuth's repulsion by magnetic fields in 1778, and Michael Faraday demonstrated it as a universal property of matter in 1845, coining the term 'diamagnetism.'","Introduction to Electrodynamics","Mechanical–electrical analogies","Diamagnetism","Microwave chemistry","3","Mechanical–electrical analogies","155","Introduction to Electrodynamics","138","Microwave chemistry","240","10"
"105","Apollo 13","I notice there's a discrepancy in your request - you asked for key facts about Apollo 13, but the article content provided is about Apollo 11. I'll extract key facts from the Apollo 11 article that was provided: • Apollo 11 (July 16-24, 1969) was the first mission to successfully land humans on the Moon, crewed by Neil Armstrong, Michael Collins, and Buzz Aldrin • The mission launched from Kennedy Space Center on a Saturn V rocket and consisted of three parts: command module, service module, and lunar module • Armstrong and Aldrin landed on the Moon in the Sea of Tranquility on July 20, 1969, while Collins remained in lunar orbit • Armstrong became the first human to walk on the Moon, followed by Aldrin 19 minutes later, spending about 2.5 hours on the surface • The astronauts collected 21.5 kg (47.5 lb) of lunar material and deployed scientific instruments during their Moon walk • Armstrong's moonwalk was broadcast live to an estimated 600 million viewers worldwide, making it one of the most-watched television events in history • The mission fulfilled President John F. Kennedy's 1961 goal to land humans on the Moon and return them safely before the end of the 1960s • Apollo 11 represented the culmination of the Space Race between the United States and Soviet Union during the Cold War • The mission overcame the setback of the fatal Apollo 1 launchpad fire in January 1967 and built upon technologies from the Mercury and Gemini programs","Lunar regolith","Apollo 13","Apollo 18 (film)","Landing operation","2","Lunar regolith","186","Apollo 18 (film)","216","Landing operation","202","10"
"106","Franklin (class)","• A franklin was a social class in the Kingdom of England from the 12th to 15th centuries, initially meaning a freeman (not a serf) and later evolving to mean a freeholder who owned land in fee simple. • Franklins ranked below the landed gentry but above serfs in the social hierarchy, representing the beginnings of a property-owning middle class in 14th and 15th century England. • The term derives from Middle English 'franklen' and ultimately from Late Latin 'francus' meaning 'free,' related to the Frankish word for 'a freeman.' • Unlike the European bourgeoisie who were town-dwellers, English franklins often owned land and property in rural areas. • This social class disappeared as a distinct entity when feudalism ended, though the memory was preserved in surnames like 'Franklin' and related variations. • Franklins appear in notable literature including Geoffrey Chaucer's 'The Canterbury Tales' and Sir Walter Scott's 'Ivanhoe.' • The term has no modern usage except as a historical reference to medieval times, unlike other medieval class terms such as 'esquire' and 'gentleman' which persist today.","Lexicon Technicum","Franklin (class)","ChemSpider","Leeds and Bradford Railway","2","Leeds and Bradford Railway","161","ChemSpider","162","Lexicon Technicum","112","350"
"107","Renaissance magic","I notice there's a discrepancy in your request. You asked me to extract facts about 'Renaissance magic' but the article content you provided is entirely about Renaissance music, not magic. I'll extract key facts from the actual content provided, which covers Renaissance music: • Renaissance music traditionally covers European music of the 15th and 16th centuries, beginning with the rise of triadic harmony and ending with the adoption of basso continuo at the start of the Baroque period • The period can be divided into three phases: early period with Guillaume Du Fay and cantilena style, middle period dominated by the Franco-Flemish School with composers like Ockeghem and Josquin des Prez, and late period featuring Palestrina and the Roman School during the Counter-Reformation • Polyphony (multiple independent melodic lines performed simultaneously) was a defining feature, with rich textures typically involving four or more independent melodic parts • Renaissance music was based on church modes rather than the key-based tonal system, though the modal system began breaking down by the end of the 16th century, giving way to functional tonality • The interval of the third and sixth became increasingly important, replacing the medieval preference for perfect intervals (fourths, fifths, octaves, and unisons) • Many familiar modern instruments developed during this period, including early versions of the violin, guitar, lute, keyboard instruments, bassoon, and trombone • Music became more expressive and self-sufficient, with composers making vocal music more reflective of texts and secular forms like chansons and madrigals spreading throughout Europe • The period saw increased freedom in range, rhythm, harmony, form, and notation compared to medieval constraints, while counterpoint rules became more structured regarding dissonance treatment","Cèllere Codex","Renaissance magic","15th century","Cosine similarity","2","Cèllere Codex","188","Cosine similarity","202","15th century","133","25"
"108","Carbonic acid","• Carbonic acid (H2CO3) is a chemical compound that rapidly converts to water and carbon dioxide in the presence of water, with a lifetime of approximately 20 milliseconds at 37°C. • Modern research since 1990 has confirmed that H2CO3 exists as a real molecule with a distinct Raman spectrum, contrary to earlier 20th-century textbooks that questioned its existence. • Solid anhydrous carbonic acid can be produced through two main methods: reaction of hydrogen chloride and potassium bicarbonate at 100 K in methanol, or proton irradiation of pure solid carbon dioxide. • Carbonic acid behaves as a diprotic Brønsted acid and exhibits three conformational isomers: cis-cis, cis-trans, and trans-trans. • In aqueous solution, the hydration equilibrium constant at 25°C shows that most carbon dioxide remains as dissolved CO2 gas rather than converting to carbonic acid ([H2CO3]/[CO2] ≈ 1.7×10⁻³ in pure water). • The enzyme carbonic anhydrase dramatically accelerates the equilibrium between carbonic acid and its components in biological systems, making the reaction reach equilibrium rapidly. • The interconversion between carbon dioxide and carbonic acid is fundamental to the breathing process of all aerobic organisms and contributes to the acidification of natural waters. • Under high pressure conditions, crystallized carbonic acid forms dimers connected by hydrogen bonds, with unusual C-O bond lengths (1.34 Å) that are intermediate between typical single and double bond distances.","List of XML and HTML character entity references","RNA","Fluoride","Carbonic acid","4","Fluoride","174","RNA","183","List of XML and HTML character entity references","130","50"
"109","Serbian Revolution","• The Serbian Revolution (1804-1835) transformed Serbia from an Ottoman province into an autonomous constitutional monarchy, marking the foundation of modern Serbia. • The revolution was triggered by the 1804 'Slaughter of the Knezes,' when Ottoman Janissaries executed prominent Serbian nobles and displayed their heads publicly to deter rebellion. • The revolution consisted of two main armed uprisings: the First Serbian Uprising (1804-13) led by Karađorđe Petrović and the Second Serbian Uprising (1815-17) led by Miloš Obrenović. • Revolutionary achievements included abolishing feudalism and serfdom in 1806 (just 15 years after the French Revolution) and eliminating the religious-based poll tax (jizya) on non-Muslims. • Serbia gained official recognition as an autonomous principality with hereditary rulers in 1830 and 1833, though it continued paying annual tribute to the Ottoman Empire. • The first written constitution in the Balkans was adopted in 1835, making Serbia a suzerain state and formally ending feudal obligations. • The revolution ended 370 years of Ottoman occupation, with de facto independence achieved in 1867 when Ottoman garrisons withdrew, and de jure independence recognized at the Congress of Berlin in 1878. • Key intellectual figures like Dositej Obradović and Vuk Karadžić promoted Serbian cultural identity through language reform and collection of epic poetry, contributing to national consciousness.","Nicolas Jacques Pelletier","Ideology of the Iranian Revolution","Serbian Revolution","Overthrow of the Roman monarchy","3","Overthrow of the Roman monarchy","186","Ideology of the Iranian Revolution","156","Nicolas Jacques Pelletier","185","200"
"110","Crocodyloidea","• Crocodyloidea is one of three superfamilies of crocodilians, alongside Alligatoroidea and Gavialoidea, and encompasses all crocodiles. • The superfamily is defined cladistically as including the Nile crocodile and all crocodilians more closely related to it than to the American alligator or gharial. • Crocodyloidea is a stem-based group that includes more extinct crocodile ancestors than the crown group Crocodylidae, making it primarily useful in paleontological contexts. • When considering only living species, Crocodyloidea and Crocodylidae are synonymous, so only Crocodylidae is used in modern taxonomy. • Traditional classification grouped crocodiles and alligators together in the clade Brevirostres, but recent DNA sequencing studies have shown crocodiles are actually more closely related to gharials. • The new molecular evidence led to the creation of the clade Longirostres in 2003, grouping crocodiles and gharials together instead of crocodiles and alligators. • Recent studies combining morphological, molecular, and fossil age data have refined understanding of crocodilian relationships, with 2021 research even extracting DNA from the extinct Voay species. • The superfamily may include the extinct Mekosuchinae from Australasia (Eocene to Holocene periods), though this classification remains disputed among scientists.","List of Southern African indigenous trees and woody lianes","Climate change feedbacks","Lunar water","Crocodyloidea","4","Climate change feedbacks","225","Lunar water","204","List of Southern African indigenous trees and woody lianes","171","100"
"111","Tf–idf","• **Tf–idf (term frequency–inverse document frequency) is a measure of a word's importance to a document within a collection or corpus**, adjusting for the fact that some words appear more frequently in general. • **It was conceived by Karen Spärck Jones in 1972**, who developed the statistical interpretation of term-specificity called Inverse Document Frequency (idf). • **Tf–idf is widely used in information retrieval and search engines** - a 2015 survey showed 83% of text-based recommender systems in digital libraries used tf–idf, and search engines use variations of it for scoring and ranking document relevance. • **The measure is calculated as the product of two statistics: term frequency (tf) and inverse document frequency (idf)**. • **Term frequency measures how often a term appears in a specific document**, with various calculation methods including raw count, logarithmic scaling, and augmented frequency to prevent bias toward longer documents. • **Inverse document frequency measures how much information a word provides by calculating how common or rare it is across all documents** - it's the logarithm of the total number of documents divided by the number of documents containing the term. • **Words that appear in fewer documents have higher idf scores and are more informative** - for example, 'Romeo' or 'Falstaff' in Shakespeare's plays are more distinctive than common words like 'good' or 'sweet' that appear everywhere. • **Like the bag-of-words model, tf–idf treats documents as collections of words without considering word order**, but refines this approach by weighting words based on their importance across the entire corpus.","List of physical properties of glass","Tf–idf","Rigid body dynamics","Cyril Cleverdon","2","Rigid body dynamics","117","Cyril Cleverdon","220","List of physical properties of glass","108","350"
"112","Lance K. Landrum","• Lance Keith Landrum (born c. 1970) is a retired United States Air Force lieutenant general who served as the 23rd Deputy Chair of the NATO Military Committee from 2021 to 2023 • He was commissioned in May 1992 from the United States Air Force Academy with a Bachelor of Science in Engineering Mechanics • Landrum is a command pilot with more than 2,800 flying hours, including 395 combat hours, specializing in F-16 fighter operations • He graduated from the prestigious United States Air Force Weapons School and served as an instructor pilot there • His major command positions included commanding the 510th Fighter Squadron in Italy, 332nd Expeditionary Operations Group in Iraq, 388th Fighter Wing in Utah, and 31st Fighter Wing in Italy • He held senior Pentagon assignments including Aide de Camp to the Chief of Staff of the Air Force and Director of the U.S. Air Force Colonels Management Office • Prior to his NATO role, he served as Director of Operations (J3) for United States European Command from July 2020 to July 2021 • His career included significant international experience with assignments in South Korea, Italy, Iraq, and as Senior Military Advisor to the U.S. Mission to NATO","RAF Regiment","Lance K. Landrum","List of ships of the People's Liberation Army Navy","Battle of Hostomel","2","List of ships of the People's Liberation Army Navy","201","RAF Regiment","222","Battle of Hostomel","234","500"
"113","Lapis Satricanus","• The Lapis Satricanus is a yellow stone with an archaic Latin inscription found in 1977 during excavations at the ancient town of Satricum in southern Lazio, Italy, dating to the late 6th to early 5th centuries BC. • The inscription reads '(?)IEI STETERAI POPLIOSIO VALESIOSIO SVODALES MAMARTEI' which translates to 'The (?) dedicated this, as companions of Publius Valerius, to Mars.' • The inscription contains the unique genitive singular ending '-osio' (in 'POPLIOSIO VALESIOSIO'), which is the only known Latin inscription to preserve this archaic form that later evolved into the classical Latin '-ī' ending. • The word 'suodales' (classical Latin 'sodales') refers to members of a religious fraternity or brotherhood, with the 'suod-' element being cognate with the English word 'swear,' suggesting an oath-bound group. • Scholars speculate the inscription may refer to Publius Valerius Publicola, a key founder of the Roman Republic, though positive identification is problematic since Satricum was not Roman territory during his lifetime. • The stone was found as recycled material in temple construction, meaning it may have originally been dedicated elsewhere and later transported to Satricum. • The inscription provides crucial evidence for early Latin language development and the socio-political structure of the region during Rome's transition from monarchy to republic. • The dedication to Mars and reference to sworn companions suggests the existence of armed warrior bands similar to those described in Homeric epics and among Celtic and Germanic chieftains.","Germanic–Roman contacts","Disease in Imperial Rome","Lapis Satricanus","Roman tribe","3","Disease in Imperial Rome","159","Roman tribe","247","Germanic–Roman contacts","181","25"
"114","National communism","• National communism describes forms of Marxism-Leninism that incorporate nationalism or national identity to create policies independent from communist internationalism, rather than following directives from other socialist states like the Soviet Union. • The concept contradicts Marx and Engels' original vision of internationalist communism, where class conflict was meant to take priority over nationalism, and nationalism was viewed as a bourgeois tool to divide the working class. • Notable examples of national communist leaders include Yugoslavia's Josip Broz Tito, Hungary's Imre Nagy, Czechoslovakia's Alexander Dubček, Romania's Nicolae Ceaușescu, Cambodia's Pol Pot, and North Korea under Juche ideology. • The term 'national communism' was popularized by Milovan Đilas in his 1957 work 'New Class,' where he argued that communism can only exist as national communism to maintain itself. • Early forms emerged in the former Russian Empire after 1917, with Ukrainian communists and Muslim leaders like Sultan Galiyev developing variants that conflicted with Bolshevik Russian state interests. • Lenin's Bolshevik Party is considered by some scholars as the first national communist party, having been renamed the Russian Communist Party in March 1918 and differing significantly from other European social democratic parties. • National communism became more politically significant after the 1920s, particularly during the Cold War era and with the emergence of the Non-Aligned Movement, moving away from the strong international communist influence of the late 19th and early 20th centuries.","National communism","Vladimir Lenin bibliography","1974 Romanian presidential election","Slavic vocabulary","1","Slavic vocabulary","111","1974 Romanian presidential election","247","Vladimir Lenin bibliography","167","5"
"115","King Holiday","• Martin Luther King Jr. Day is a federal holiday observed on the third Monday of January each year, with King's actual birthday being January 15, 1929. • The campaign for the holiday began soon after King's assassination in 1968, when Representative John Conyers and Senator Edward Brooke first introduced legislation in Congress. • President Ronald Reagan signed the holiday into law on November 2, 1983, and it was first observed on January 20, 1986. • The campaign gained significant public support through Stevie Wonder's 'Happy Birthday' single in 1980 and a petition drive that collected six million signatures, reportedly the largest petition in U.S. history. • The legislation faced strong opposition, particularly from Senator Jesse Helms who led a filibuster and submitted a 300-page document alleging King had communist associations. • The final congressional votes showed strong bipartisan support with veto-proof margins: 338–90 in the House and 78–22 in the Senate. • While the federal holiday took effect in 1986, not all states immediately observed it - New Hampshire was the last state to officially name a holiday after King, first celebrating it in January 2000. • Only three individuals have national holidays in the U.S. honoring them: Martin Luther King Jr., George Washington, and Christopher Columbus.","Timeline of disability rights in the United States","King Holiday","Huey Long","Milton Grafman","2","Huey Long","164","Milton Grafman","109","Timeline of disability rights in the United States","148","100"
"116","Molecular physics","• Molecular physics studies the physical properties of molecules and molecular dynamics, overlapping significantly with physical chemistry, chemical physics, and quantum chemistry. • In molecules, nuclei remain at nearly fixed positions while electrons move significantly, due to nuclei being much heavier than electrons and responding less to the same forces. • Molecules have three types of quantized energy levels: electronic states (highest energy, visible/UV transitions), vibrational states (intermediate energy, near-infrared transitions), and rotational states (lowest energy, far-infrared/microwave transitions). • Vibrational energy levels have spacing about 100 times smaller than electronic levels, while rotational energy levels have the smallest spacing of all three types. • When atoms form molecules, inner electrons remain bound to their original nucleus while outer valence electrons distribute around the entire molecule, determining the electronic energy levels. • Molecular spectra can show complex transitions that simultaneously couple electronic, vibrational, and rotational states (called rovibronic transitions). • Key experimental goals include characterizing molecular shape, size, electric and magnetic properties, internal energy levels, and ionization/dissociation energies using techniques like spectroscopy and X-ray diffraction. • Current research uses molecules to test fundamental physics beyond the Standard Model and explores their potential as platforms for quantum computing due to their complex energy level structures.","Helium hydride ion","Molecular physics","Acid","Cluster decay","2","Helium hydride ion","131","Acid","205","Cluster decay","190","50"
"117","List of ancient Roman temples","• Ancient Roman temples were dedicated to divinities from the Roman pantheon and were built throughout the Roman Empire during antiquity. • Many of the best-preserved Roman temples survived because they were converted into churches and mosques, while rural areas in the Islamic world contain well-preserved remains that were left undisturbed. • The Pantheon in Rome's Campus Martius is one of the most famous surviving Roman temples, originally dedicated to all the gods. • The Maison carrée in Nîmes, France is considered one of the most complete surviving Roman temples. • Roman temples can be found across the former empire, including substantial remains in Italy, France, Croatia, Lebanon, Jordan, Tunisia, Portugal, Armenia, and Britain. • The Temple of Bacchus in Baalbek, Lebanon is very largely preserved, including its interior structure. • The Garni Temple in Armenia (1st century) is described as the 'easternmost building of the Graeco-Roman world' and is the only extant Greco-Roman temple in Armenia and the former Soviet Union. • Many temple sites now exist only as ruins, fragments, or excavated foundations, with loose stone pieces often relocated to local museums along with archaeological artifacts like terracotta votive offerings.","Lacus Curtius","List of Roman moneyers during the Republic","List of ancient Roman temples","Aureus","3","Aureus","137","Lacus Curtius","100","List of Roman moneyers during the Republic","170","10"
"118","History of Australia","• **Aboriginal Australians arrived 50,000-65,000 years ago** from Maritime Southeast Asia, making them among the world's oldest continuous cultures with artistic, musical and spiritual traditions that survive to this day. • **Torres Strait Islanders settled around 2,500 years ago** from what is now Papua New Guinea, developing a distinctive maritime culture on islands at Australia's northern tip. • **European exploration began in the 17th century** with Dutch navigators exploring western and southern coasts, followed by James Cook claiming the east coast for Britain in 1770. • **The First Fleet established a penal colony at Sydney Cove in January 1788**, marking the beginning of British colonization that led to significant decline in Aboriginal populations due to disease, conflict, and land dispossession. • **Six separate British colonies were established** across the continent during the 19th century, with convict transportation ending between 1840-1868 and autonomous parliamentary democracies developing. • **The Commonwealth of Australia was proclaimed on January 1, 1901** when the six colonies voted by referendum to unite in a federation, creating modern Australia. • **Post-WWII immigration transformed Australia** with over 7 million migrants from every continent, resulting in a population of 25.5 million by 2021 with 30% born overseas. • **At European contact, Aboriginal society comprised about 600 groups** speaking 250 distinct languages, with population estimates ranging from 300,000 to one million people organized in egalitarian family-based bands and clans.","Caribbean monk seal","Morelet's crocodile","History of Australia","Lolong","3","Caribbean monk seal","131","Lolong","232","Morelet's crocodile","139","750"
"119","UEFA coefficient","• UEFA coefficients are weighted arithmetic mean statistics used for ranking and seeding teams in European club and international competitions, introduced in 1979 for men's football. • Three types of coefficients are calculated: National team coefficient (discontinued after 2017), Association coefficient (ranks countries' collective club performance), and Club coefficient (ranks individual clubs since 1990). • Association coefficients determine how many teams from each country qualify for the Champions League, Europa League, and Conference League, based on clubs' performance over the past five seasons. • Points are awarded as follows: 2 points for a win, 1 point for a draw (halved in qualifying rounds), plus bonus points for reaching various stages like round of 16 (5 points) or winning competitions (4 points). • Rankings determine team allocations for the season after next, not the immediately following season (e.g., 2022-23 rankings determine 2024-25 allocations). • The top 4 associations get four automatic Champions League spots each, while lower-ranked associations receive fewer spots and must go through qualifying rounds. • Countries need at least eight active clubs in their national league to be eligible for European competition spots, which excludes Liechtenstein (only 7 clubs). • Two additional 'European Performance Spots' in the Champions League are awarded annually to the associations with the highest coefficients from the previous season.","Member state","50 euro note","UEFA coefficient","Habitats Directive","3","50 euro note","180","Habitats Directive","209","Member state","165","750"
"120","Internet censorship and surveillance in the Americas","Based on the Wikipedia article, here are the key facts about Internet censorship and surveillance in the Americas: • Internet censorship and surveillance in the Americas is classified into four categories: pervasive, substantial, selective, and little or no censorship or surveillance, based on ratings from Freedom House, OpenNet Initiative, Reporters Without Borders, and U.S. State Department reports. • Countries with 'pervasive' censorship often censor political and social content, engage in mass surveillance, and retaliate against citizens who circumvent restrictions with imprisonment or other sanctions. • Cuba is classified as having pervasive censorship and surveillance, consistently rated 'not free' by Freedom House with scores ranging from 79-88 between 2009-2018. • Cuba has the lowest ratio of computers per inhabitant in Latin America and the lowest internet access ratio in the Western hemisphere. • Cuban citizens must use government-controlled 'access points' where their online activity is monitored through IP blocking, keyword filtering, and browsing history checking. • The Cuban government continues to imprison independent journalists for contributing reports to websites outside of Cuba. • Multiple international organizations including Freedom House, Reporters Without Borders, OpenNet Initiative, and the U.S. State Department provide detailed country-by-country assessments of Internet freedom in the Americas. • The classification system evaluates countries across four key areas: political content filtering, social content filtering, conflict/security filtering, and Internet tools filtering.","List of protests and demonstrations in the United States by size","Party-list proportional representation","Internet censorship and surveillance in the Americas","List of political parties in Greece","3","List of political parties in Greece","154","Party-list proportional representation","173","List of protests and demonstrations in the United States by size","225","150"
"121","Nile","I notice there's a discrepancy in your request - you asked for key facts about the **Nile**, but the article content provided is actually about the **mile** (unit of measurement). I'll extract key facts from the article you provided, which is about the mile: • The mile is a British imperial and US customary unit equal to 5,280 feet or 1,760 yards, standardized internationally in 1959 as exactly 1,609.344 meters (1.609344 kilometers) • The word 'mile' derives from the Roman 'mille passus' meaning 'thousand paces,' as the Roman mile consisted of 1,000 paces measured by every other step • The Roman mile was approximately 5,000 Roman feet (about 1,479 meters), which is shorter than the modern international mile of 1,760 yards (1,609 meters) • The statute mile was established in 1593 during the Elizabethan era as equivalent to 8 furlongs or 5,280 feet, and this form spread throughout the British Empire • While most countries have switched to kilometers under the International System of Units (SI), the mile continues to be used in the United Kingdom, United States, and some smaller countries with historical ties to the UK or US • Various types of miles exist with different measurements, including the nautical mile (1.852 km), Italian mile (roughly 1.852 km), and Chinese mile (500 m) • The recommended abbreviation is 'mi' to avoid confusion with the SI meter (m), though road signs in the UK still use 'm' for miles • Romans built 50,000 miles of stone-paved roads radiating from Rome, with milestone markers placed every mile showing the distance to the Roman Forum","Cairo, Illinois","James Bruce","Nile","Djedkheperew","3","James Bruce","144","Djedkheperew","203","Cairo, Illinois","209","0"
"122","Geology of the Himalayas","• The Himalayas stretch over 2,400 km and are formed by the ongoing collision between the Indian Plate and Eurasian Plate, creating one of Earth's most dramatic mountain ranges. • The mountain range supplies fresh water for more than one-fifth of the world's population and accounts for a quarter of the global sedimentary budget. • The Himalayas have extreme geological statistics: the highest uplift rate (nearly 10 mm/year at Nanga Parbat), highest peak (8,848 m at Mt. Everest), and erosion rates of 2-12 mm/year. • The mountain range is structurally divided into 4 parallel tectonostratigraphic zones separated by 5 major thrust faults, each with distinct rock types and layering. • The Indian subcontinent began its rapid northward drift about 84 million years ago, traveling approximately 6,000 km before colliding with Asia around 65 million years ago. • Since the initial collision, there has been about 2,500 km of crustal shortening and India has rotated 10-45° counterclockwise relative to Asia. • The extreme topographic relief of the Himalayas was primarily created by thrusting and folding of sediments from the passive Indian margin combined with deformation of the Tibetan crust. • Ongoing convergence between the plates continues to produce significant seismic activity, including mega earthquakes greater than magnitude 8 that cause intense infrastructure damage.","Lenin Peak disaster","Three Pinnacles","Birch bark manuscript","Geology of the Himalayas","4","Three Pinnacles","232","Lenin Peak disaster","131","Birch bark manuscript","172","1"
"123","Timeline of musical events","• The Timeline of Musical Events is organized chronologically from ancient music through the 2020s, with individual pages dedicated to each year and decade in music history. • The timeline covers both deaths of notable musicians and significant musical releases for each year, providing a comprehensive overview of musical developments. • Notable deaths in recent years include major figures like Tina Turner, David Bowie, and Quincy Jones, spanning multiple genres and eras of music. • The timeline tracks regional music developments, including separate categories for American, British, African, Asian, Canadian, Japanese, Philippine, Scandinavian, and South Korean music. • Recent notable album releases include works by major contemporary artists like Taylor Swift, Beyoncé, Kendrick Lamar, and Metallica, showing the timeline's coverage of current musical trends. • The timeline extends into future years (2025-2026), though this information appears speculative rather than factual for deaths and some releases. • The comprehensive scope covers all musical genres and time periods, serving as a centralized index for accessing detailed information about specific years in music history.","Timeline of musical events","List of musical genres of the African diaspora","Manuscript","Il-Kantilena","1","Manuscript","120","Il-Kantilena","183","List of musical genres of the African diaspora","175","5"
"124","Comparison of reference management software","• Reference management software comparison includes both older unsupported applications and actively-maintained software currently available. • There is a distinction between web-based applications (installed on web servers requiring databases like MySQL) and centrally hosted websites in terms of deployment models. • Software compatibility varies by operating system, with web applications describing server OS requirements while centrally hosted proprietary websites can be accessed from any client OS. • Reference managers support various export and import file formats to enable data sharing between different programs and users, requiring format compatibility for successful data exchange. • As of January 2021, CSL YAML format is not supported by any reference management system. • EndNote is incompatible with LaTeX due to limitations including lack of robust citation keys support. • Many reference managers offer word processor integration for automatic embedding and formatting of references in programs like Microsoft Word, LibreOffice Writer, and Google Docs. • Reference management software can connect to academic databases and search engines for importing citations, either through direct search capabilities or browser extensions/bookmarklets. • Network functionality varies among reference managers, with some supporting features like LDAP (Lightweight Directory Access Protocol) for distributed directory services over IP networks. • The comparison covers discontinued software alongside current options, providing a comprehensive historical and contemporary view of available tools.","Taxonomy of wheat","Comparison of reference management software","Nitroplast","Sun","2","Nitroplast","124","Taxonomy of wheat","147","Sun","135","100"
"125","Watts Bar Nuclear Plant","• **Location and Ownership**: The Watts Bar Nuclear Plant is operated by the Tennessee Valley Authority (TVA) on a 1,770-acre site in Rhea County, Tennessee, supplying electricity for about 1.2 million households in the Tennessee Valley. • **Two-Unit Configuration**: The plant consists of two Westinghouse pressurized water reactor units with similar capacities - Unit 1 (1,167 MW) and Unit 2 (1,165 MW). • **Extended Construction Timeline**: Construction began in the early 1970s but faced major delays, with both units halted in 1985; Unit 1 became operational in 1996 and Unit 2 in 2016, making it the first new U.S. reactor to enter service since 1996. • **Significant Cost Overruns**: Unit 2's completion cost $4.7 billion (originally projected at $2.5 billion), bringing the total plant cost to more than $12 billion. • **Historic Significance**: Unit 2 was the first of only three new power reactors to enter service in the 21st century United States and will likely be the last Generation II reactor completed in the U.S. • **Tritium Production for Nuclear Weapons**: Since 2002, the plant has been licensed to produce tritium for the U.S. nuclear weapons program, using special unobligated uranium fuel during these operations. • **Safety Upgrades**: Both units have undergone major steam generator replacements with more corrosion-resistant Inconel 690 materials, and Unit 2 incorporated post-Fukushima safety modifications. • **Population Impact**: Approximately 18,452 people live within the 10-mile emergency planning zone, with over 1.1 million people within the 50-mile zone as of 2010.","Beta particle","Watts Bar Nuclear Plant","Photon energy","Tamper (nuclear weapon)","2","Beta particle","130","Photon energy","145","Tamper (nuclear weapon)","237","350"
"126","Leonardo da Vinci","• **Leonardo da Vinci (1452-1519)** was an Italian polymath of the High Renaissance, active as a painter, engineer, scientist, theorist, sculptor, and architect. • **Born out of wedlock** in Vinci, Italy to a successful notary and a lower-class woman, he was educated in Florence by painter Andrea del Verrocchio. • **Considered one of the greatest painters in Western art history**, he created iconic works including the Mona Lisa (world's most famous painting), The Last Supper (most reproduced religious painting), and the Vitruvian Man drawing. • **His painting Salvator Mundi sold for $450.3 million in 2017**, setting the record for most expensive painting ever sold at public auction. • **Known for technological innovations**, he conceptualized flying machines, armored fighting vehicles, concentrated solar power, and double hulls, though few designs were feasible during his lifetime. • **Made substantial scientific discoveries** in anatomy, civil engineering, geology, optics, and other fields, documented in his famous notebooks, though he didn't publish his findings. • **Worked across multiple Italian cities** including Florence, Milan, and Rome, spending his final three years in France at the invitation of King Francis I. • **Had fewer than 25 attributed major works** due to many lost and unfinished pieces, yet his influence on European art rivaled only that of Michelangelo.","Guido of Arezzo","Stalingrad Madonna","Leonardo da Vinci","Criticism of The Da Vinci Code","3","Stalingrad Madonna","206","Guido of Arezzo","174","Criticism of The Da Vinci Code","129","0"
"127","Line–sphere intersection","• A line and sphere can intersect in exactly three ways: no intersection, intersection at one point (tangent), or intersection at two points. • Line-sphere intersection calculations are commonly used in ray tracing applications in computer graphics. • The sphere equation in vector form is ||x - c||² = r², where c is the center point and r is the radius. • The line equation in vector form is x = o + du, where o is the origin point, u is the direction vector, and d is the distance parameter. • Combining the sphere and line equations results in a quadratic equation in the form ad² + bd + c = 0, where the coefficients are derived from dot products of the vectors. • The quadratic equation obtained is an instance of Joachimsthal's equation, a classical result in analytic geometry. • The coefficient 'a' equals ||u||² (the squared magnitude of the direction vector), 'b' equals 2[u·(o-c)], and 'c' equals ||o-c||² - r². • The number of intersection points is determined by the discriminant of the quadratic equation: negative discriminant means no intersection, zero means one intersection (tangent), and positive means two intersections.","Størmer's theorem","Hopf–Rinow theorem","Line–sphere intersection","Q-Pochhammer symbol","3","Størmer's theorem","179","Q-Pochhammer symbol","243","Hopf–Rinow theorem","196","350"
"128","High-definition television in the United States","• HDTV was introduced in the United States in 1998, with WRAL-TV in Raleigh, North Carolina becoming the first station to broadcast a digital television signal on July 23, 1996. • The Federal Communications Commission (FCC) began soliciting proposals for a new television standard in the late 1980s and formed the 'Grand Alliance' in 1993 by having competing companies pool their resources. • The first public HDTV broadcast featured the launch of Space Shuttle Discovery and John Glenn's return to space, while the first commercial HD broadcast of a local sporting event was a Texas Rangers vs. Chicago White Sox baseball game on March 31, 1998. • Super Bowl XXXIV, broadcast by ABC on January 30, 2000, was the first major sporting event broadcast nationwide in HD. • Both satellite television companies (Dish Network and DirecTV) and cable television companies began carrying HD programming in 2003. • By 2018, HDTV had become the dominant standard with about 85% of all TVs used being HD, and by the 2014-15 season, every network show producing new episodes had transitioned to high definition. • In the US, 720p and 1080i formats are used for linear channels, while 1080p is available mainly for pay-per-view and video on demand content, with some networks beginning to transmit 1080p via ATSC 3.0 multiplex channels. • HD programming is now carried by all major television networks (ABC, CBS, NBC, FOX, PBS, The CW, etc.) in nearly all designated market areas (DMAs), with hundreds of HD channels available through various delivery methods.","King of the Hill season 5","High-definition television in the United States","Least objectionable program","College Football on TNT Sports","2","Least objectionable program","188","College Football on TNT Sports","116","King of the Hill season 5","240","150"
"129","Outline of knowledge","• Knowledge is defined as awareness of facts, familiarity with individuals and situations, or practical skill, with propositional knowledge characterized as justified true belief distinct from opinion or guesswork. • The main sources of knowledge include perception (using senses to learn about the external world), introspection (learning about internal mental states), memory, rational intuition, inference, and testimony. • Three major philosophical theories explain how knowledge is justified: foundationalism (some sources can justify beliefs independently), coherentism (coherence among all mental states is necessary), and infinitism (requires an infinite chain of beliefs). • Gettier cases are thought experiments from the latter half of the 20th century that challenged traditional definitions of knowledge and intensified philosophical controversies about justification. • Knowledge is categorized into a priori knowledge (independent of experience, like mathematics and logical deduction) and a posteriori knowledge (dependent on experience and empirical evidence, like most science). • Three fundamental types of knowledge are: descriptive/propositional knowledge ('knowing that'), procedural knowledge ('knowing how'), and knowledge by acquaintance ('knowing of' something's existence). • Explicit knowledge can be easily articulated, codified, and transmitted to others (like information in textbooks), while tacit knowledge is difficult to transfer through writing or verbalization (like speaking a language or playing an instrument). • Bertrand Russell distinguished between 'knowledge by acquaintance' (obtained through direct causal interaction with objects) and 'knowledge by description,' criticizing the equivocal nature of the word 'know.'","List of chemical elements named after places","Y-fast trie","Web indexing","Outline of knowledge","4","List of chemical elements named after places","158","Web indexing","123","Y-fast trie","211","50"
"130","Calisia","• Calisia was a station on the ancient 'Amber Road' trade route, as documented by the Greek geographer Ptolemy. • The site was traditionally identified with the modern Polish city of Kalisz based on name similarity and geographic coordinates. • Ptolemy recorded Calisia's latitude as 52° 50', which closely matches Kalisz's actual latitude of 51° 45' 27'. • The identification is now disputed due to problems with Ptolemy's geographic accuracy for locations north of the Danube River. • The doubt arose from studying Ptolemy's Leukaristos, which has been definitively identified with Trenčín, Slovakia through Roman inscriptions. • A Roman rock inscription from 179/180 CE and a military commander's tomb in Algeria confirm the Leukaristos-Trenčín identification. • Since Trenčín's actual location differs significantly from Ptolemy's recorded latitude, scholars now question the reliability of his coordinates for the region. • This geographic uncertainty has cast doubt on whether Calisia can be confidently identified with Kalisz.","162173 Ryugu","(29075) 1950 DA","Mercury (planet)","Calisia","4","(29075) 1950 DA","122","162173 Ryugu","246","Mercury (planet)","159","150"
"131","Dirichlet character","• A Dirichlet character is a complex-valued arithmetic function χ: ℤ → ℂ with modulus m (a positive integer) that satisfies three key properties: complete multiplicativity, periodicity with period m, and takes value 0 if and only if gcd(a,m) > 1. • Dirichlet characters are completely multiplicative, meaning χ(ab) = χ(a)χ(b) for all integers a and b. • A Dirichlet character χ is periodic with period m, so χ(a + m) = χ(a) for all integers a. • A Dirichlet character χ(a) = 0 if and only if gcd(a,m) > 1, meaning it vanishes precisely when the input shares a common factor with the modulus. • The principal character χ₀ is the simplest Dirichlet character that exists for all moduli, defined as χ₀(a) = 1 if gcd(a,m) = 1 and χ₀(a) = 0 if gcd(a,m) > 1. • Dirichlet characters were introduced by German mathematician Peter Gustav Lejeune Dirichlet in his 1837 paper on primes in arithmetic progressions. • The group of Dirichlet characters modulo m is denoted as (ℤ/mℤ)×̂ and is related to the group of units modulo m, which has order φ(m) where φ is Euler's totient function.","Library (computing)","Library","Graham's number","Dirichlet character","4","Library","157","Graham's number","107","Library (computing)","181","350"
"132","USS Philip (DD-498)","• USS Philip (DD-498) was a Fletcher-class destroyer commissioned on November 21, 1942, and was the second U.S. Navy ship named for Rear Admiral John W. Philip (1840–1900). • The ship was built by Federal Shipbuilding and Dry Dock Co. in Kearny, New Jersey, with construction beginning May 7, 1942, and launching on October 13, 1942. • Philip served extensively in the Solomon Islands campaign from June 1943 to March 1944, participating in numerous bombardments and successfully shooting down multiple Japanese aircraft during intense air attacks. • During combat operations near Vella Lavella in August 1943, Philip collided with USS Waller while laying smoke screen during a Japanese air attack, but both ships continued fighting despite damage. • The destroyer participated in the Marianas campaign from June-July 1944, providing daily gunfire support against enemy positions on Saipan and Tinian. • Philip served in the Philippines campaign from December 1944 to April 1945, including operations at Mindoro and the Lingayen Gulf invasion of Luzon. • On January 10, 1945, Philip successfully destroyed a Japanese suicide boat loaded with explosives that approached within 20 yards of the ship during the Lingayen Gulf operation. • Notable crew member Ensign Benjamin C. Bradlee served aboard Philip at commissioning and later became executive editor of The Washington Post.","USS Philip (DD-498)","Eurasian plate","Panama Canal Railway","2021 Pacific typhoon season","1","Eurasian plate","235","2021 Pacific typhoon season","193","Panama Canal Railway","201","250"
"133","Comparison of documentation generators","I notice that the Wikipedia article content you've provided appears to be incomplete - it only contains the article structure (headings, introduction, and 'See also' section) but lacks the actual comparison tables and detailed information about specific documentation generators. Based on the limited content available, here are the key facts I can extract: • Documentation generators are tools that can be compared across general and technical information categories • Comparisons are typically based on stable versions without add-ons, extensions, or external programs unless specified in footnotes • Many documentation generators that have been developed are no longer actively maintained • Documentation generators can produce multiple output formats, though the specific formats aren't detailed in the provided content • The topic relates to broader software development concepts including code readability, literate programming, and self-documenting code To provide a more comprehensive list of key facts, I would need the complete article content including the comparison tables that show specific generators, their creators/companies, licenses, prices, supported formats, and technical features.","Keyboard computer","Comparison of documentation generators","BSON","Prológica CP-400","2","Prológica CP-400","191","BSON","117","Keyboard computer","188","25"
"134","Earthquake","• An earthquake is the shaking of Earth's surface caused by a sudden release of energy in the lithosphere that creates seismic waves, ranging from imperceptible tremors to devastating events that can destroy entire cities. • Earthquakes can occur naturally or be induced by human activities such as mining, fracking, and nuclear weapons testing, with the initial rupture point called the hypocenter and the ground point directly above it called the epicenter. • The largest earthquake ever recorded was the 1960 Chilean earthquake at 9.5 magnitude, while some of the deadliest include the 1556 Shaanxi earthquake (over 100,000 deaths) and the 1976 Tangshan earthquake (240,000-655,000 deaths). • Earthquakes are primarily caused by geological faults following the elastic-rebound theory, where stress gradually builds up along fault lines until it suddenly releases, but can also result from volcanic activity, landslides, and other seismic events. • Major earthquake effects include ground shaking, soil liquefaction, building damage, and secondary disasters like tsunamis (when epicenters are offshore) and landslides. • The ten largest recorded earthquakes have all been megathrust earthquakes, with the most devastating occurring near heavily populated areas or coastlines where tsunamis can affect communities thousands of kilometers away. • Earthquake risk management involves prediction, forecasting, preparedness measures, seismic retrofitting, and earthquake engineering to design structures that can withstand seismic shaking. • Similar seismic phenomena called marsquakes and moonquakes have been observed on other celestial bodies, indicating that such events occur beyond Earth.","Earthquake","List of earthquakes in the United States","1933 Long Beach earthquake","Epicenter","1","List of earthquakes in the United States","127","Epicenter","210","1933 Long Beach earthquake","134","0"
"135","Henry Smith (lynching victim)","• Henry Smith was an African-American handyman who was lynched in Paris, Texas on February 1, 1893, after allegedly murdering 3-year-old Myrtle Vance, the daughter of Deputy Henry Vance who had beaten Smith during an arrest. • The incident began when Deputy Vance arrested Smith for being drunk and disorderly, using physical force ('his club') to subdue him during the arrest. • Witnesses saw Smith carrying the child through Paris on January 26, 1893, claiming he was taking her to her mother or doctor, but the child's body was found dead the next day in a pasture. • Medical examiners provided sworn testimony that the child had been sexually assaulted and murdered, finding physical evidence of rape and strangulation, contradicting later claims by journalist Ida B. Wells that no such assault occurred. • Smith fled Texas but was captured in Arkansas after a nationwide manhunt that included free railroad transportation for searchers and massive public attention. • After initially denying involvement, Smith confessed on the train back to Paris, stating he was drunk and motivated by revenge against the child's father, and that he suffocated the child the morning after the assault. • Upon his return to Paris, Smith was met by an estimated 5,000-person mob and repeatedly begged his police guards to shoot him rather than turn him over to the crowd. • Smith was ultimately burned at the stake by the mob, and his lynching received national media coverage including reporting by The New York Times.","Marian Wright Edelman","Henry Smith (lynching victim)","Last surviving Confederate veterans","John King Jr.","2","Marian Wright Edelman","172","John King Jr.","226","Last surviving Confederate veterans","220","200"
"136","Immunity (medicine)","• **Immunity is the state of being resistant to pathogens or infectious diseases**, which can occur naturally or through prior exposure/immunization. • **The immune system has two main components: innate and adaptive immunity** - innate immunity is present in all complex animals and serves as the first line of defense, while adaptive immunity is highly specific and creates immunological memory. • **Innate immunity is non-specific and genetically encoded**, relying on pattern recognition and including inflammatory responses and phagocytosis as key mechanisms. • **Adaptive immunity can be acquired naturally (through infection) or artificially (through vaccination)**, and can be further classified as active (body produces its own antibodies) or passive (antibodies transferred from another source). • **Active immunity involves antibody production triggered by pathogen exposure**, while passive immunity involves transfer of antibodies or T-cells from an immune host and is typically short-lived. • **Historical understanding of immunity dates back to ancient times**, with the first written description by Thucydides in 430 BC observing that plague survivors in Athens did not get infected a second time. • **The modern concept of immunity evolved from supernatural explanations to the germ theory**, with early theories including the four humors (Hippocrates) and miasma theory, until diseases were understood to be caused by microbes in the 19th century. • **The word 'immunity' derives from Latin 'immunis'**, originally meaning exemption from military service, tax payments, or other public duties.","HIKESHI","Plasma cell","Immunity (medicine)","Blood","3","HIKESHI","175","Plasma cell","186","Blood","129","5"
"137","Extinction risk from climate change","• **Climate change pushes species outside their ecological niches**: Every species has evolved to exist within specific temperature and weather conditions, but rapid climate change can push these conditions beyond what species can tolerate, leading to extinction. • **Cold-blooded animals face severe habitat constraints**: Due to rapid climate change, amphibians, reptiles, and invertebrates may struggle to find suitable habitat within 50 km of their current location by the end of this century under mid-range warming scenarios. • **First confirmed mammal extinction from sea level rise**: The Bramble Cay melomys in Australia became the first mammal to go extinct due to human-induced sea level rise, with extinction officially confirmed by the Australian government in 2019. • **Climate change spreads wildlife diseases**: Rising temperatures have increased the prevalence and global spread of infectious diseases affecting wildlife, including the fungus Batrachochytrium dendrobatidis, which is driving worldwide amphibian population declines. • **19% of threatened species already impacted**: As of 2021, 19% of species on the IUCN Red List of Threatened Species are already being affected by climate change, with half of 4,000 analyzed species shifting to higher latitudes or elevations. • **Extinction risk scales dramatically with warming levels**: IPCC projections show 9-14% of species at very high extinction risk under 1.5°C warming, increasing to 12-29% under 3°C warming, and 15-48% under 5°C warming above preindustrial levels. • **Arctic and cold-adapted species particularly vulnerable**: Polar bears face longer ice-free periods in Hudson Bay, while species like gyrfalcons, snowy owls, and snowshoe hares are affected by reduced cold weather conditions and mismatched snow camouflage. • **Half of all species with long-term records have shifted ranges**: By the IPCC Sixth Assessment Report, half of species with available data had moved poleward or upward, while two-thirds experienced earlier spring events due to warming temperatures.","Southwestern North American megadrought","Extinction risk from climate change","Intergovernmental Panel on Climate Change","Subatlantic","2","Intergovernmental Panel on Climate Change","239","Southwestern North American megadrought","191","Subatlantic","115","5"
"138","United States v. Ramsey (1926)","• **United States v. Ramsey (1926)** was a Supreme Court case that established federal government authority to prosecute crimes against Native Americans on reservation land designated as Indian Country. • **William K. Hale**, a white Texas rancher, orchestrated murders of Osage tribal members so his nephew Ernest Burkhart (married to an Osage woman) could inherit valuable mineral rights worth millions of dollars. • **The Osage Nation was extremely wealthy** due to oil production, with families earning about $65,000 per year by 1925 compared to $1,000 for white families, making them targets for the murder scheme. • **Multiple Osage murders occurred** in the early 1920s, including Charles Whitehorn, Anna Brown, Henry Roan (shot in the head), and Reta Smith's family (killed in a home explosion). • **The Osage Tribal Council requested federal assistance** after local authorities failed to investigate the crimes, leading to involvement by the U.S. Bureau of Investigation (later FBI). • **Federal agents went undercover** as cattle buyers and cowhands to investigate, ultimately determining that Hale had planned and directed the murders. • **The district court initially dismissed federal indictments**, claiming the government lacked jurisdiction, but the Supreme Court reversed this decision on appeal. • **The Supreme Court ruling confirmed** that Osage lands constituted Indian Country under federal law, giving the federal government jurisdiction to prosecute the crimes and ending the murder spree.","2004 United States election voting controversies","United States v. Ramsey (1926)","2024 South Carolina House of Representatives election","Louis Brandeis Supreme Court nomination","2","2004 United States election voting controversies","220","Louis Brandeis Supreme Court nomination","106","2024 South Carolina House of Representatives election","243","350"
"139","Cowpens National Battlefield","• Cowpens National Battlefield is a National Park Service unit located just east of Chesnee, South Carolina, near the North Carolina state line. • The site preserves the battlefield where Brigadier General Daniel Morgan achieved a decisive American Revolutionary War victory over British Lieutenant Colonel Banastre Tarleton on January 17, 1781. • The Battle of Cowpens is considered one of Morgan's most memorable victories and one of Tarleton's most memorable defeats during the Revolutionary War. • The battlefield was originally established as Cowpens National Battlefield Site on March 4, 1929, transferred from the War Department in 1933, and redesignated in 1972. • The site was listed on the National Register of Historic Places on October 15, 1966. • The battlefield covers 841.56 acres total, with 790.9 acres being federally owned and 50.66 acres remaining nonfederal land. • The visitor center includes a museum with Revolutionary War exhibits, a fiber-optic map showing the Southern Campaign and battle details, and a walking tour of the battlefield. • The site features a reconstructed log cabin of Robert Scruggs, who farmed the land before the park was established.","Post-traumatic stress disorder after World War II","Cowpens National Battlefield","Ordnance sergeant","Indian massacre of 1622","2","Post-traumatic stress disorder after World War II","171","Indian massacre of 1622","159","Ordnance sergeant","186","750"
"140","Electrical disruptions caused by squirrels","• Squirrels cause widespread electrical disruptions across power grids, with some experts suggesting they pose a greater threat to infrastructure than cyber-attacks. • Between May and August 2013, at least 50 power outages caused by squirrels were recorded across 24 U.S. states, demonstrating the scope of the problem. • The former deputy director of the U.S. National Security Agency stated in 2015 that 'the No. 1 threat experienced to date by the U.S. electrical grid is squirrels.' • Squirrels damage electrical systems by tunneling, chewing through insulation, or making contact with conductors at different electrical potentials, typically killing the animal in the process. • The American Public Power Association monitors squirrel-caused disruptions through 'The Squirrel Index' (TSqI), which identifies peak activity periods in May-June and October-November. • Notable incidents include a 1987 squirrel-caused outage that shut down Nasdaq for 90 minutes, affecting 20 million trades, and a 2005 incident in Germany that crippled the electrical grid south of the River Elster for an hour. • Ground squirrels have interfered with nuclear missile sites at Malmstrom Air Force Base in Montana by tunneling under fences and triggering thousands of false alarms annually. • As of January 2017, there have been six deaths in the United States associated with squirrel interference with infrastructure, such as downed power lines.","Energy engineering","Electrical disruptions caused by squirrels","Electrochemical cell","Brush (electric)","2","Brush (electric)","236","Electrochemical cell","123","Energy engineering","228","100"
"141","USS General W. A. Mann","• USS General W. A. Mann (AP-112) was a P2-type troop transport that served the U.S. Navy across three major conflicts: World War II, the Korean War, and the Vietnam War from 1943 to 1966. • The ship was built by Federal Shipbuilding and Drydock Company in Kearny, New Jersey, and commissioned on October 13, 1943. • During World War II, the vessel conducted extensive global operations, including troop transport to North Africa, Brazil, India, Australia, the Philippines, and Japan, participating in post-war 'Magic Carpet' repatriation missions. • In the Korean War, General W. A. Mann carried critical South Korean government assets, including $1.5 million in gold and silver bullion and President Syngman Rhee's private papers, from Pusan to San Francisco in August 1950. • The ship participated in the Cuban Missile Crisis in October 1962, sailing from San Diego to the Caribbean with 55,000 pounds of emergency provisions. • From 1964-1965, General W. A. Mann transported U.S. Marines to Vietnam, including missions to Da Nang, South Vietnam. • The vessel was decommissioned on December 1, 1966, transferred to the Maritime Administration, and eventually sold for scrap in 1987 for over $1 million, being scrapped in Taiwan. • General W. A. Mann earned numerous military decorations including campaign medals for European-African-Middle Eastern, Asiatic-Pacific, Korean, and Vietnam service.","Cyril Cleverdon","USS General W. A. Mann","American armored fighting vehicle production during World War II","List of North African campaign battles","2","Cyril Cleverdon","111","List of North African campaign battles","199","American armored fighting vehicle production during World War II","195","500"
"142","Industrial Age","• The Industrial Age began around 1760 in Great Britain, characterized by the replacement of hand tools with power-driven machines like the steam engine and power loom, and the concentration of industry in large establishments. • Great Britain was the birthplace of the Industrial Revolution because it had the necessary factors of production: abundant natural resources (including coal from Wales and County Durham), access to capital, plentiful labor, extensive harbors for trade, and large overseas markets. • The textile industry, particularly cotton, was the first to undergo mechanization, with key innovations including James Hargreaves' spinning jenny (1760s), Richard Arkwright's water-powered spinning frame, and Edmund Cartwright's power loom (1785). • The development of steam engines was crucial, starting with Thomas Newcomen's first successful steam engine in 1712 and advancing with James Watt's patented modern steam engine in 1769, which replaced water as industry's major power source. • Steam engines revolutionized transportation through steamboats and locomotives, making travel and goods movement much faster and enabling industrial expansion. • By the mid-19th century, the Industrial Revolution had spread from Great Britain to Continental Europe and North America, and eventually to most of the world. • The Industrial Age brought mass production, modern medicine, running water, and dramatically improved quality of life, with current worldwide life expectancy more than twice what it was when the Industrial Revolution began. • While commonly believed to have been replaced by the Information Age in the late 20th century, much of the Third World economy still remains based on manufacturing and industrial production.","History of free and open-source software","Digital history","Encyclopædia Britannica Eleventh Edition","Industrial Age","4","Encyclopædia Britannica Eleventh Edition","180","Digital history","138","History of free and open-source software","212","5"
"143","Phytoplankton","• Phytoplankton are autotrophic (self-feeding) microscopic organisms that form the base of marine and freshwater food webs through photosynthesis • They account for about half of all global photosynthetic activity and at least half of oxygen production, despite representing only 1% of global plant biomass • Phytoplankton live in the euphotic zone (well-lit surface layers) of oceans and lakes where sunlight can penetrate for photosynthesis • They are highly diverse, including photosynthesizing bacteria (cyanobacteria) and various unicellular protist groups, with diatoms being particularly notable • Phytoplankton have much faster turnover rates than terrestrial plants (days versus decades), allowing them to respond rapidly to global climate variations • They play a crucial role in the global carbon cycle by converting dissolved carbon dioxide into organic compounds through primary production • Most phytoplankton are too small to see individually, but can form visible colored patches on water surfaces when present in high concentrations • Their growth depends on both macronutrients (nitrate, phosphate, silicic acid) and essential trace metals like iron, with iron limitation affecting large ocean areas","List of least concern fishes","Otodus angustidens","Phytoplankton","Entomophagy","3","Otodus angustidens","226","Entomophagy","109","List of least concern fishes","132","750"
"144","Lead mining in Scotland","• Lead ore (primarily galena) has been mined in Scotland for centuries, with the earliest documented evidence dating to a 1239 charter mentioning mining at Leadhills and Wanlockhead. • Major lead mining centers included Leadhills in South Lanarkshire, Wanlockhead in Dumfries and Galloway, Beinn Chùirn near Tyndrum, Strontian, Minnigaff, Woodhead at Carsphairn, and Islay. • Lead mining rights were reserved to the Scottish crown because silver was routinely extracted from lead ore, making it a valuable royal commodity that was exported abroad, particularly to Flanders. • James IV of Scotland actively encouraged lead mining in the early 1500s, employing specialists like refiner Andrew Ireland and managing mines through directors such as priest James Pettigrew at Wanlockhead. • Scottish lead was used for high-status construction projects including roofing materials, the pipework for Linlithgow Palace fountain, window glazing, and producing alloys like pewter and latten. • The mining industry involved complex licensing arrangements, with various courtiers and merchants like John Acheson, Luke Wilson, and the Earl of Atholl obtaining royal contracts to operate mines and export ore. • Lead ore exports were officially regulated, with barrels marked by branding irons from the Scottish mint (known as the 'Cunze Hous') before shipment to foreign markets. • The Crawfurdmure area (including modern Leadhills region) was particularly significant, producing not only lead but also gold and silver, and was frequently visited by Scottish royalty including James V.","Cornish phonology","Khewra Salt Mine","Lead mining in Scotland","Non-negative matrix factorization","3","Cornish phonology","195","Khewra Salt Mine","115","Non-negative matrix factorization","223","350"
"145","Thracian Sea","• The Thracian Sea is the northernmost part of the Aegean Sea, bounded by Macedonia, Thrace, and northwestern Turkey. • The sea connects to the Black Sea through a series of waterways: the Dardanelles Strait, the Sea of Marmara, and the Bosphorus Strait. • The entire sea lies north of the 40th parallel, extending from 23°E to 25.8°E longitude and from 40.25°N to 41°N latitude. • Major islands in the Thracian Sea include Thasos and Samothrace (Greece) and Gökçeada/Imvros (Turkey), with the sea extending south to the north coast of Lemnos. • Important gulfs and bays include the Ierissian Gulf, Strymonian Gulf, Kavala Gulf, and Saros Gulf in Turkey. • Major rivers that empty into the sea include the Strymon, Nestos, and Evros/Meriç rivers. • The northern part of the Thracian Sea serves as a habitat for the endangered Black Sea harbor porpoise (Phocoena phocoena relicta). • Key ports in the region include Kavala, Alexandroupoli, Amfipoli, Thasos, and Samothrace.","North Atlantic Current","Costa Blanca","Thracian Sea","List of sieges of Gibraltar","3","North Atlantic Current","116","Costa Blanca","218","List of sieges of Gibraltar","177","25"
"146","Marxism and religion","• Karl Marx viewed religion as 'the opium of the people' and believed it exists because of oppressive social conditions, predicting it would become unnecessary once exploitation is eliminated. • Marx saw religion as having a dual role: both as a form of working-class protest against poor economic conditions and as a source of comfort for the oppressed ('the soul of soulless conditions'). • Vladimir Lenin theorized that state-sanctioned religion serves as an ideological tool of the bourgeoisie to justify ruling ideas to the working class. • Several 20th-century Marxist-Leninist governments, including the Soviet Union and People's Republic of China, implemented state atheism policies to eliminate religion's influence. • Marx argued that religion reflects an 'inverted consciousness' of an unjust society and that abolishing religion as 'illusory happiness' would lead to real happiness if people were freed from oppressive material conditions. • Lenin initially allowed religious people in the Bolshevik Party, arguing that unity in revolutionary struggle was more important than religious unity, but reversed this position in 1919 by expelling party members who participated in religious ceremonies. • Stalin maintained that the Communist Party must have an anti-religious policy because the party stood for science, and emphasized the importance of undermining 'reactionary clergy who poison the minds of the toiling masses.' • Some Marxist theorists saw connections between early Christianity and communism, viewing the early Christian Church as an early form of communism and religious socialism.","Culture industry","Sorelianism","Marxism and religion","Occupy Wall Street","3","Culture industry","146","Sorelianism","154","Occupy Wall Street","187","150"
"147","People's Liberation Army at the 1989 Tiananmen Square protests and massacre","• The People's Liberation Army (PLA) played a decisive role in enforcing martial law and suppressing the 1989 Tiananmen Square protests, with the killings continuing to taint the legacies of party leaders led by Deng Xiaoping. • The protests began on April 15, 1989, triggered by the death of former CCP General Secretary Hu Yaobang, with nearly 100,000 students gathering in Tiananmen Square by April 21. • Military troops were deployed twice before martial law was declared: first during Hu's funeral on April 22 (involving 9,000 soldiers from the 38th Army), and again after April 26 (involving 5,100 troops), with no civilian clashes during these early deployments. • On May 17, 1989, Deng Xiaoping made clear to the CCP Politburo Standing Committee that no more concessions could be made to students and that military force was necessary to impose martial law. • CCP General Secretary Zhao Ziyang was effectively removed from power after opposing martial law, offering to resign and taking sick leave, ending his political influence. • On May 18, party leadership appointed Liu Huaqing as commander-in-chief of martial law operations, mobilizing 180,000 PLA and People's Armed Police personnel from the Beijing, Jinan, and Shenyang Military Regions. • The protests had reached one million supporters by May 18, and caused divisions within the PLA itself, with over 1,000 personnel from the PLA's General Logistics Department marching in support of the student movement on May 17. • Defense Minister Qin Jiwei initially resisted implementing martial law, delaying the order and attempting to contact the removed Zhao Ziyang to potentially call off the military action.","1998 Ukrainian parliamentary election","People's Liberation Army at the 1989 Tiananmen Square protests and massacre","Uzbek alphabet","Deportation of Koreans in the Soviet Union","2","Uzbek alphabet","173","1998 Ukrainian parliamentary election","119","Deportation of Koreans in the Soviet Union","123","350"
"148","Lakes of Titan","• Titan, Saturn's largest moon, has lakes and seas composed of liquid ethane and methane on its surface, confirmed by the Cassini-Huygens space probe after being suspected since the 1980s. • The lakes are concentrated near Titan's polar regions and cover only a few percent of the surface, making Titan much drier than Earth despite having the first stable bodies of surface liquid found off Earth. • Kraken Mare and Ligeia Mare are among the largest liquid bodies, with Ligeia Mare covering 126,000 km² (slightly larger than Lake Michigan-Huron) and having depths of 170 meters. • Titan's lakes contain hundreds of times more liquid hydrocarbons than all known oil and natural gas reserves on Earth, with visible lakes holding about 300 times the volume of Earth's proven oil reserves. • The lakes consist primarily of ethane (about 75%) with methane (10%), propane (7%), and smaller amounts of other compounds including hydrogen cyanide, butane, nitrogen, and argon. • Ontario Lacus in the southern polar region is extremely shallow (average depth 0.4-3.2 meters), resembling a terrestrial mudflat, contrasting with the much deeper northern lakes. • Definitive evidence of these hydrocarbon lakes was announced in January 2007 based on Cassini radar observations that showed large, smooth patches near the poles. • No waves have been detected on the lakes despite calculations suggesting that wind speeds of less than 1 meter per second should create detectable waves, possibly due to low seasonal winds or hydrocarbon solidification.","Uriel's Machine","Lubbock Lights","Kepler's Supernova","Lakes of Titan","4","Lubbock Lights","203","Kepler's Supernova","228","Uriel's Machine","179","750"
"149","Glacial stream","• **Glacial streams are channelized areas formed by glaciers where liquid water accumulates and flows, with movement influenced by gravity and ice melting.** • **Four main types of glacial streams exist based on location: supraglacial (on top of glacier), englacial (inside glacier), subglacial (under glacier), and proglacial (beyond glacier terminus).** • **Glacial erosion through abrasion and plucking creates U-shaped valleys that direct water movement, with streams ranging from centimeters to tens of meters in width.** • **Glacial streams are found globally in high-latitude and alpine environments wherever glaciers are present, with length varying based on watershed size and glacier characteristics.** • **Stream discharge fluctuates seasonally, peaking in summer due to warmer temperatures promoting meltwater, though glacial streams only receive about 52% of total meltwater production.** • **Glacial streams experience harsh conditions including low water temperatures (below 4°C in upper reaches), variable discharge rates, unstable substrates, and high turbidity from sediment load.** • **The dominant organisms in glacial streams are invertebrates from the chironomid subfamily Diamesinae, which show faster growth and higher body mass due to reduced competition.** • **High summer stream flows from ice melt increase turbidity and sediment transport, reducing periphyton biomass, while lower flows at summer's end allow periphyton populations to recover.**","Glacial stream","Mount Baker","Kaitake Range","Oligocene","1","Kaitake Range","115","Mount Baker","140","Oligocene","212","5"
"150","Empirical formula","• An empirical formula represents the simplest whole number ratio of atoms present in a chemical compound, without indicating the arrangement or actual number of atoms. • Different compounds can have the same empirical formula but different molecular formulas - for example, sulfur monoxide (SO) and disulfur dioxide (S₂O₂) both have the empirical formula SO. • The molecular formula shows the actual number of each type of atom in a molecule, while the empirical formula only shows their simplest ratio. • Empirical formulas are standard for ionic compounds (like CaCl₂) and macromolecules (like SiO₂), since ionic compounds exist as extended networks rather than discrete molecules. • Multiple compounds can share the same empirical formula - glucose (C₆H₁₂O₆), ribose (C₅H₁₀O₅), acetic acid (C₂H₄O₂), and formaldehyde (CH₂O) all have the empirical formula CH₂O. • The term 'empirical formula' originated from early chemistry when elemental analysis could only determine relative amounts of elements as percentages or ratios, not exact quantities. • To calculate an empirical formula from elemental composition data, convert percentages to grams, then to moles, and finally divide by the smallest mole value to get the simplest whole number ratio. • All formulas of ionic compounds are empirical because ionic compounds exist as extended networks of cations and anions rather than discrete molecules.","Empirical formula","Evaluation measures (information retrieval)","Acidic oxide","Hydrate","1","Evaluation measures (information retrieval)","227","Acidic oxide","105","Hydrate","123","150"
"151","Curvature form","• The curvature form describes the curvature of a connection on a principal bundle, with the Riemann curvature tensor being a special case of this general concept. • For a principal G-bundle P → B with Ehresmann connection ω (a Lie algebra-valued 1-form), the curvature form is defined as Ω = dω + ½[ω ∧ ω] = Dω, where D is the exterior covariant derivative. • A connection is called 'flat' if its curvature form vanishes (Ω = 0), which is equivalent to the structure group being reducible to the same group with discrete topology. • For vector bundles, the curvature form follows Cartan's structure equation: Ω = dω + ω ∧ ω, where ω and Ω are treated as matrices of differential forms. • In the case of a Riemannian manifold's tangent bundle, the structure group is O(n) and the curvature form Ω takes values in antisymmetric matrices, providing an alternative description of the Riemann curvature tensor. • The curvature form is a Lie algebra-valued 2-form that can be expressed in terms of horizontal vector fields as Ω(X,Y) = -ω([X,Y]) when X and Y are horizontal. • For vector bundle components, the curvature form satisfies Ω^i_j = dω^i_j + Σ_k ω^i_k ∧ ω^k_j, showing how individual form components interact through wedge products.","Generalized extreme value distribution","Curvature form","Palindromic number","Information content","2","Information content","160","Generalized extreme value distribution","182","Palindromic number","104","500"
"152","New Zealand Antarctic Medal","• The New Zealand Antarctic Medal was created on September 1, 2006, as a New Zealand royal honour to replace the British Polar Medal. • The medal was formally instituted by Queen Elizabeth II and replaced the British Polar Medal, which had been in use since 1904. • The medal was renamed from 'Polar Medal' to 'Antarctic Medal' to specifically reflect New Zealand's focus on Antarctic endeavors and achievements rather than general polar exploration. • Eligibility requires outstanding contributions to exploration, scientific research, conservation, environmental protection, or knowledge of the Antarctic region, either individually or as part of a New Zealand Antarctic mission. • The medal is not awarded for acts of bravery, short-term extreme endurance, long service, or general service in Antarctica. • As of December 2024, only 20 awards and one honorary award have been issued, indicating its selective nature. • All recipients are entitled to use the post-nominal letters 'NZAM' after their names. • The creation followed a 1995 recommendation by the Prime Minister's Honours Advisory Committee to establish a New Zealand-specific polar medal under New Zealand royal warrant.","Macaroni penguin","Iceberg","New Zealand Antarctic Medal","British Overseas Territories","3","Iceberg","118","Macaroni penguin","201","British Overseas Territories","110","50"
"153","Armorial of the House of Plantagenet","• The House of Plantagenet was the first truly armigerous (heraldry-bearing) royal dynasty of England. • Geoffrey, Count of Anjou (the Plantagenet founder) received lion heraldic emblems from Henry I of England, and his family experimented with different lion-bearing coats of arms. • The iconic Royal Arms of England - three lions on a red field (formally 'Gules, three lions passant guardant or') - was established during the reign of Richard I (1189-1199). • Cadet branches (junior branches) of the Plantagenet family used differenced versions of the three lions arms to show their relationship to the main royal line. • Later Plantagenet members would quarter or impale the royal arms with other heraldic symbols to reflect their political aspirations and territorial claims. • The Plantagenet arms were transmitted to non-Plantagenet families through heiresses of Norfolk and Kent who married outside the dynasty. • Henry VI made the extraordinary grant of differenced Plantagenet arms to his maternal half-brothers, despite them not being descended from the English royal family. • The armorial system encompassed the major branches including the Houses of Lancaster, York, and Beaufort, all descended from Edward III.","Hrunting","Nimrod","Armorial of the House of Plantagenet","Cyrus the Great in the Bible","3","Cyrus the Great in the Bible","108","Hrunting","246","Nimrod","128","100"
"154","V-Dem Democracy Indices","• V-Dem Democracy Indices are published annually by the V-Dem Institute and analyze 50 indices consisting of over 450 specific indicators to measure various qualities of democracies • The dataset includes historical data dating back to the 1800s for some countries and covers 202 polities from 1789-2019 as of 2020 • V-Dem publishes five core democracy indices: Electoral Democracy Index, Liberal Democracy Index, Participatory Democracy Index, Deliberative Democracy Index, and Egalitarian Democracy Index • The Electoral Democracy Index serves as the foundational component measuring free and fair elections and independent media, and is incorporated into all other indices • V-Dem maintains the 'Regimes of the World' classification system that categorizes governments into four types: closed autocracy, electoral autocracy, electoral democracy, and liberal democracy • The classification system is based on Robert Dahl's theory of polyarchy, which requires six institutional guarantees including elected officials, free elections, freedom of expression, and inclusive citizenship • Liberal democracies in the V-Dem system must demonstrate rule of law, checks and balances, protection of individual liberties, and safeguards against 'tyranny of the majority' • The Digital Society Project is a specialized subset that measures 35 indicators related to internet censorship, online misinformation, and digital media freedom, with data covering 2000-2021","Constituencies of Mauritius","December 2005 Iraqi parliamentary election","Electronic voting machine","V-Dem Democracy Indices","4","Electronic voting machine","164","December 2005 Iraqi parliamentary election","135","Constituencies of Mauritius","124","10"
"155","Human rights","• Human rights are universally recognized moral principles that are inherent and inalienable to all individuals regardless of nationality, ethnicity, religion, gender, or other characteristics. • The modern concept of human rights gained prominence after World War II in response to Holocaust atrocities, leading to the adoption of the Universal Declaration of Human Rights (UDHR) by the UN General Assembly in 1948. • Human rights encompass civil, political, economic, social, and cultural rights, including the right to life, freedom of speech, protection against enslavement, and right to education. • The concept evolved from earlier ideas of natural rights that emerged during the medieval natural law tradition and developed through European Enlightenment philosophers like John Locke. • Historical foundations include ancient sources such as Jewish and Christian scriptures, Roman law, and early documents like the 13th-century Kouroukan Fouga constitution of the Mali Empire. • The UDHR has inspired numerous international treaties and national laws, setting global standards for human dignity, freedom, and justice. • Debates persist regarding implementation and cultural applicability, with critics citing cultural relativism and conflicts between individual rights and collectivist societies. • Human rights remain central to international relations, supported by institutions like the United Nations, NGOs, and national monitoring bodies worldwide.","Human rights","Labor rights","Commissioner for Human Rights","Asylum seeker","1","Labor rights","188","Asylum seeker","210","Commissioner for Human Rights","128","0"
"156","Second derivative","• The second derivative is the derivative of the derivative of a function, representing 'the rate of change of the rate of change' • In physics, the second derivative of position with respect to time equals acceleration (the rate at which velocity changes) • On a graph, the second derivative corresponds to the curvature or concavity - positive second derivative indicates upward concavity, negative indicates downward concavity • The second derivative power rule states that for x^n, the second derivative is n(n-1)x^(n-2) • Common notation for the second derivative includes f''(x) using prime notation and d²y/dx² using Leibniz notation • The Leibniz notation d²y/dx² is derived from taking the derivative d/dx of the first derivative (dy/dx)","Casey's theorem","Integration by parts","Second derivative","B+ tree","3","Casey's theorem","160","B+ tree","126","Integration by parts","137","100"
"157","Dunedin Volcano","• The Dunedin Volcano is an extensively eroded multi-vent shield volcano that was active between 16 and 10 million years ago, originally extending from Dunedin, New Zealand to Aramoana (about 25 km away). • Extensive erosion over 10 million years has left Otago Harbour filling the oldest parts of the volcano, with remnants forming the hills around the harbour including Mount Cargill, Flagstaff, Saddle Hill, Signal Hill, and Otago Peninsula. • The volcano produced an estimated 150 km³ of eruptive material and 600 km³ of intrusive rock, consisting mainly of basalt and minor trachyte flows, with final eruptions preserved as phonolite domes around Mount Cargill. • The Dunedin Volcano is the second-largest single eruptive center on New Zealand's South Island after Banks Peninsula Volcano, but is part of the much larger Dunedin volcanic group. • The formation mechanism is not fully understood but may involve intermittent melting of middle lithospheric mantle, possibly caused by sections of Zealandia's thin lithosphere sinking into the asthenosphere. • Unlike many volcanoes, the Dunedin Volcano may still have a potential magma melt pool underneath it, supported by heat-flow and surface-helium measurements, suggesting a low risk of future volcanic activity. • Volcanic traces can be observed today at the Dunedin Botanic Garden's geology walk, Aramoana cliffs, Mount Cargill's preserved lava domes, and basaltic columns at St Clair's Second Beach and Blackhead.","2022 Hunga Tonga–Hunga Haʻapai eruption and tsunami","Columbia River Basalt Group","Dunedin Volcano","Nyamuragira","3","Columbia River Basalt Group","222","2022 Hunga Tonga–Hunga Haʻapai eruption and tsunami","162","Nyamuragira","152","10"
"158","Cumbre Vieja tsunami hazard","• The Cumbre Vieja tsunami hazard refers to the theoretical risk that a volcanic eruption on La Palma (Canary Islands, Spain) could trigger a massive landslide, potentially causing a megatsunami across the Atlantic Ocean. • A 2001 study by Ward and Day proposed that a fracture formed during a 1949 eruption could lead to a giant collapse, potentially generating tsunamis that could impact areas as far as North America. • Later research suggests the tsunami threat may be overstated, as waves would likely decay quickly with distance from the source and be reduced by interactions with continental shelves. • Evidence indicates that most Canary Islands collapses occur as multi-stage events over hours or days rather than single catastrophic failures, which are less effective at generating large tsunamis. • The recurrence rate of major volcanic collapses in the Canary Islands is extremely low—approximately once every 100,000 years or less. • About 14 major landslide events have been recorded in the Canary Islands, particularly at El Hierro, La Palma, and Tenerife, with volumes typically ranging from 50-200 cubic kilometers. • Recent eruptions, including the 2021 La Palma event, did not result in any collapse, and the most recent major collapse in the Canary Islands occurred between 39,000-87,000 years ago at El Hierro. • Historical examples of landslide-generated tsunamis include the 2018 Sunda Strait tsunami (437+ fatalities) and the 1888 Ritter Island collapse (3,000 deaths), demonstrating that such events do occur but are relatively rare.","Lava planet","Banks Peninsula Volcano","Cumbre Vieja tsunami hazard","Pyroclastic surge","3","Lava planet","119","Banks Peninsula Volcano","112","Pyroclastic surge","101","25"
"159","Photojournalism","• Photojournalism is journalism that uses images to tell news stories, distinguished by a rigid ethical framework demanding honest and impartial reporting in strictly journalistic terms. • The first photograph used to illustrate a newspaper story depicted barricades in Paris during the June Days uprising on June 25, 1848, published as an engraving in L'Illustration. • Roger Fenton became the first official war photographer during the Crimean War, documenting troops, battle landscapes, and commanders, which laid the groundwork for modern photojournalism. • The Daily Graphic (New York) published the first halftone reproduction of a news photograph on March 4, 1880, marking a significant advancement over engraved images. • The invention of flash powder in 1887 enabled photographers like Jacob Riis to capture indoor subjects, leading to influential social documentary work such as 'How the Other Half Lives' (1890). • The 'Golden Age of Photojournalism' (1930s-1950s) was enabled by the development of the compact 35mm Leica camera in 1925 and flash bulbs between 1927-1930, giving journalists unprecedented flexibility. • The wirephoto technology introduced in 1921 revolutionized news transmission by allowing pictures to be sent almost as quickly as news itself could travel. • The Berliner Illustrirte Zeitung pioneered the modern illustrated news magazine format beginning in 1901, becoming the first to regularly print photographs inside magazines rather than just text.","Photojournalism","Printf","Water transfer printing","Game Boy Printer","1","Printf","107","Game Boy Printer","227","Water transfer printing","239","200"
"160","Meltwater","• Meltwater is water released by the melting of snow or ice, including glacial ice, icebergs, and ice shelves, commonly occurring in early spring and glacier ablation zones. • Meltwater provides drinking water for a large proportion of the world's population and supplies water for irrigation and hydroelectric plants through seasonal snowfall and glacier melting. • Major cities including Melbourne, Canberra, Los Angeles, and Las Vegas indirectly source water from meltwater, while La Paz and El Alto in Bolivia rely on glacial meltwater for about 30% of their water supply. • Glacial meltwater gets its characteristic brilliant blue color from 'rock flour' - fine sediment created by rocks grinding together underneath glaciers that scatters sunlight through the Tyndall Effect. • Meltwater acts as a lubricant in glacier movement, with GPS measurements showing glacial flow is greatest in summer when meltwater levels are highest. • Climate change poses a significant threat to meltwater sources, with the UN estimating that 40% of the world's population could be affected by the loss of glaciers and associated meltwater in Asia. • In parts of the Bolivian Andes, glacial meltwater contributes 31-65% of surface water in wet seasons and 39-71% in dry seasons, making these regions highly vulnerable to glacier loss. • Rapid meltwater changes can indicate abrupt climate change and cause dangerous events like glacial lake floods, avalanches, and sudden water body shifts beneath ice sheets.","Upper Paleolithic","Document","Meltwater","Tyche (hypothetical planet)","3","Document","241","Upper Paleolithic","155","Tyche (hypothetical planet)","210","350"
"161","European Union and the United Nations","• The European Union has held permanent observer status at the United Nations since 1974 and gained enhanced participation rights in 2011, including the right to speak in debates and submit proposals, but does not have voting rights. • The EU is represented at the UN alongside all 27 of its member states, with France being a permanent Security Council member with veto power. • EU member states collectively contribute 30.4% of the regular UN budget (2016), 33.2% of UN peacekeeping funding, and around half of the budgets for UN funds and programmes. • The EU coordinates extensively within the UN, holding over 1,000 internal coordination meetings annually, and achieves unanimous voting on approximately 80% of General Assembly resolutions. • EU voting coordination has dramatically improved from 86% in 1991-92 to 97% by 1998-99, maintaining high levels of unity on most issues including controversial Middle East topics. • The EU is party to approximately 50 international UN agreements as the only non-state participant and serves as a full participant in bodies like the Commission on Sustainable Development and Food and Agriculture Organization. • The EU operates its own missions to support UN efforts, such as the EU mission in Congo to support UN peacekeepers, and established the African Peace Facility. • EU member states provided 13.5% of UN peacekeeping personnel (11,140 people) as of 2006, demonstrating significant operational contribution beyond financial support.","European Union and the United Nations","Recognition of same-sex unions in Romania","Democratic legitimacy of the European Union","Pan-European identity","1","Pan-European identity","231","Recognition of same-sex unions in Romania","247","Democratic legitimacy of the European Union","161","1"
"162","Democratic capitalism","• **Democratic capitalism is a political and economic system that combines free-market capitalism with social welfare policies**, integrating resource allocation by both marginal productivity and social entitlement through democratically enacted policies. • **The system was widely implemented in the 20th century, particularly in Europe and the Western world after World War II**, when working classes became more accepting of capitalist markets paired with political democracy and social security. • **Key characteristics include democratic elections, freedom, rule of law, and private property rights**, while maintaining a free-market economic system with an emphasis on private enterprise. • **Implementation typically involves expanding welfare states, strengthening collective bargaining rights for employees, and strengthening competition laws**, all enacted within a capitalist framework. • **The 1944 Bretton Woods Conference was pivotal in establishing democratic capitalism**, with 44 nations committing to trade openness while maintaining autonomy to respond to domestic economic and social demands. • **Post-war democratic capitalist policies successfully reduced socioeconomic inequality** through welfare state expansion, more regulated financial and labor markets, and increased political power of labor unions. • **The system emerged partly as a response to the challenge of communism**, with policymakers adopting policies like public healthcare, housing, education, and full employment guarantees to satisfy social needs of voters. • **According to political scientist Wolfgang Merkel, democracy and capitalism coexisted with more complementarity in the post-war period than at any other point in history**.","European Sky Shield Initiative","Freeganism","Post-Fordism","Democratic capitalism","4","European Sky Shield Initiative","239","Post-Fordism","225","Freeganism","147","50"
"163","Polarizability","• **Polarizability is the tendency of matter to acquire an electric dipole moment when subjected to an electric field**, caused by the separation of negatively charged electrons and positively charged atomic nuclei under opposite forces. • **Polarizability is mathematically defined as the ratio of induced dipole moment to the applied electric field** (α = |p|/|E|), measuring how easily a charge distribution can be distorted from its normal shape. • **Polarizability is responsible for key material properties including dielectric constant and refractive index** at optical frequencies, making it fundamental to understanding how materials interact with electromagnetic fields. • **The local electric field experienced by individual molecules differs from the externally measured macroscopic field**, and this difference is accounted for by the Clausius-Mossotti relation that connects bulk material behavior to molecular polarizability. • **Polarizability has SI units of C·m²·V⁻¹ but is commonly expressed in cgs units as cm³**, often called 'polarizability volume' and sometimes given in Å³ (10⁻²⁴ cm³). • **Both electric and magnetic polarizability exist**, with magnetic polarizability referring to the tendency for magnetic dipole moments to appear in proportion to external magnetic fields. • **Polarizability should not be confused with intrinsic dipole moments**, as polarizability describes field-induced effects while intrinsic dipole moments exist independently of external fields. • **Polarizability provides insight into molecular internal structure** by revealing how bound systems like molecules or crystals respond dynamically to external electromagnetic fields.","Multipole expansion","International Geomagnetic Reference Field","Polarizability","Alkaline earth metal","3","Multipole expansion","225","Alkaline earth metal","217","International Geomagnetic Reference Field","143","150"
"164","Dewey Loeffel Landfill","• The Dewey Loeffel Landfill is an EPA Superfund site in Rensselaer County, New York, where over 46,000 tons of industrial hazardous waste were disposed of during the 1950s and 1960s by companies including General Electric, Bendix Corporation, and Schenectady Chemicals. • Hazardous substances including volatile organic compounds (VOCs) and polychlorinated biphenyls (PCBs) have contaminated groundwater, surface water, sediments, and fish in the area, resulting in a current ban on fish consumption in Nassau Lake and affected tributaries. • The site was added to the EPA's National Priorities List in March 2011 after decades of cleanup efforts, following 2009 sediment samples that showed continued PCB contamination despite prior containment efforts. • In 2012, the EPA reached agreements with General Electric and SI Group requiring construction of a water treatment plant and installation of groundwater extraction wells, with ongoing monitoring systems for contaminants like 1,4-dioxane. • The EPA is currently testing five remediation technologies including In-situ Chemical Oxidation and Enhanced In-situ Bioremediation, with field tests beginning in 2023 and a comprehensive evaluation report expected in 2025. • Local community complaints about environmental damage including fish and cattle kills date back to the 1950s, leading to the establishment of the Dewey Loeffel Community Advisory Group in 2019 to facilitate communication between residents and cleanup agencies. • New York State ordered cessation of site operations in 1968 due to community complaints and environmental damage, with Schenectady Chemicals agreeing to pay $496,500 toward cleanup efforts in 1986.","Vampire bat","List of ancient Greek and Roman monoliths","Tazumal","Dewey Loeffel Landfill","4","Tazumal","208","List of ancient Greek and Roman monoliths","230","Vampire bat","192","750"
"165","Supermassive black hole","• **Supermassive black holes are the largest type of black hole, with masses ranging from hundreds of thousands to billions of times the mass of the Sun (100,000+ solar masses).** • **Almost every large galaxy has a supermassive black hole at its center, including the Milky Way, which contains Sagittarius A*.** • **Only two supermassive black holes have been directly imaged by the Event Horizon Telescope: Sagittarius A* in the Milky Way and the black hole in galaxy Messier 87.** • **Supermassive black holes power active galactic nuclei (AGNs) and quasars through the process of accreting interstellar gas.** • **Despite their enormous mass, supermassive black holes can have densities lower than water due to their vast size - the density decreases as mass increases.** • **The tidal forces near a supermassive black hole's event horizon are much weaker than those of smaller black holes - a person at a 10 million solar mass black hole's event horizon would experience tidal forces similar to Earth's surface.** • **The discovery of supermassive black holes began in 1963 with Maarten Schmidt's investigation of quasar 3C 273, initially thought to be a star but found to be an extremely distant, energetic object.** • **Scientists theorize that the maximum natural mass for an actively accreting supermassive black hole is around 50 billion solar masses, though some models suggest even larger 'stupendously large black holes' could exist.**","Lovelock's theorem","Marika Taylor","Sticky bead argument","Supermassive black hole","4","Marika Taylor","159","Lovelock's theorem","238","Sticky bead argument","155","1"
"166","The Universe (TV series)","• The Universe is an American documentary television series that uses computer-generated imagery and computer graphics to depict astronomical objects, combined with expert interviews from cosmologists, astronomers, and astrophysicists. • The series was produced by Flight 33 Productions and Workaholic Productions and premiered on May 29, 2007, on the History Channel. • The show aired for 9 seasons total, with the first 5 seasons running on History Channel from 2007-2010, then moving exclusively to H2 from October 2011 through May 2015. • The series covers topics related to space exploration, the Solar System, and astronomical objects throughout the universe, featuring CGI renderings, video footage, photographs, and expert commentary. • Season 6 and the episode '7 Wonders of the Solar System' were produced in 3D format. • The final two seasons (7-9) were retitled 'The Universe: Ancient Mysteries Solved' and focused specifically on ancient mysteries related to the universe. • The series is currently rebroadcast on Viceland and Story Television networks.","QAM (television)","25th Primetime Emmy Awards","The Universe (TV series)","Emmy Awards","3","25th Primetime Emmy Awards","142","QAM (television)","213","Emmy Awards","189","250"
"167","Etymology of electricity","• The word 'electricity' derives from Greek ἤλεκτρον (elektron) meaning 'amber,' through classical Latin 'electrum' and Neo-Latin 'electricus' • William Gilbert first used the Neo-Latin term 'electricus' in his 1600 text 'De Magnete' to describe amber's attractive properties • Francis Bacon was the first to use the word 'electric' in English to describe materials like amber that attracted other objects • Sir Thomas Browne first used the English word 'electricity' in 1646 in his work 'Pseudodoxia Epidemica' • Originally, 'electricity' referred to the property of attracting light objects when rubbed (like amber), while 'electric' was a noun describing non-conducting materials with this property • The electrical term 'charge' was first used in 1748, much later than the basic electrical terminology • The definition of 'electricity' has significantly drifted over time - historically it meant electric charge, but today it's commonly used to refer to electric current, energy, power, or electrical phenomena in general • The phrase 'quantity of electricity' was commonly used by famous scientists like Franklin, Faraday, and Maxwell, but has fallen out of favor due to the word's multiple conflicting definitions • Modern scientists prefer the term 'charge' over 'electricity' to avoid confusion caused by the word's corrupted and contradictory modern usage","Armature (electrical)","Coal power in the United States","Overhead line","Etymology of electricity","4","Overhead line","248","Coal power in the United States","185","Armature (electrical)","134","1"
"168","Search data structure","• Search data structures enable efficient retrieval of specific items from a set of items, such as records from a database. • Linear search on an unordered list is the simplest but least efficient method, requiring operations proportional to n items in both worst and average cases. • Search data structures are classified as either static (for querying fixed databases) or dynamic (allowing insertion, deletion, or modification between queries). • Common query types include finding records with specific key values, finding minimum/maximum values, range queries, and multi-dimensional spatial queries (like geographic coordinates). • Popular single ordered key data structures include arrays, key-sorted arrays with binary search, self-balancing binary search trees, and hash tables. • Hash tables provide O(1) average case performance for search, insert, and delete operations, making them highly efficient for many applications. • Binary search trees offer O(log n) performance for search, insert, and delete operations in balanced implementations. • The cost-effectiveness of complex search structures depends on performing multiple queries, since building these structures requires at least O(n) operations.","Date and time notation in Spain","Search data structure","Complement (set theory)","Gauss's lemma (number theory)","2","Gauss's lemma (number theory)","110","Date and time notation in Spain","118","Complement (set theory)","148","100"
"169","Steam turbine locomotive","• Steam turbine locomotives transmitted power to wheels via steam turbines instead of conventional pistons, with numerous attempts made mostly without success, particularly in the 1930s as a way to compete with emerging diesel locomotives. • Key advantages included high efficiency at high speeds, fewer moving parts for potentially greater reliability, and elimination of the varying torque and 'hammer blow' problems associated with conventional piston locomotives. • Major disadvantages were that high efficiency was only achieved at high speeds and required heavy condensers to create near-vacuum conditions, plus turbines could only rotate in one direction requiring separate reverse turbines. • Two main drive methods were used: direct drive via gears or indirect drive using generator-powered traction motors. • Swedish engineer Fredrik Ljungström created some of the most successful designs, including 2-8-0 locomotives built in 1930 and 1936 that actually replaced conventional locomotives on the Grängesberg-Oxelösund Railway. • Germany made multiple attempts including Krupp-Zoelly (1928) and Maffei (1929) locomotives, but both were destroyed by bombs during World War II, and a Henschel turbine tender conversion (1927) had disappointing performance. • France built two experimental locomotives: the Nord Turbine project was canceled and built as a conventional locomotive instead, while SNCF 232.Q.1 (1940) featured individual turbines for each driving axle but was damaged in WWII and scrapped in 1946. • Italy's Giuseppe Belluzzo designed several experimental turbine locomotives, including an unusual four-wheel design with individual turbines per wheel, but none were successfully tested on main railway lines.","British Rail HS4000","Manning Wardle","Steam turbine locomotive","GWR 1400 Class","3","British Rail HS4000","203","Manning Wardle","193","GWR 1400 Class","111","25"
"170","Law of 22 Prairial","• The Law of 22 Prairial was enacted on June 10, 1794, during the French Revolution and became known as the 'law of the Great Terror,' proposed by Georges Couthon but likely written by Maximilien Robespierre. • The law was triggered by assassination attempts on Jean-Marie Collot d'Herbois (May 23) and Robespierre (May 25), 1794, leading to calls for harsher measures against political crimes. • It dramatically simplified judicial procedures by limiting trials to three days, eliminating defense counsel and witnesses, and requiring only two possible verdicts: acquittal or death. • The law expanded the definition of crimes to include vague offenses like 'slandering patriotism,' 'spreading false news,' and 'seeking to inspire discouragement,' making virtually any government criticism criminal. • It removed the immunity of Convention members from summary arrest, allowing them to be tried without a prior vote by the Convention itself. • The law immediately accelerated executions from an average of 5 per day to 17 in Prairial and 26 in Messidor, inaugurating the period known as 'The Great Terror.' • Opposition to the law within the Convention, particularly regarding the removal of deputies' immunity, led to political conflicts that contributed to Robespierre's downfall on July 27, 1794. • The Law of 22 Prairial was repealed on August 1, 1794, shortly after Robespierre's overthrow during the Thermidorian Reaction.","Hong Taiji","Antonio Onofri","March to Reims","Law of 22 Prairial","4","Antonio Onofri","213","Hong Taiji","142","March to Reims","176","500"
"171","List of power stations in India","• India's total installed power generation capacity is approximately 514 GW as of December 31, 2025. • Thermal power is the largest electricity source in India, generating about 71% of the country's electricity consumption, with coal alone meeting more than 62% of electricity demand. • India has 25 operational nuclear reactors with 8,880 MW installed capacity (1.9% of total capacity), accounting for around 3% of electricity generation, with 10 additional reactors totaling 8,000 MW under construction. • Renewable energy sources total over 206 GW, led by solar power at 135,810 MW and wind power at 54,511 MW, with smaller contributions from biomass, small hydro, and waste-to-energy. • India was the first country in the world to establish a ministry of non-conventional energy resources in the early 1980s. • Natural gas-based power plants have an installed capacity of nearly 25,000 MW, while diesel-based grid-connected plants contribute only 510 MW to the grid. • Hydroelectric power plants with generation capacity of 25 MW or less are classified as renewable energy under the Small Hydro Project (SHP) category. • The National Thermal Power Corporation (NTPC) is a major public sector operator of coal-based thermal power plants, alongside various state-level and private companies.","Chapelcross nuclear power station","Synthetic element","List of power stations in India","Mark 36 nuclear bomb","3","Synthetic element","228","Chapelcross nuclear power station","138","Mark 36 nuclear bomb","115","750"
"172","Stop word","• Stop words are words filtered out during natural language processing because they have little semantic value, with no universal list or agreed-upon rules for identifying them across all NLP tools. • The trend in information retrieval systems has shifted from using large stop lists (200-300 terms) to very small lists (7-12 terms) to no stop lists at all. • Hans Peter Luhn, a pioneer in information retrieval, is credited with developing the concept when introducing his Key Word in Context automatic indexing process, though the actual phrase 'stop word' appeared in literature shortly after his 1959 presentation. • C.J. Van Rijsbergen created the first standardized stop list not based on word frequency, called the 'Van list' with 250 English words, which influenced Martin Porter's commonly used Porter list from the 1980s. • Christopher Fox developed the first empirical frequency-based stop list in 1990 using the Brown Corpus, resulting in a final list of 421 stop words designed to filter the most common and semantically neutral words in English literature. • In SEO, stop words are common words that search engines traditionally avoided processing to save space and time, but this can cause problems when searching for phrases containing them (like 'The Who' or 'Take That'). • Modern SEO best practices have evolved with machine learning and NLP advances, with Google advising in 2021 to write naturally rather than worry about stop words, as search engines analyze much more than individual words.","Partition function (statistical mechanics)","Statistical manifold","2024 Campeonato Paraense","Stop word","4","2024 Campeonato Paraense","184","Statistical manifold","177","Partition function (statistical mechanics)","249","150"
"173","Museo Nazionale Scienza e Tecnologia Leonardo da Vinci","• The Museo Nazionale Scienza e Tecnologia Leonardo da Vinci in Milan is Italy's largest science and technology museum, opened on February 15, 1953, and inaugurated by Prime Minister Alcide De Gasperi. • The museum is housed in the ancient monastery of San Vittore al Corpo in Milan and is organized into seven main departments: Materials, Transport, Energy, Communication, Leonardo da Vinci Art & Science, New Frontiers, and Science for young people. • The Transport section features four divisions (air, rail, water, and submarine) and includes notable exhibits such as WWII aircraft like the Macchi MC 205 V, the bridge of transatlantic liner Conte Biancamano, and the complete Toti-class submarine Enrico Toti launched in 1967. • The Energy section houses the historic Margherita thermoelectric power station from 1895 and includes exhibits on oil industry and petrochemistry. • The Leonardo da Vinci section displays machine reproductions based on Leonardo's original drawings, including a hydraulic saw, spinning machine, flying machine, and Leonardo's tank design. • The Materials section features the first electric arc furnace for melting steel, invented in 1898 by Ernesto Stassano, along with exhibits on the complete lifecycle of modern products from raw materials to recycling. • The Rail Transport section is housed in a pavilion from the 1906 Expo and focuses particularly on the historical public transport of Lombardy region. • The museum includes specialized laboratories throughout its departments, especially designed for children and young students.","Museo Nazionale Scienza e Tecnologia Leonardo da Vinci","List of American artists before 1900","Leonardo (supercomputer)","Description of Africa (1550 book)","1","List of American artists before 1900","152","Description of Africa (1550 book)","187","Leonardo (supercomputer)","136","10"
"174","Monteverde Cloud Forest Reserve","• The Monteverde Cloud Forest Reserve is a 10,500+ hectare (26,000+ acre) Costa Rican reserve founded in 1972, drawing approximately 70,000 visitors annually. • The reserve contains extraordinary biodiversity with over 2,500 plant species, 100 mammal species, 400 bird species, 120 reptilian and amphibian species, and thousands of insects across six life zones. • Monteverde was established in 1951 by Quaker families from Alabama who moved to Costa Rica to avoid the Korean War draft, naming the area 'Green Mountain' for its year-round vegetation. • The reserve was created through the efforts of graduate student George Powell in 1972, who secured a 328-hectare land donation and worked with the Tropical Science Center to establish the preserve. • Monteverde holds the world record for orchid diversity with over 500 species, 34 of which were new to science when discovered at the reserve. • The reserve was famously home to the endemic golden toad, which became extinct in 1989 along with 40% of the area's amphibian population due to a fungal pandemic. • Tourism grew dramatically from 431 visitors in 1975 to over 40,000 by 1991, establishing Monteverde as a major ecotourism destination. • The reserve consists of 90% virgin forest and serves as habitat for migratory birds, with 91 species that migrate between North and South America.","Monteverde Cloud Forest Reserve","List of recently extinct plants","Tocantins River","List of fossil primates of South America","1","Tocantins River","148","List of recently extinct plants","140","List of fossil primates of South America","227","100"
"175","Prague Spring","• The Prague Spring was a period of political liberalization in Czechoslovakia that lasted from January 5, 1968 (when Alexander Dubček became First Secretary) until August 21, 1968 (when Soviet-led forces invaded). • Dubček's reforms included loosening restrictions on media, speech, and travel, along with partial economic decentralization and democratization of the political system. • The Soviet Union, along with four other Warsaw Pact members (Bulgaria, East Germany, Hungary, and Poland), invaded Czechoslovakia with approximately 650,000 troops to suppress the reforms. • The only lasting reform was the division of Czechoslovakia into two republics: the Czech Socialist Republic and Slovak Socialist Republic, creating a dual federation. • Czechoslovak resistance to the invasion was entirely civilian-based, lasting almost eight months through methods like sabotage, defiance of curfews, and protest suicides, with no military resistance. • After the invasion, Czechoslovakia entered a 'normalization' period under Gustáv Husák, who reversed nearly all of Dubček's reforms and restored pre-1968 political and economic policies. • The Prague Spring was preceded by gradual liberalization that began in the early 1960s, including the 1963 Liblice Conference on Franz Kafka and the 1967 Writers' Congress that challenged Communist Party control over literature. • Czechoslovakia remained a Soviet satellite state until the 1989 Velvet Revolution, with the last Soviet troops leaving in 1991.","Holodomor","Maidan casualties","Themes in Nazi propaganda","Prague Spring","4","Themes in Nazi propaganda","181","Maidan casualties","161","Holodomor","219","100"
"176","Geology of Venus","• Venus is the planet most similar to Earth in mass within our Solar System, but lacks an intrinsic magnetic field and recognizable plate tectonics. • About 75% of Venus's surface consists of bare volcanic bedrock, with volcanism being the dominant agent of geological change on the planet. • The vast majority of Venus's surface is uncratered due to its thick atmosphere disrupting small impactors and possible volcanic resurfacing events. • Venus has unique volcanic landforms not found elsewhere, including arachnoids (spider web-like features) and pancake domes. • The planet's surface is remarkably flat, with 80% of the topography within 1 km of the median radius and only 10% classified as highlands (above 2 km elevation). • Venus is extremely dry with only trace amounts of water vapor (20 ppm) in its atmosphere, and no visible landforms indicate past water or ice. • Surface conditions are extremely hostile, with temperatures reaching 470°C (878°F) and atmospheric pressure over 90 times that of Earth, severely limiting probe lifespans. • Recent 2023 studies suggest Venus may have had plate tectonics in ancient times, potentially creating a more habitable environment that could have supported life. • Most knowledge about Venus's geology comes from orbital radar observations, as the surface is permanently obscured by thick cloud cover in visible wavelengths.","Cretaceous Terrestrial Revolution","Terceira Rift","Teepee structure","Geology of Venus","4","Terceira Rift","185","Teepee structure","116","Cretaceous Terrestrial Revolution","184","25"
"177","Motorized tricycle","• A motorized tricycle is a three-wheeled vehicle powered by an electric motor, motorcycle, scooter, or car engine, based on motorcycle technology. • Motorized tricycles can be configured as either 'delta' (one wheel front, two rear) or 'tadpole' (two wheels front, one rear), with tadpoles being more stable under braking. • The late 19th century was a boom period for motorized tricycles, as early engines were too heavy and bulky for bicycles, making tricycles a better platform for motorization. • Historical motorized tricycles from 1899 typically cost £70-£85 and featured 1.75-2.25 HP engines, with most requiring pedaling to start since they lacked clutches. • Motor trikes are classified differently from motorcycles and scooters based on seating style (saddle vs. step-through) and transmission type (manual vs. automatic). • These vehicles are popular with people who have mobility or balance problems, and may offer regulatory advantages like carrying multiple passengers or avoiding helmet requirements. • Mass-manufactured examples include the Piaggio MP3, Harley-Davidson Tri Glide Ultra Classic, BRP Can-Am Spyder, and Polaris Slingshot. • In Asian countries, motorized tricycles serve as small freight trucks and taxis, commonly called 'three-wheelers' or 'tuk-tuks,' functioning as motorized versions of traditional rickshaws.","Motorized tricycle","BMW New Class","Mercedes-Benz CL-Class (C215)","List of Toyota engines","1","List of Toyota engines","101","BMW New Class","166","Mercedes-Benz CL-Class (C215)","198","150"
"178","Specific energy","• Specific energy is defined as energy per unit mass, also known as gravimetric energy density, and should not be confused with energy density (energy per unit volume). • The SI unit for specific energy is joules per kilogram (J/kg), though other units include kilocalories per gram (Cal/g) for food and watt-hours per kilogram (W⋅h/kg) for batteries. • Specific energy is an intensive property, meaning it doesn't depend on the amount of substance present, unlike energy and mass which are extensive properties. • In food science, fats provide much higher energy density (≈38 kJ/g) compared to carbohydrates (≈17 kJ/g) and proteins (≈16 kJ/g), with fats containing about 2¼ times more energy than carbohydrates or proteins. • Water content is the most important factor in determining food energy density, since carbohydrates, fats, and proteins make up 90% of food's dry weight. • For ionizing radiation, the gray is the SI unit for specific energy absorbed by matter (absorbed dose), from which the sievert is calculated for biological dose equivalent effects. • In astrodynamics, specific mechanical energy is commonly used because gravity affects kinetic and potential energies independently of an object's mass, consistent with energy conservation principles. • Objects falling to Earth from outside its gravitational well have a minimum specific energy of 63 MJ/kg, while comets typically have much higher specific energies of around 882 MJ/kg.","Abundance of the chemical elements","List of objects at Lagrange points","Specific energy","Halo Drive","3","List of objects at Lagrange points","196","Halo Drive","207","Abundance of the chemical elements","216","200"
"179","Carbon monoxide","• Carbon monoxide (CO) is a poisonous, flammable gas that is colorless, odorless, tasteless, and slightly less dense than air, consisting of one carbon atom and one oxygen atom connected by a triple bond. • The most common source of carbon monoxide is the partial combustion of carbon-containing compounds, and it can be emitted from tobacco smoke, malfunctioning fuel-burning appliances, and blocked flues. • Carbon monoxide poisoning is the most common type of fatal air poisoning in many countries, making it one of the most acutely toxic contaminants affecting indoor air quality. • The molecule has a unique bonding structure with a computed fractional bond order of 2.6 and represents the strongest chemical bond known, with a bond-dissociation energy of 1072 kJ/mol. • Carbon monoxide serves important biological roles, acting as an endogenous neurotransmitter (gasotransmitter) at low concentrations in mammals while being toxic at high concentrations. • In industrial chemistry, carbon monoxide is a key ingredient in many processes and is important in the production of compounds including drugs, fragrances, and fuels. • The molecule is isoelectronic with cyanide anion (CN⁻) and molecular nitrogen (N₂), having 10 valence electrons and similar physical properties to N₂. • Carbon monoxide has a small dipole moment of 0.122 D, with the carbon end being slightly negative and the oxygen end slightly positive, despite oxygen's greater electronegativity.","Carbon sink","Cobalt poisoning","Iron pentacarbonyl","Carbon monoxide","4","Iron pentacarbonyl","123","Cobalt poisoning","237","Carbon sink","148","5"
"180","India (Bible)","• The Book of Esther describes India as bordering the Persian Empire under King Ahasuerus (Xerxes I), with the biblical term 'Hodu' being derived from 'Hindu,' referring to inhabitants of the Sindhu River region. • Archaeological evidence confirms ancient trade between India and Mesopotamia, with ivory objects crafted in India discovered in Sumerian cities like Kish, Lagash, and Ur. • King Solomon's navy likely sailed to India (identified with the biblical 'Ophir'), as gold was plentiful there and the Coptic word 'Sophir' means India. • Several Hebrew words in the Old Testament appear to derive from Indian languages, including 'tuki' (peacock from Tamil 'tokei'), 'kof' (ape from 'kapi'), and 'ahalim' (aloes from Sanskrit 'agaru'). • The goods mentioned as brought by Solomon's navy - 'gold, silver, ivory, apes, and peacocks' - are consistent with products that would have come from India. • Ancient Babylonian and Greek texts used words derived from 'sindhu' (meaning 'Indian') to describe fine linen, indicating established trade connections. • 1 Maccabees references Indian mahouts (elephant handlers) in Antiochus's army during the second century B.C., showing continued Indian connections in later biblical periods. • Some biblical scholars suggest that 'India' rather than 'Judaea' should appear in the list of nations represented at Pentecost in Acts 2:9, though this remains debated.","Archipelago","Bag-of-words model","Devil's Sea","India (Bible)","4","Archipelago","167","Devil's Sea","197","Bag-of-words model","195","750"
"181","Human rights in New Zealand","• New Zealand's human rights are protected by two main laws: the New Zealand Human Rights Act 1993 and the New Zealand Bill of Rights Act 1990, rather than a single constitutional document. • New Zealand was the first self-governing nation to grant universal suffrage in 1893, though women could not stand for parliament until 1919. • The country has a special parliamentary representation system for Māori people, established in 1867 and still in place today despite ongoing debate about its appropriateness. • New Zealand has ratified seven of the nine core UN human rights treaties (ICERD, ICCPR, ICESCR, CEDAW, CRC, CAT and CRPD) since joining the United Nations in 1945. • The 2009 US State Department Human Rights Report noted that while New Zealand generally respects individual rights, there are ongoing concerns about the social status of the indigenous Māori population. • New Zealand's human rights protections are not constitutionally entrenched and Parliament can legally ignore them, which the Human Rights Commission has identified as a significant weakness. • In 2009, New Zealand underwent its first Universal Periodic Review at the UN Human Rights Council, where it was praised overall but directed to address Māori disparities and family violence issues. • A 2015 study titled 'Fault Lines: Human rights in New Zealand' criticized the country's human rights legislation as problematic and ineffective at preventing rights-breaching laws.","Human rights in New Zealand","Palestinian right of return","LGBTQ rights in the Isle of Man","Declaration on Fundamental Principles and Rights at Work","1","LGBTQ rights in the Isle of Man","188","Declaration on Fundamental Principles and Rights at Work","176","Palestinian right of return","208","10"
"182","Uniform Resource Identifier","• A Uniform Resource Identifier (URI) is a unique sequence of characters that identifies abstract or physical resources, including webpages, email addresses, books, people, places, and concepts, whether or not they are accessible via the Internet. • URLs (Uniform Resource Locators) are a subset of URIs that provide a means of locating and retrieving resources on networks, while URNs (Uniform Resource Names) are URIs that only provide unique names without location information. • URIs were conceived by Tim Berners-Lee in 1990 as part of his hypertext proposals, initially called 'hypertext names' or 'document names' before evolving into the formal URI concept. • The term changed from 'Universal Resource Identifier' to 'Uniform Resource Identifier' in 1998 with the publication of RFC 2396, which established URI syntax as a separate specification. • RFC 3986, published in January 2005, became the current standard for URI syntax and was simultaneously published as the full Internet standard STD 66. • URNs identify resources by name within specific namespaces without implying location or access method (example: urn:isbn:0-486-27557-4 for a specific book edition). • The IETF noted in 2002 that the term 'URL' had become nearly obsolete in technical contexts, as URI-based identification doesn't necessarily require network accessibility or resource retrieval. • The Semantic Web uses HTTP URI schemes to identify both documents and concepts, leading to the 'httpRange-14 resolution' in 2005 to address confusion between the two uses.","Australian pound","Unicode and HTML for the Hebrew alphabet","Uniform Resource Identifier","Paleobiota of the Hell Creek Formation","3","Australian pound","172","Paleobiota of the Hell Creek Formation","164","Unicode and HTML for the Hebrew alphabet","138","100"
"183","Introduction to viruses","• Viruses are tiny infectious agents (20-300 nanometers) that reproduce inside living host cells by forcing the cell to produce thousands of identical viral copies. • All viruses contain genes made of either DNA or RNA and are covered by a protective protein coat, with some also having a fat-like envelope that makes them vulnerable to soap. • Over 4,800 virus species have been described, though millions exist in the environment, and their evolutionary origin remains unclear. • Viruses spread through various methods including airborne droplets (influenza), bodily fluids (HIV), contaminated food/water (norovirus), insect vectors (dengue), and direct contact. • RNA viruses can mutate rapidly to create new forms that hosts have little protection against, requiring annual flu vaccines and potentially causing pandemics. • Viral infections can cause disease in humans, animals, and plants, but healthy immune systems can usually eliminate infections and provide lifetime immunity. • Antibiotics are ineffective against viruses, but antiviral drugs can treat serious infections and vaccines can provide long-term protection. • Viruses were first discovered in the 1890s using filters that could remove bacteria, with the tobacco mosaic virus being one of the earliest studied examples.","Introduction to viruses","2024 Gaza Strip polio epidemic","Medical Subject Headings","Viral vector","1","Viral vector","108","Medical Subject Headings","132","2024 Gaza Strip polio epidemic","117","1"
"184","Ostracon","• Ostracods are small crustaceans with approximately 33,000 identified species (13,000 extant), typically around 1 mm in size but ranging from 0.2 to 32 mm in length. • Their bodies are protected by a bivalve-like shell made of chitin and often calcium carbonate, with the hinge located in the upper (dorsal) region of the body. • Ostracods are the most common arthropods in the fossil record, with fossils found from the early Ordovician period to present day. • They serve as valuable indicators of paleoenvironments and are widely used for biozonation of marine strata due to their widespread occurrence and easily preservable shells. • A 2013 discovery in Queensland, Australia revealed 100-million-year-old ostracod fossils with preserved soft tissue, setting the Guinness World Record for the oldest penis and oldest observable sperm. • The ostracod body consists of a head and thorax with minimal segmentation, bearing four pairs of head appendages including two pairs of antennae used for swimming. • Most ostracods are deposit feeders, though the class includes carnivores, herbivores, scavengers, and filter feeders with diverse dietary habits. • Gas exchange occurs through 'ventilatory appendages' that create water currents, with some species having gills and circulatory systems while others rely on surface gas exchange.","Ostracon","Vector database","Yam Suph","Rephaite","1","Rephaite","206","Yam Suph","144","Vector database","151","750"
"185","Cluster of differentiation","• **CD (Cluster of Differentiation) is a protocol used to identify and investigate cell surface molecules**, serving as targets for immunophenotyping of cells. • **The CD nomenclature system was established in 1982** at the 1st International Workshop and Conference on Human Leukocyte Differentiation Antigens in Paris. • **As of 2016, CD molecules for humans are numbered up to 371**, with more than 370 unique clusters and subclusters identified. • **A surface molecule receives a CD number only after two specific monoclonal antibodies are shown to bind to it**; molecules with insufficient characterization receive a provisional 'w' designation (e.g., CDw186). • **CD molecules have diverse physiological functions beyond serving as markers**, including acting as receptors, ligands, growth factor receptors, and mediating cell adhesion and signaling cascades. • **Cell populations are defined using '+' or '−' symbols** to indicate presence or absence of CD molecules (e.g., 'CD34+, CD31−' typically indicates stem cells). • **CD4 and CD8 are commonly used markers** that generally identify helper and cytotoxic T cells respectively, and are monitored to track HIV infection progression. • **CD molecules are essential tools in immunophenotyping and cell sorting**, including flow cytometry, allowing precise definition of cell types within the immune system.","Bone marrow","List of dangerous snakes","Cluster of differentiation","Question answering","3","Bone marrow","237","Question answering","169","List of dangerous snakes","243","100"
"186","List of 20th-century summiters of Mount Everest","• **First successful summit**: Sir Edmund Hillary and Tenzing Norgay reached the summit on May 29, 1953, as part of the British Mount Everest expedition. • **20th century summit totals**: Approximately 1,383 people summited Mount Everest between 1953 and the end of 2000, with numbers increasing dramatically each decade (6 in 1950s, 18 in 1960s, 78 in 1970s, ~180 in 1980s, ~900 in 1990s). • **First ascent without supplementary oxygen**: Reinhold Messner and Peter Habeler achieved this milestone on May 8, 1978, proving human survival at extreme altitude was possible without artificial oxygen. • **First winter ascent**: Polish climbers Leszek Cichy and Krzysztof Wielicki completed the first winter summit on February 17, 1980, demonstrating Everest could be climbed in the harshest conditions. • **First solo ascent**: Reinhold Messner accomplished the first solo summit on August 20, 1980, without supplementary oxygen, representing the ultimate individual mountaineering achievement. • **Notable women climbers**: Junko Tabei became the first woman to summit on May 16, 1975, followed by other pioneering female climbers including Phanthog (1975), Wanda Rutkiewicz (1978), and Bachendri Pal (1984). • **Multiple route establishment**: The 1960 Chinese expedition was the first to successfully climb via the North Ridge route, while various expeditions established different approaches to the summit throughout the decades. • **High mortality rates**: The 1980s saw particularly dangerous conditions with 56 deaths among 871 climbers who set off from Base Camp, while the 1990s had 55 deaths among 3,017 attempts.","Tiger Hill, Darjeeling","Everest Premier League","List of birdwatchers","List of 20th-century summiters of Mount Everest","4","Tiger Hill, Darjeeling","205","List of birdwatchers","228","Everest Premier League","220","5"
"187","1992 Chandler–Lake Wilson tornado","• The Chandler–Lake Wilson tornado occurred on June 16, 1992, striking the small towns of Chandler and Lake Wilson in Murray County, Minnesota during the afternoon hours. • The tornado was rated F5 on the Fujita scale, making it the only F5 tornado to occur in the United States in 1992. • Despite being described as 'two violent twisters,' the tornadoes received a joint, single F5 rating from the National Weather Service. • The tornado caused catastrophic damage in Chandler at approximately 5:18 pm, leveling half of the town and completely destroying the Chandler-Lake Wilson High School building. • The tornado killed one person (who died from injuries two months later), injured over 40 people (36 in Chandler alone), and caused at least $50 million in damage (1992 USD). • The tornado had a maximum width of 0.75 miles (1.21 km) around the Chandler-Lake Wilson area and was referred to as a 'maxi-tornado' by the National Weather Service. • There are discrepancies in official records regarding the tornado's path length, with some sources stating 35 miles (56 km) and others stating 16 miles (26 km). • The tornado touched down 2 miles south of Leota and moved northeast, completely destroying two farmsteads at F5 intensity just east of Leota before striking the towns.","List of named storms (M)","1992 Chandler–Lake Wilson tornado","Reverse image search","HTML","2","HTML","112","Reverse image search","185","List of named storms (M)","162","100"
"188","Lafayette Monument","• The Lafayette Monument is a bronze equestrian statue of Gilbert du Motier, marquis de Lafayette, created by sculptor Andrew O'Connor, Jr. • The monument is located on the northern edge of South Park at Mount Vernon Place in Baltimore, directly across from The Washington Monument. • It was dedicated on September 6, 1924, with President Calvin Coolidge in attendance at the ceremony. • The statue was cast by T. F. McGann & Sons Co Foundry in Boston, Massachusetts. • The monument features an inscription with a quote from President Woodrow Wilson praising Lafayette as 'immortal because a self-forgetful servant of justice and humanity.' • The base inscription emphasizes Lafayette's dedication to fighting for the freedom of his fellow men, which made him beloved by all Americans. • The monument is positioned across a cobblestone circle from Baltimore's Washington Monument, creating a symbolic pairing of these two important figures from American Revolutionary history.","List of recently extinct arthropods","Apollo 11 missing tapes","Lafayette Monument","Mount Rinjani","3","List of recently extinct arthropods","218","Apollo 11 missing tapes","172","Mount Rinjani","197","250"
"189","Battle of Iwo Jima order of battle","• **Operation Detachment began February 19, 1945** - U.S. Marines invaded Iwo Jima as part of the Pacific Theatre campaign to establish airfields for escorting bombers attacking Japan and providing emergency landing sites. • **Three Marine divisions totaling almost 70,000 troops** were assigned to capture Iwo Jima, representing a massive escalation from the single division used at Guadalcanal in 1942. • **The battle lasted five weeks**, far exceeding American estimates due to the effectiveness of Japanese fortifications and defensive strategy. • **Japanese strategy focused on inflicting maximum casualties** to force the U.S. to abandon demands for unconditional surrender, using extensive underground fortifications and camouflaged bunkers. • **Naval bombardment was unprecedented but limited in effectiveness** - despite the most effective naval gunfire support in Pacific operations to that point, many Japanese bunkers survived due to strong construction and camouflage. • **V Amphibious Corps under Major General Harry Schmidt** commanded the ground assault, consisting of the 5th Marine Division (25,884 personnel) landing on Green and Red beaches on the left flank. • **Multiple Congressional Medal of Honor recipients** emerged from the battle, with numerous Marines and Navy Corpsmen receiving the nation's highest military decoration, many posthumously. • **Admiral Chester W. Nimitz commanded overall Pacific Fleet operations** from Pearl Harbor, with Admiral Raymond A. Spruance leading the Fifth Fleet from the heavy cruiser Indianapolis.","List of ports in the Philippines","Battle of Iwo Jima order of battle","Wakame","USS Guam (LPH-9)","2","USS Guam (LPH-9)","161","List of ports in the Philippines","157","Wakame","176","350"
"190","Function (biology)","• In evolutionary biology, function refers to the reason some biological feature exists due to natural selection - typically because it helps an organism survive and reproduce by increasing fitness. • Function differs from teleological purpose - evolution is a blind process without conscious goals, though biologists often use teleological language as shorthand to describe biological functions. • In physiology, function is simply defined as what an organ, tissue, cell, or molecule does within an organism's system. • Functional characteristics that assist in evolution are called adaptations, while some features may be non-functional 'spandrels' that are accidental byproducts of other systems. • Niko Tinbergen identified four key questions for understanding biological function: mechanism (how it works), ontogeny (how it develops), adaptation (evolutionary function), and evolution (when it first appeared). • Three major philosophical theories explain biological function: causal role (what effect a component has on the larger system), selected effect (what the trait was selected for by evolution), and goal contribution (a middle ground between the two). • The causal role theory has been criticized as too broad because it includes all effects of a biological component, even incidental ones like the heart producing sound. • The selected effect theory has been criticized as too restrictive because it only considers functions that were specifically selected for, potentially excluding beneficial mutations that weren't initially selected.","Origin of birds","Evolutionary epistemology","Lexical chain","Function (biology)","4","Lexical chain","135","Evolutionary epistemology","160","Origin of birds","226","100"
"191","Computational problem","• A computational problem asks for a solution in terms of an algorithm, consisting of a set of instances together with solutions for every instance, where the goal is to determine if an algorithm exists that maps instances to solutions. • Computational problems can be solvable (like integer factorization) or unsolvable (like the Halting problem), and they are one of the main objects of study in theoretical computer science. • Computational complexity theory determines the resources required to solve problems, classifying them into complexity classes like P (polynomial time for deterministic machines), BPP (polynomial time for probabilistic machines), and BQP (polynomial time for quantum machines). • Decision problems have yes/no answers for every instance (e.g., primality testing) and are represented as the set of all instances where the answer is 'yes.' • Search problems allow arbitrary string answers and are represented as relations of instance-solution pairs (e.g., factoring represented as pairs of numbers and their prime factors). • Counting problems ask for the number of solutions to a search problem (e.g., counting the number of prime factors of an integer). • Optimization problems seek the 'best possible' solution among all solutions to a search problem (e.g., finding the maximum independent set in a graph). • Promise problems are computational problems where only a proper subset of all possible binary strings represent valid instances, rather than assuming all strings are valid inputs. • Both instances and solutions are represented as binary strings, which is important because computational complexity is expressed as a function of input length.","De Moivre's formula","C*-algebra","Computational problem","Logical conjunction","3","De Moivre's formula","222","C*-algebra","143","Logical conjunction","234","750"
"192","Climate change in Minnesota","• Minnesota has warmed 1-3 degrees Fahrenheit during the 20th century, with trends expected to continue in coming decades. • Heavy precipitation events have increased dramatically, with rainfall during the four wettest days of the year increasing about 35% over the last half century, leading to more frequent flooding. • River flows during the worst floods have been increasing about 10% per decade since the 1920s in the Red River watershed, with similar trends in the upper Mississippi watershed. • Climate change is altering Minnesota's forest composition, with paper birch, quaking aspen, balsam fir, and black spruce expected to decline while oak, hickory, and pine trees may become more numerous. • Winter ice coverage in the Great Lakes has decreased by 63% since the early 1970s, significantly shortening seasons for ice fishing, snowmobiling, skiing, and other winter recreational activities. • Rising water temperatures are expanding habitat for warmwater fish like bass while shrinking habitat for coldwater fish like trout, fundamentally changing aquatic ecosystems. • The growing season has extended by about 15 days since the beginning of the 20th century due to warmer temperatures. • Migratory birds are arriving in Minnesota earlier in spring than 40 years ago, disrupting ecological relationships between species and their food sources. • Higher temperatures and severe storms are degrading water quality through increased algal blooms and pollutant runoff into lakes and rivers.","2024–25 North American winter","Climate change in Minnesota","Roman Warm Period","Δ18O","2","Roman Warm Period","135","2024–25 North American winter","164","Δ18O","113","25"
"193","Cyril Smith (Marxist)","• Cyril Smith (1929–2008) was a British lecturer of statistics at the London School of Economics, socialist, and revolutionary humanist. • Smith began his political journey by joining Communist Party meetings at University College London in 1947, initially attracted to Stalinism's systematic worldview before becoming disillusioned during the Lysenko affair and turning to Trotskyism. • Starting in 1987, Smith began examining what he believed was the distortion of Marx's ideas by Marx's own followers, beginning with a booklet titled 'Communist Society and Marxist Theory.' • In 1996, Smith published 'Marx at the Millennium,' a book that critiqued how Marx's followers had interpreted his work, arguing that the degeneration of Marxist thought was largely the fault of Marxists themselves rather than Marx's detractors. • Smith concluded that there was no basis in Marx's writings for a 'Leninist party' or 'workers' state,' instead viewing the dictatorship of the proletariat as the working class organizing itself for unified self-liberation. • Smith controversially argued that Marx was 'not a sociologist or an economist, nor a social scientist or political scientist of any kind,' leading to extended debates with Marxist publications. • His second book, 'Karl Marx and the Future of the Human,' continued his project of distinguishing between Marx's actual views and common Marxist interpretations, while also critiquing Engels' role in distorting Marx's ideas. • Smith believed Marx's general outlook was that humans in class society are governed by alien social forms that condition their thinking, and that critiquing these forms could open the way for conscious social practice to release human potential.","Precursors to anarchism","Socage","Conservative liberalism","Cyril Smith (Marxist)","4","Socage","139","Precursors to anarchism","170","Conservative liberalism","148","250"
"194","Booker T. Washington","• **Born into slavery (1856) and freed during Civil War**: Booker T. Washington was born into slavery on April 5, 1856, in Virginia and was freed when U.S. troops reached the area during the Civil War. • **Founded and led Tuskegee Institute (1881)**: He became the first leader of Tuskegee Institute in Alabama in 1881, expanding it into a major center for black higher education that emphasized practical work and construction as part of students' education. • **Dominated African-American leadership (1890-1915)**: Washington was the primary leader in the African-American community and contemporary Black elite for 25 years, a period known as the 'Age of Booker T. Washington.' • **Gained national prominence with Atlanta Address (1895)**: His 1895 Atlanta Address brought him national attention from politicians and the public, establishing his influence in American society. • **Advocated economic self-help over direct political confrontation**: Washington promoted Black progress through education and entrepreneurship rather than directly challenging Jim Crow segregation, founding the National Negro Business League to support African-American businesses. • **First Black person to dine with president as equal (1901)**: He dined with President Theodore Roosevelt at the White House in 1901, marking the first time a Black person publicly met the president on equal terms. • **Wrote influential autobiography 'Up from Slavery' (1901)**: His autobiography became a major text and helped spread his philosophy and life story. • **Faced criticism for accommodating white supremacy**: After his death in 1915, he was heavily criticized by civil rights activists, particularly W.E.B. Du Bois and the NAACP, for his accommodating approach to white supremacy, though later scholarship has provided more nuanced interpretations of his legacy.","Booker T. Washington","1964 Democratic Party presidential primaries","Charles D. B. King","Operation Breadbasket","1","Charles D. B. King","140","Operation Breadbasket","112","1964 Democratic Party presidential primaries","120","25"
"195","Output impedance","• Output impedance is the measure of opposition to current flow (both resistance and reactance) that is internal to an electrical source, representing the source's tendency to drop voltage when current is drawn by a load. • Output impedance is also called source impedance or internal impedance, and can be modeled as an impedance in series with an ideal voltage source or in parallel with an ideal current source. • All real devices have non-zero output impedance since no device can be a perfect source, and some of this impedance may be due to chemical, thermodynamic, or mechanical properties rather than physical components. • For nonlinear devices like transistors, output impedance refers to small-signal behavior and varies with the DC bias point (operating voltage and current) of the device. • Output impedance can be measured experimentally by loading a resistive device until the load voltage is half the open-circuit voltage, at which point the load resistance equals the internal resistance. • In audio systems, power amplifiers typically have very low output impedance (less than 0.1 Ω) and use 'impedance bridging' where the load impedance is much higher than the source impedance (damping factor > 10). • In video and RF systems, 'impedance matching' is used where the source and load impedances are equal (damping factor = 1) for optimal power transfer. • For batteries, internal resistance cannot be directly measured but can be calculated from voltage and current measurements, helping to model the electrical effects of complex internal chemical reactions.","English Electric","Output impedance","Galvanic series","Magnetization","2","Magnetization","201","Galvanic series","165","English Electric","100","200"
"196","Suffix tree","• A suffix tree is a compressed trie that contains all suffixes of a given text string as keys and their positions as values, enabling fast string operations. • Construction of a suffix tree takes linear time and space relative to the length of the input string, making it highly efficient for preprocessing. • Suffix trees enable fast operations including substring location, approximate pattern matching with errors, regular expression matching, and solving the longest common substring problem. • The data structure requires significantly more storage space than the original string itself, which is the main trade-off for its speed advantages. • The concept was first introduced by Weiner in 1973 and was called 'Algorithm of the Year 1973' by Donald Knuth. • McCreight (1976) simplified the approach by building compressed tries of all suffixes directly, while Ukkonen (1995) provided the first online construction algorithm. • Modern algorithms achieve linear time complexity for constant-size alphabets, with O(n log n) worst-case performance for general alphabets. • A suffix tree has exactly n leaves (where n is the string length), with each leaf numbered 1 to n, and the path from root to leaf i spells out the suffix starting at position i.","Linear hashing","Computable Document Format","List of sauropod species","Suffix tree","4","List of sauropod species","221","Linear hashing","214","Computable Document Format","192","500"
"197","Originalism","• Originalism is a legal theory that interprets constitutional, judicial, and statutory text based on the original understanding at the time of adoption, contrasting with the 'Living Constitution' approach that favors evolution based on current context. • Modern originalism theory was first proposed by Robert Bork in 1971, who argued that judges should derive specific values from what the framers actually intended rather than inputting their own values. • The theory gained significant political prominence in the 1980s during the Reagan administration, with Attorney General Edwin Meese advocating for original intent jurisprudence in 1985. • Justice Antonin Scalia was the most prominent advocate of originalism, with his opinion in District of Columbia v. Heller (2008) becoming a defining example of originalist reasoning, though it faced criticism for selective historical analysis. • Originalism has grown in influence on the Supreme Court, particularly with Trump-era appointments of Justices Gorsuch, Kavanaugh, and Barrett, and played a central role in major rulings like Dobbs v. Jackson (2022) that overturned Roe v. Wade. • There are different types of originalism, including 'original intent' (focusing on framers' intentions) and 'original public understanding' (focusing on how the ratifying public would have understood the text). • The theory faced significant academic criticism beginning in the 1980s, with scholars like Paul Brest arguing that collective intent among the Founding Fathers was nonexistent and that historical changes made originalism inapplicable to modern issues. • By 2020, originalism had gained mainstream acceptance and became broadly endorsed within the conservative legal movement, though critics argue the Court's use of history has become inconsistent and politically driven.","Government of Pennsylvania","List of sovereign states","Gun laws in Georgia (U.S. state)","Originalism","4","List of sovereign states","177","Government of Pennsylvania","119","Gun laws in Georgia (U.S. state)","197","750"
"198","Hamiltonian mechanics","• Hamiltonian mechanics is a reformulation of Lagrangian mechanics introduced by Sir William Rowan Hamilton in 1833. • The key difference is that Hamiltonian mechanics replaces generalized velocities (used in Lagrangian mechanics) with generalized momenta as the primary variables. • Both Hamiltonian and Lagrangian mechanics describe the same physical phenomena and provide equivalent interpretations of classical mechanics. • Hamiltonian mechanics has a close relationship with geometry, particularly symplectic geometry and Poisson structures. • The framework serves as an important link between classical mechanics and quantum mechanics. • In Hamiltonian mechanics, the system is described using phase space coordinates (p, q), where p represents momenta and q represents positions. • Momenta are defined as pi = ∂L/∂q̇i, where L is the Lagrangian and q̇i are the generalized velocities. • The transition from Lagrangian to Hamiltonian mechanics involves a Legendre transformation that maps from (q, q̇) coordinates to (p, q) coordinates.","Hamiltonian mechanics","Axis–angle representation","Linkage (mechanical)","Okapi BM25","1","Okapi BM25","196","Linkage (mechanical)","120","Axis–angle representation","238","150"
"199","Hawking radiation","• **Hawking radiation is black-body radiation emitted by black holes due to quantum effects**, as theorized by Stephen Hawking in 1974, contradicting earlier models that assumed nothing could escape a black hole's event horizon. • **The radiation is extremely faint and currently undetectable**, being many orders of magnitude below the sensitivity of the best available telescopes. • **Hawking radiation causes black holes to gradually evaporate by reducing their mass and rotational energy**, meaning black holes that don't gain mass from other sources will eventually shrink and vanish. • **The radiation temperature is inversely proportional to the black hole's mass**, so smaller black holes emit more radiation and evaporate faster than larger ones. • **Micro black holes would undergo rapid evaporation ending in a burst of high-energy radiation**, though such radiation bursts have not yet been observed. • **The theory emerged from combining quantum field theory with general relativity**, building on earlier work by Soviet scientists Zeldovich and Starobinsky (1971) and Jacob Bekenstein's black hole entropy theory (1972). • **Hawking radiation originates from quantum vacuum fluctuations near the event horizon**, where particle pairs are created with one particle escaping while the other falls into the black hole. • **The radiation has a specific temperature formula that depends on fundamental constants** including the black hole's mass, Planck's constant, the speed of light, and the gravitational constant.","Homography (computer vision)","Reaction rate","Hawking radiation","Optical spectrometer","3","Homography (computer vision)","215","Reaction rate","231","Optical spectrometer","137","250"
"200","Communism","• **Communism is a political and economic ideology** that aims to create a society based on common ownership of the means of production, distribution based on need, and the absence of private property, social classes, money, and the state. • **Karl Marx and Friedrich Engels defined modern communism** in The Communist Manifesto in 1848, which grew out of the 19th-century socialist movement responding to capitalism's impact on urban factory workers. • **Communist theory identifies two main social classes under capitalism**: the proletariat (working class who sell their labor) and the bourgeoisie (owning class who profit from private ownership of production means). • **Communist governments first came to power in 1917** with the Russian Revolution establishing the Soviet Union, followed by expansion to Eastern Europe, Asia, and other regions after World War II. • **At its peak, more than one-third of the world's population** lived under Communist governments during much of the 20th century. • **Historical Communist governments were characterized by** one-party rule, state control of the economy and media, rejection of private property, restrictions on religious freedom, and suppression of opposition. • **Most Communist governments collapsed after 1991** with the dissolution of the Soviet Union, with only China, Cuba, Laos, North Korea, and Vietnam remaining as nominally Communist states. • **Communism's decline has been attributed to** economic inefficiency, authoritarianism, and bureaucracy within Communist governments. • **There are many variants of communism** including anarchist communism, various Marxist schools (like Leninism), and religious communism, though they share analysis of capitalism's class structure.","Communism","Proletariat","Ideology of the Chinese Communist Party","Vaghela dynasty","1","Ideology of the Chinese Communist Party","173","Proletariat","131","Vaghela dynasty","246","0"
"201","Constitutional law of the United States","• Constitutional law of the United States governs the interpretation and implementation of the U.S. Constitution, focusing on federal vs. state power and individual rights, with the Supreme Court holding ultimate authority over constitutional interpretation. • The Supreme Court established the power of judicial review in Marbury v. Madison (1803) and Fletcher v. Peck (1810), giving it authority to strike down federal and state laws that violate the Constitution. • Supreme Court constitutional interpretations are binding on all branches of federal government, lower federal courts, and state courts through the precedent system of 'stare decisis.' • Federal courts must meet justiciability requirements before hearing cases, including actual dispute, standing, ripeness, mootness, and avoiding political questions that belong to other branches of government. • Major judicial philosophies include originalism (interpreting the Constitution according to its 18th-century meaning), purposivism (emphasizing congressional intent), judicial restraint (deciding narrow cases to preserve democratic processes), and instrumentalism (allowing law to evolve with society). • The U.S. operates under federalism, which divides political power between federal and state governments as a compromise between centralized tyranny and the ineffective decentralization of the Articles of Confederation. • The Constitution separates federal powers among legislative (Article I), executive (Article II), and judicial (Article III) branches, while the Tenth Amendment reserves non-delegated powers to states and the people. • Congress receives specific enumerated powers under Article I, Section 8, including the commerce power to 'regulate commerce with foreign nations, and among the several states, and with the Indian tribes.'","Arizona v. United States","Carpenter v. United States","Confrontation Clause","Constitutional law of the United States","4","Confrontation Clause","109","Carpenter v. United States","102","Arizona v. United States","176","10"
"202","List of accidents and incidents involving military aircraft (2020–present)","• This list documents military aircraft accidents and incidents from 2020 onwards, excluding combat losses except in special circumstances, and includes aircraft that were not necessarily operational at the time of the incident. • High-ranking military officials were among the casualties, including Shen Yi-ming, Chief of General Staff of the Republic of China Air Force, who died in a UH-60M Black Hawk crash in Taiwan on January 2, 2020. • Multiple countries experienced significant military aviation accidents during early 2020, including Sudan, Taiwan, Sri Lanka, Afghanistan, South Africa, and Egypt within the first two weeks of January alone. • Helicopter crashes were particularly common, involving various models including UH-60 Black Hawks, Mi-17s, Mi-35s, Bell UH-1 Iroquois, and others across different air forces worldwide. • Fighter aircraft accidents occurred frequently, involving F-16 Fighting Falcons (Israeli, Egyptian, and Pakistani air forces), Su-30s, Su-25s, Su-27s, and MiG-29Ks from various nations' air forces. • Some accidents involved complete loss of life, such as the Sudanese An-12A crash that killed all 18 aboard and multiple helicopter crashes with no survivors, while others had successful rescues or pilot ejections. • The accidents spanned multiple continents and involved air forces from countries including the United States, Russia, China, India, Pakistan, various African nations, and Latin American countries. • Weather-related incidents occurred, such as flooding that damaged eight Israeli F-16s at Hatzor Airbase, showing that ground-based weather events also pose risks to military aircraft.","R-12 Dvina","Gold Codes","List of accidents and incidents involving military aircraft (2020–present)","List of NATO reporting names for surface-to-air missiles","3","List of NATO reporting names for surface-to-air missiles","117","R-12 Dvina","241","Gold Codes","153","500"
"203","Sectional curvature","• **Sectional curvature describes curvature of Riemannian manifolds** - It is one of the fundamental ways to characterize the curvature properties of Riemannian manifolds in differential geometry. • **Depends on two-dimensional subspaces of tangent spaces** - The sectional curvature K(σp) is defined for a two-dimensional linear subspace σp of the tangent space at a point p on the manifold. • **Has geometric interpretation as Gaussian curvature** - It can be understood geometrically as the Gaussian curvature of the surface obtained from geodesics starting at point p in the directions of the plane σp. • **Completely determines the Riemann curvature tensor** - The sectional curvature contains all the information needed to reconstruct the full Riemann curvature tensor of the manifold. • **Mathematical formula involves Riemann tensor and inner products** - For linearly independent tangent vectors u and v, it is defined as K(u,v) = ⟨R(u,v)v,u⟩ / (⟨u,u⟩⟨v,v⟩ - ⟨u,v⟩²), where R is the Riemann curvature tensor. • **Simplifies for orthonormal vectors** - When the tangent vectors u and v are orthonormal, the formula reduces to the simpler form K(u,v) = ⟨R(u,v)v,u⟩. • **Independent of choice of basis vectors** - The sectional curvature K(u,v) = K(x,y) whenever the vector pairs (u,v) and (x,y) span the same two-dimensional subspace of the tangent space. • **Functions as a real-valued function on 2-Grassmannian bundle** - It can be viewed as a function that takes two-dimensional linear subspaces of tangent spaces as input and returns real numbers.","Tetraoxygen","Sectional curvature","List of black holes","Extraterrestrial sky","2","List of black holes","223","Extraterrestrial sky","162","Tetraoxygen","203","500"
"204","Coronation of Napoleon","• Napoleon was crowned Emperor of the French on December 2, 1804, at Notre-Dame Cathedral in Paris in the presence of Pope Pius VII. • The coronation was designed as a propaganda tool to establish legitimacy for Napoleon's new imperial dynasty and gain prestige in international royalist and Catholic circles. • Napoleon's elevation to emperor was overwhelmingly approved by the French people in a constitutional referendum held in 1804. • The ceremony combined elements from Carolingian tradition, the ancien régime, and the French Revolution into a unique new rite, unlike traditional French royal coronations. • Napoleon wore a heavy crimson velvet coronation mantle (weighing at least 80 pounds) embroidered with golden bees, a symbol linking his dynasty to the ancient Merovingians rather than the Bourbon monarchy. • The ceremony featured elaborate pageantry including over 300 musicians, a 400-voice choir, military bands, and an unmanned balloon with 3,000 lights launched during the celebration. • A new crown called the 'Crown of Charlemagne' was created for the occasion since the traditional coronation crown had been destroyed during the French Revolution. • In 1805, Napoleon was separately crowned King of Italy with the Iron Crown in Milan Cathedral.","Napoléon (1955 film)","Jean Victor Marie Moreau","Ferdinand I of León","Coronation of Napoleon","4","Napoléon (1955 film)","173","Ferdinand I of León","179","Jean Victor Marie Moreau","190","25"
"205","Sampling (statistics)","• **Sampling is the selection of a subset from a statistical population to estimate characteristics of the whole population**, offering lower costs and faster data collection compared to measuring entire populations. • **Random sampling has ancient origins, mentioned in the Bible, with Pierre Simon Laplace using sampling in 1786 to estimate France's population** using ratio estimation and probabilistic error calculations. • **The 1936 Literary Digest election prediction failure demonstrated the critical importance of avoiding sampling bias**, as their large sample of over two million respondents was heavily skewed toward Republicans due to biased source lists. • **Population definition is crucial for successful sampling**, requiring clear identification of the group from which the sample is drawn, which may include physical objects, time periods, spatial dimensions, or even abstract concepts. • **Representative samples are the goal of statistical sampling**, with statisticians attempting to collect samples that accurately reflect the characteristics of the entire population of interest. • **Sampling is widely used across multiple fields including business, medical research, quality assurance, and survey methodology** for gathering population information when complete enumeration is impractical or impossible. • **The sampled population may differ from the target population**, often due to practical constraints, with researchers sometimes studying one group (like rats) to understand another (like humans). • **Acceptance sampling is specifically used in manufacturing** to determine whether production lots meet required specifications without testing every item.","Sampling (statistics)","Defender of Rights (France)","30th anniversary of the 1989 Tiananmen Square protests and massacre","Constitutional Council (France)","1","30th anniversary of the 1989 Tiananmen Square protests and massacre","201","Defender of Rights (France)","120","Constitutional Council (France)","184","250"
"206","21st-century communist theorists","• There has been a revival of serious interest in communism in the 21st century, led by theorists Slavoj Žižek and Alain Badiou. • The 2008 financial crisis significantly propelled this revival, leading to numerous books offering communist and Marxist analyses of the economic turmoil. • A major milestone was the 2009 conference 'The Idea of Communism' in London, which brought together many communist theorists and drew a substantial paying audience. • Contemporary communist theorists span diverse traditions including Black radical tradition, Eco-socialism, Maoism, Neo-Marxism, post-Marxism, and Autonomist/Open Marxism. • These modern theorists share common ground in critiquing past socialist experiments and believing that contemporary crises (ecological degradation, financial turmoil, inequality) are systemic and require revolutionary solutions. • Internet culture and declining life prospects have led to increased support for communism and socialism among Millennials and Gen-Z, alongside the rise of left-populism. • Key theoretical works include 'Empire' by Michael Hardt and Antonio Negri, 'The Communist Hypothesis' by Alain Badiou, and Mark Fisher's widely-read 'Capitalist Realism' (2009). • New communist-oriented journals (Endnotes, Salvage, Historical Materialism) and media outlets (Novara Media) have launched, along with an online left media ecosystem known as 'BreadTube.'","Soviet territorial claims against Turkey","Red Terror","Czechoslovakism","21st-century communist theorists","4","Red Terror","179","Soviet territorial claims against Turkey","218","Czechoslovakism","215","10"
"207","Karl Georg August, Hereditary Prince of Brunswick-Wolfenbüttel","• Karl Georg August was born on 8 February 1766 in London and died on 20 September 1806, serving as the Hereditary Prince of Brunswick-Wolfenbüttel. • He was the eldest son of Charles William Ferdinand, Duke of Brunswick-Wolfenbüttel, and Princess Augusta of Great Britain, making him a nephew of King George III of the United Kingdom. • Prince Karl was born with significant disabilities - he was mentally ill and blind, requiring constant care and supervision. • He married Princess Louise of Orange-Nassau on 14 October 1790 in The Hague, in a union arranged to strengthen political ties between the House of Orange and Brunswick. • His wife Louise served more as a caretaker than a traditional spouse, and the marriage was childless, which she reportedly found acceptable. • Contemporary accounts described him as 'chubby and fat, almost blind, strange and odd – if not to say an imbecile' who was completely dependent on and devoted to his wife. • Due to his disabilities and childless marriage, Karl Georg August was forced to renounce his position as heir to the duchy in favor of his younger brother, Frederick William. • Despite being the eldest son and rightful heir, his condition made him unfit to rule, fundamentally altering the succession of the Brunswick-Wolfenbüttel duchy.","Karl Georg August, Hereditary Prince of Brunswick-Wolfenbüttel","Roman military decorations and punishments","Black Brunswickers","List of ancient Egyptians","1","Black Brunswickers","116","List of ancient Egyptians","132","Roman military decorations and punishments","170","350"
"208","Geology of Indonesia","• Indonesia is located at the intersection of multiple tectonic plates, including the Australian Plate, Sunda Plate, Pacific Plate, and Philippine Sea Plate, making it one of the most seismically active regions on Earth. • The subduction of the Indian Plate beneath the Sunda Plate created the volcanic arc in western Indonesia, forming Sumatra, Java, Bali, and the Lesser Sunda Islands, most of which emerged within the last 2-3 million years. • Major fault systems include the Great Sumatran Fault (1,900 km long), the Palu-Koro fault across central Sulawesi, and the Sorong fault extending 2,000 km from West Papua to East Sulawesi. • Earthquake frequency varies significantly by region - large-scale earthquakes may occur every 100 years off Sumatra's coast but only every 500 years off western Java's coast. • Megathrust segments off Southeastern Sumatra and Western Java generate tsunamis averaging 11 meters in height, with potential to reach 34 meters due to the combination of megathrusts and backthrust faults. • Western Indonesia's geology is dominated by younger Cenozoic formations (Paleogene to Quaternary), while eastern Indonesia contains generally older rock formations ranging from Permian to Tertiary periods. • The Indonesian Seaway forms geological choke points between the Pacific and Indian oceans, with tectonic uplift beginning ~4 million years ago hypothesized to have altered regional climate patterns, particularly monsoons.","1907 Sumatra earthquake","List of volcanic eruptions in Iceland","Anticline","Geology of Indonesia","4","List of volcanic eruptions in Iceland","236","1907 Sumatra earthquake","241","Anticline","205","50"
"209","Contextual searching","• Contextual search optimizes web-based search results using context from the user and their computer, differing from traditional search engines that simply return document lists based on query relevance. • Basic contextual search involves scanning the full-text of queries to understand user needs, with users having limited control through keyword choices like adding 'menu' to find website navigation pages. • Explicitly supplied context allows users to specify constraints like information categories, document types, or display formats, as demonstrated by meta search engines like Inquirus 2, though these systems often suffer from poor user experience. • Major search engines like Google and Bing incorporate explicit context features through filters (Images, Maps, News, etc.) and search operators that allow users to restrict file types, time ranges, and locations. • Automatically inferred context systems like IBM's Watson learn from previous queries and documents to dynamically modify search hypotheses and provide more precise results based on accumulated knowledge. • Google, Bing, and Yahoo automatically infer context by tracking users' previous queries and selected results to personalize future searches, such as prioritizing jaguar cats over Jaguar cars for users with animal-related search history. • Contextual mobile search has grown significantly due to mobile phones providing richer contextual information including location data, contacts, speed/elevation metrics, and installed apps. • BIA/Kelsey research projected that mobile local search would exceed traditional local search by more than 27 billion queries by 2015, driving development of better contextualized search systems.","Contextual searching","Reference work","Microsoft Compiled HTML Help","Question answering","1","Reference work","183","Microsoft Compiled HTML Help","181","Question answering","141","50"
"210","Pattern recognition (psychology)","• Pattern recognition is a cognitive process that matches information from environmental stimuli with information retrieved from memory, involving the automatic activation of long-term memory content when information enters short-term memory. • The process requires repetition of experience and relies primarily on semantic memory, which operates implicitly and subconsciously to enable identification and prediction of future events. • Pattern recognition is crucial for survival across species, from humans using it for spatial positioning and hazard detection to simpler animals like koalas using it to identify eucalyptus leaves for consumption. • There are six main theories explaining pattern recognition: template matching, prototype-matching, feature analysis, recognition-by-components theory, bottom-up and top-down processing, and Fourier analysis. • Template matching theory proposes that perceived objects are stored as exact 'templates' in long-term memory, with incoming information compared against these templates to find precise matches. • Prototype matching theory suggests that instead of exact templates, the brain creates average prototypes based on shared features of related stimuli, allowing for more flexible recognition of novel objects. • Recognition-by-components (RBC) theory states that humans recognize objects by breaking them down into basic 3D geometric shapes called 'geons,' with fewer than 36 unique geons able to form virtually unlimited object combinations. • Pattern recognition enables essential human abilities including reading, language comprehension, facial recognition, and music appreciation through the encoding of both visual and auditory patterns.","Distributional semantics","Generation effect","Pattern recognition (psychology)","Neuropsychological assessment","3","Generation effect","204","Distributional semantics","138","Neuropsychological assessment","176","150"
"211","List of law clerks of the Supreme Court of the United States (Seat 3)","• Law clerks have assisted Supreme Court justices since 1882, when Justice Horace Gray hired the first one. • Each Supreme Court justice is permitted to have three or four law clerks per Court term. • Most law clerks are recent law school graduates who typically graduated at the top of their class. • Law clerks perform multiple functions including legal research to help justices decide which cases to accept, prepare memoranda, draft orders and opinions, and assist with questions for oral arguments. • Supreme Court seat 3 was established on September 24, 1789 by the 1st Congress through the Judiciary Act of 1789. • Justice Sonia Sotomayor currently occupies seat 3, which is the Court's third associate justice seat by order of precedence. • Retired justices may continue to employ law clerks who can provide additional assistance to active justices or help the retired justice when sitting by designation with lower courts.","Supreme Federal Court","United States Court of Federal Claims","Anti-pornography movement in the United States","List of law clerks of the Supreme Court of the United States (Seat 3)","4","United States Court of Federal Claims","219","Supreme Federal Court","241","Anti-pornography movement in the United States","133","25"
"212","Chemical substance","• A chemical substance is a unique form of matter with constant chemical composition and characteristic properties, which can exist as a single element or chemical compound. • Chemical substances can exist in different physical states (solids, liquids, gases, plasma) without changing their chemical composition, transitioning between phases based on temperature or pressure changes. • When two or more chemical substances combine without reacting, they form a chemical mixture; when separated to isolate one substance, the result can be chemically pure. • The concept of chemical substances was established in the late 18th century by chemist Joseph Proust, who formulated the law of constant composition stating that all samples of a compound have the same proportions of elements by mass. • Pure water (H2O) exemplifies a chemical substance with a constant 2:1 hydrogen-to-oxygen atomic ratio and characteristic properties like boiling near 100°C. • Some chemicals can combine or convert into new substances through chemical reactions, while inert chemicals do not possess this ability. • The definition varies across fields: in geology, uniform inorganic solids are minerals; in law, it may include mixtures with defined composition; in polymer chemistry, it encompasses mixtures of molecules with multiple molar masses. • Isomerism presented early challenges to researchers since isomers have identical composition but different atomic arrangements, leading to the crucial understanding of stereoisomerism and three-dimensional molecular structure.","String-searching algorithm","Hydrobromic acid","Bistriflimide","Chemical substance","4","Bistriflimide","143","String-searching algorithm","217","Hydrobromic acid","192","150"
"213","Federalist No. 74","• Federalist No. 74 was written by Alexander Hamilton as part of The Federalist Papers series • The essay was published on March 25, 1788, under the pseudonym 'Publius' • The paper's full title is 'The Command of the Military and Naval Forces, and the Pardoning Power of the Executive' • It is the 74th essay in The Federalist Papers and the 8th in a series of 11 essays specifically examining Executive branch powers and limitations • The essay's primary purpose is to justify two key presidential powers: commanding the militia and granting pardons • Hamilton uses this paper to defend the constitutional provisions giving the President military command authority • The essay also provides justification for the President's pardoning power as outlined in the proposed Constitution","1838–39 United States House of Representatives elections","Federalist No. 74","Great Seal of the United States","Constitution of Peru","2","1838–39 United States House of Representatives elections","180","Great Seal of the United States","207","Constitution of Peru","138","100"
"214","Quantum chemistry","• Quantum chemistry is a branch of physical chemistry that applies quantum mechanics to chemical systems, focusing on quantum-mechanical calculations of electronic contributions to molecular properties at the atomic level. • The field studies electronic ground states and excited states of atoms, molecules, and ions, allowing chemical reactions to be described in terms of pathways, intermediates, and transition states. • A central goal is developing computational solutions to the Schrödinger equation to understand electronic structure and molecular dynamics, though exact solutions exist only for the hydrogen atom. • The 1927 work of Walter Heitler and Fritz London on the diatomic hydrogen molecule is recognized as the first milestone in quantum chemistry history, representing the first quantum mechanical treatment of chemical bonding. • Linus Pauling's contributions in the 1930s and his 1939 textbook 'The Nature of the Chemical Bond' integrated early quantum chemistry work into valence bond theory and made the field accessible to chemists. • Various computational approaches are used including semi-empirical methods, density functional theory, Hartree-Fock calculations, quantum Monte Carlo methods, and coupled cluster methods. • Major challenges include increasing accuracy for small molecular systems and expanding computational capabilities to larger molecules, which is limited by scaling considerations where computation time increases as a power of the number of atoms. • Valence bond theory focuses on pairwise atomic interactions and correlates with classical chemical bond drawings, explaining how atomic orbitals combine to form chemical bonds through orbital hybridization and resonance.","Lactobacillaceae","X-ray notation","Nitrogen","Quantum chemistry","4","Nitrogen","108","X-ray notation","193","Lactobacillaceae","133","750"
"215","Alexander Agricola","• **Alexander Agricola (c. 1446 – 15 August 1506)** was a Netherlandish composer of the Renaissance who wrote in the Franco-Flemish style and was a prominent member of the Grande chapelle, the Habsburg musical establishment. • **Born Alexander Ackerman** as the illegitimate son of Lijsbette Naps, a wealthy merchant in Ghent, and likely received his musical training from the parish church of St Nicolas in Ghent. • **Served in major European courts** throughout his career, including positions in Italy, France, and the Low Countries, though he had a reputation for leaving posts without permission. • **Worked for Philip the Handsome** (Duke of Burgundy/King of Castile) from 1500 until his death, accompanying him on travels including two trips to Spain in 1501 and 1506. • **Achieved significant recognition** as one of Europe's most esteemed composers by 1500, with Petrucci publishing a collection of his masses in 1504 - an honor given to few composers at that time. • **His motet 'Si dedero'** survives in over thirty sources and was so influential that composers Jacob Obrecht and Divitis wrote masses based on it. • **Served as a transitional figure** between the Burgundian School and the Josquin generation, writing music in both the complex contrapuntal style of Johannes Ockeghem and the pervasive imitation style characteristic of Josquin des Prez. • **Died on 15 August 1506** while in service to Philip the Handsome's court in Spain, as confirmed by a 16th-century epitaph found in a Brussels manuscript.","Elizabeth Bruce","Alexander Agricola","Lafayette Monument","Vikings in Iberia","2","Lafayette Monument","159","Elizabeth Bruce","218","Vikings in Iberia","165","200"
"216","Magnetite","I notice there's a mismatch between your request and the content provided. You asked for key facts about **Magnetite** (a specific mineral), but the article content is about **Magnetism** (the general physical phenomenon). Based on the actual content provided about magnetism, here are the key facts: • Magnetism is a class of physical attributes that occur through magnetic fields, allowing objects to attract or repel each other, and is one of two aspects of electromagnetism alongside electricity. • Ferromagnetic materials (iron, cobalt, nickel, and their alloys) are strongly attracted by magnetic fields and can become permanent magnets, though they can also be demagnetized. • All substances exhibit some type of magnetism and are classified as ferromagnetic, paramagnetic (weakly attracted), diamagnetic (weakly repelled), or antiferromagnetic based on their magnetic susceptibility. • Magnetism was first discovered in ancient times when people observed that lodestones (naturally magnetized magnetite) could attract iron, with the word 'magnet' deriving from the Greek term for 'Magnesian stone.' • The Chinese developed the magnetic compass by the 11th-12th centuries, using lodestone carved into directional spoons for navigation, with the technology later spreading to Europe. • In 1600, William Gilbert published 'De Magnete,' concluding from experiments that Earth itself is magnetic, which explains why compasses point north. • The relationship between electricity and magnetism was discovered in 1819 by Hans Christian Ørsted, who observed that electric current could create a magnetic field. • Michael Faraday discovered in 1831 that a time-varying magnetic flux induces voltage through a wire loop, a fundamental principle of electromagnetic induction.","Magnetite","Tanzanite","Diabase","Coral calcium","1","Tanzanite","119","Diabase","180","Coral calcium","247","5"
"217","List of centaurs (small Solar System bodies)","• Centaurs are small Solar System bodies with orbits typically between Jupiter and Neptune (5 to 30 AU from the Sun) • Centaurs are minor planets that have characteristics of comets and are often classified as such • Centaurs originate from the Kuiper belt through Neptune's gravitational scattering, which sends objects inward to become centaurs or outward to become scattered-disc objects • Centaurs have unstable orbits with short lifetimes of only a few million years • Centaurs transition from inactive Kuiper belt objects to active Jupiter-family comets over their brief lifespans • As of April 2022, there are 928 known centaur objects catalogued • Centaurs are classified into different types: 52 grey centaurs, 32 red centaurs, 439 centaurs without color data, and 405 unlikely centaurs • The centaur population data is compiled from multiple astronomical databases including MPC's MPCORB, JPL-SBDB, and various survey classifications","List of centaurs (small Solar System bodies)","Pele (volcano)","Hesperian","Gliese 900","1","Hesperian","245","Gliese 900","162","Pele (volcano)","227","25"
"218","Oxyhydrogen","• Oxyhydrogen is a mixture of hydrogen (H2) and oxygen (O2) gases that was the first gaseous mixture used for welding and is used for torches to process refractory materials. • The theoretical optimal ratio is 2:1 hydrogen to oxygen, but in practice a 4:1 or 5:1 ratio is needed to avoid an oxidizing flame. • When ignited, oxyhydrogen reaches a maximum flame temperature of about 2,800°C (5,100°F) with a stoichiometric mixture, which is about 700°C hotter than a hydrogen flame in air. • Oxyhydrogen is explosive and can detonate when ignited, with autoignition occurring at about 570°C at normal atmospheric pressure. • The gas can be produced by water electrolysis, a process first demonstrated by William Nicholson in 1800, where electric current dissociates water molecules into hydrogen and oxygen. • Historical applications included the oxyhydrogen blowpipe for melting refractory materials like platinum and the limelight for illumination, though these have been largely replaced by electric alternatives. • The energy required to generate oxyhydrogen through electrolysis always exceeds the energy released by combusting it, making it impractical as a fuel source for vehicles. • Oxyhydrogen is associated with various pseudoscientific claims, including terms like 'Brown's gas' and 'HHO gas,' and debunked applications such as water-fueled cars that violate thermodynamic principles.","Oxyhydrogen","List of XML and HTML character entity references","Fire","Electrofuel","1","Electrofuel","150","Fire","241","List of XML and HTML character entity references","170","5"
"219","Allen Formation","• The Allen Formation is a geological formation in Argentina dating to the Late Cretaceous period (middle Campanian to early Maastrichtian, approximately 83-66 million years ago). • The formation's stratotype was defined in 1981 in the eastern area of the Bajo de Añelo, consisting mostly of clastic deposits interbedded with limestone banks and anhydrite layers. • The formation represents a hybrid coastal system of tidal flats dominated by Atlantic ingressions, with sedimentary environments ranging from continental (lacustrine, aeolian, fluvial) to shallow marine (estuaries, tidal flats, lagoons). • The formation preserves diverse dinosaur fossils including ankylosaurs, hadrosaurs, sauropods, and theropods, as well as dinosaur eggs from nesting sites. • Beyond dinosaurs, the Allen Formation contains fossils of pterosaurs, fish, turtles, frogs, mammals (known from seven teeth), plesiosaurs, and various plant remains. • Pollen studies from the middle member of the Allen Formation support a late Maastrichtian age for these particular layers. • The deposits formed under semiarid conditions with significant storm influence in some areas, ending with evaporite accumulation during a marine retraction phase. • The formation is part of a broader group of Late Cretaceous dinosaur-bearing rock formations in South America, including the La Colonia, Lecho, and Los Alamitos formations.","Allen Formation","Craterosaurus","Brachychampsa","Kryptops","1","Craterosaurus","232","Kryptops","153","Brachychampsa","243","150"
"220","List of Mount Everest records","• Tenzing Norgay and Sir Edmund Hillary were the first confirmed climbers to reach Mount Everest's summit, establishing the modern starting point for climbing records • Kami Rita Sherpa holds the record for most successful ascents with 24 summits by 2019, surpassing previous record holders Apa Sherpa and Phurba Tashi Sherpa who each reached the summit 21 times • The single busiest day for Everest summits was May 23, 2019, when 358 people reached the top, breaking the previous record of 179-234 summits on May 19, 2012 • Lhakpa Sherpa holds the women's record with 10 successful ascents as of May 2022, and was the first Nepali woman to reach the summit and safely descend • Many Mount Everest records are dominated by Nepali climbers, particularly those from the Sherpa region, with the U.K. leading non-Nepali nations with 481 summits as of 2011 • Junko Tabei was the first woman to reach Everest's summit, initially setting both the oldest and youngest female summiter records • The South side route was closed in 2014-2015 due to avalanche disruption in the Khumbu Icefall, forcing most climbers to use the North side route during those years • Elizabeth Hawley maintained comprehensive Everest climbing records from the 1960s until at least 2015, serving as the primary record keeper for the mountain","Willi Unsoeld","Description of the Medieval Warm Period and Little Ice Age in IPCC reports","List of Wainwrights","List of Mount Everest records","4","List of Wainwrights","139","Description of the Medieval Warm Period and Little Ice Age in IPCC reports","223","Willi Unsoeld","157","1"
"221","Orrery","• An orrery is a mechanical model of the Solar System that illustrates the relative positions and motions of planets and moons, typically using a clockwork mechanism with the Sun at the center and planets at the ends of rotating arms. • The term 'orrery' comes from a device created around 1712 by John Rowley and named after his patron Charles Boyle, 4th Earl of Orrery, though mechanical planetary models existed since ancient times. • The Antikythera mechanism (205-87 BC), discovered in a Greek shipwreck in 1901, is considered one of the first orreries and showed the motions of the Sun, Moon, and five known planets using a geocentric model. • Giovanni Dondi built the first known clock-driven planetary mechanism in 1348, displaying the positions of celestial bodies according to the geocentric Ptolemaic system. • The shift from geocentric to heliocentric models, initiated by Copernicus in 1543 and refined by Kepler and Newton, made orreries more feasible by simplifying planetary motions into circular and elliptical paths that could be represented with gears. • George Graham and Thomas Tompion created an influential orrery around 1710, with Graham giving the design to John Rowley, who made the famous copy for the Earl of Orrery that gave the device its English name. • Christiaan Huygens independently developed a heliocentric planetary machine between 1665-1681, calculating precise gear ratios to represent a 365.242-day year and planetary cycles. • Joseph Wright's famous painting 'A Philosopher giving a Lecture on the Orrery' (c. 1766) depicts the educational use of orreries and shows how they could demonstrate eclipses using ring structures.","NASA-ESA Mars Sample Return","Ordnance Survey National Grid","List of periodic comets","Orrery","4","NASA-ESA Mars Sample Return","117","List of periodic comets","136","Ordnance Survey National Grid","107","350"
"222","Ecosystem","• An ecosystem is a system formed by organisms interacting with their environment, where biotic (living) and abiotic (non-living) components are linked through nutrient cycles and energy flows. • Ecosystems are controlled by external factors (like climate) that determine structure but aren't influenced by the ecosystem, and internal factors (like decomposition, species types, competition) that both control and are controlled by ecosystem processes. • Ecosystems are dynamic systems with resistance (tendency to remain near equilibrium) and ecological resilience (capacity to absorb disturbance and reorganize while retaining essential function and structure). • The term 'ecosystem' was first coined in 1935 by British ecologist Arthur Tansley to emphasize the importance of material transfers between organisms and their environment. • Plants introduce energy through photosynthesis, animals move matter and energy by feeding, and decomposers break down dead organic matter to release carbon and facilitate nutrient cycling. • Ecosystems provide goods (tangible products like water, food, fuel) and services (improvements like air/water cleaning, pollination, oxygen maintenance) that humans depend upon. • Human impacts such as pollution, habitat fragmentation, invasive species, and fire suppression can degrade ecosystems, potentially leading to ecosystem collapse when defining features are lost. • Biomes are general categories of ecosystems, but there is no clear distinction between biomes and ecosystems in classification systems.","List of endemic fauna of Puerto Rico","Ecosystem","NatureServe conservation status","Geographical feature","2","List of endemic fauna of Puerto Rico","120","NatureServe conservation status","197","Geographical feature","161","0"
"223","Phoneme","I notice there's a mismatch between your request and the content provided. You asked for key facts about 'Phoneme' but the article is actually about 'Telephone.' I'll extract key facts from the telephone article that was provided: • A telephone is a telecommunications device that converts sound (typically human voice) into electronic signals for transmission to another telephone, which reproduces the sound for the receiving user • The term 'telephone' derives from Ancient Greek words meaning 'distant voice' (tēle = far, phōnē = voice) • Alexander Graham Bell received the first U.S. patent for an electric telephone in March 1876, though several inventors contributed to its development including Charles Bourseul, Antonio Meucci, and Johann Philipp Reis • Essential telephone components include a microphone (transmitter) to capture sound and an earphone (receiver) to reproduce sound, typically built into a handset • Early telephone systems used direct connections between customers, which were quickly replaced by manually operated switchboards that eventually evolved into the automated worldwide public switched telephone network (PSTN) • Handheld mobile phones were introduced in 1973, later evolving from analog to digital cellular systems and eventually into smartphones • Modern telephones exist in multiple forms (fixed-line, cellular, satellite, Internet-based) but are integrated into the PSTN, allowing any telephone to reach another through unique telephone numbers • Bell's key innovation was using fluctuating electrical currents rather than intermittent pulses, which produced better sound reproduction and became the basis for the working telephone","Olfactory system","Sounds (magazine)","Phoneme","Ideophone","3","Sounds (magazine)","118","Olfactory system","215","Ideophone","144","5"
"224","List of state leaders in the 1st century BC","• The 1st century BC (100-1 BC) saw the end of the Ptolemaic Kingdom in Egypt, with Cleopatra VII being the last pharaoh (51-30 BC) and her son Caesarion ruling until 30 BC • China was ruled by the Western Han dynasty throughout this period, with eight different emperors including Wu Emperor (141-87 BC) and ending with Ping Emperor (1 BC-5 AD) • The Korean Three Kingdoms period began during this century, with Goguryeo founded in 37 BC under King Dongmyeong, Baekje in 18 BC under King Onjo, and Silla in 57 BC under King Hyeokgeose • Many kingdoms in Western Asia operated as client states under Rome or Parthia, including Cappadocia, Commagene, and various kingdoms in the Caucasus region • The Indo-Greek kingdoms fragmented into multiple smaller territories during this period, with various kings ruling different regions like Paropamisade, Arachosia, Gandhara, and Punjab • In North Africa, Numidia and Mauretania were ruled by kings who eventually became Roman clients, with Juba II serving as a client king in both regions by the end of the century • The Kushite kingdom in Nubia was notable for having several female rulers called Kandakes who served as queens and regents, including Amanirenas (c.40-10 BC) • Political instability was common, with some regions like Sri Lanka's Anuradhapura Kingdom experiencing rapid succession of rulers, including several who ruled for less than a year in 47 BC","Pharaoh's daughter (Exodus)","Genetic history of Egypt","Ptolemy XIV Philopator","List of state leaders in the 1st century BC","4","Ptolemy XIV Philopator","103","Genetic history of Egypt","167","Pharaoh's daughter (Exodus)","237","25"
"225","Exercitatio Anatomica de Motu Cordis et Sanguinis in Animalibus","• **Exercitatio Anatomica de Motu Cordis et Sanguinis in Animalibus** (commonly called De Motu Cordis) was written by physician William Harvey and first published in 1628, establishing the circulation of blood throughout the body. • **The work is a landmark in physiology history** because Harvey combined observations, experiments, measurements, and hypotheses to arrive at his doctrine, making it a model of scientific methodology. • **Harvey described 'double circulation'** where blood is pumped around the body in a closed system - returning to the heart, then recirculating to the lungs and back to the heart before returning to main circulation. • **Harvey approached the heart mechanistically**, viewing it as a pump rather than a mystical seat of spirit, and calculated that the heart pumps about 540 pounds of blood per hour (2 ounces per beat at 72 beats per minute). • **The work had immediate influence on Harvey's contemporaries**, with Thomas Hobbes noting that Harvey was the only modern author whose doctrines were taught during his own lifetime. • **Harvey built upon earlier discoveries**, including Ibn Al-Nafis's 13th-century work on pulmonary circulation and Hieronymus Fabricius's 1603 description of one-way valves in veins. • **One gap remained in Harvey's theory** - he could not observe capillary circulation, which was later discovered by Marcello Malpighi in 1660 (three years after Harvey's death) when he observed blood moving through capillaries in a frog's lung. • **Harvey developed his theory over many years**, studying at Padua from 1597-1602, lecturing on blood circulation by 1616, and finally publishing his complete work in 1628.","Respiratory rate","Animal product","Hibernating myocardium","Exercitatio Anatomica de Motu Cordis et Sanguinis in Animalibus","4","Hibernating myocardium","190","Animal product","168","Respiratory rate","201","350"
"226","Heme","I notice there's a discrepancy in your request. You asked for key facts about 'Heme' but the article content is actually about 'Meme' (the cultural concept). I'll extract key facts from the provided article about memes: • A meme is an idea, behavior, or style that spreads through imitation from person to person within a culture, acting as a unit for carrying cultural ideas, symbols, or practices. • The term 'meme' was coined by British evolutionary biologist Richard Dawkins in his 1976 book 'The Selfish Gene' as a cultural analogue to genes. • Memes are theorized to evolve through processes similar to biological evolution, including variation, mutation, competition, and inheritance, with successful memes surviving and spreading while others become extinct. • The word 'meme' is derived from the Greek word 'mimema' meaning 'imitated thing' and was shortened to parallel the word 'gene.' • In popular usage, 'meme' often refers to Internet memes - images, videos, or content that are remixed, copied, and shared online as part of digital culture. • Memetics emerged as a field of study in the 1990s to examine meme transmission using evolutionary models, though it faces criticism regarding empirical study methods. • Dawkins cited geneticist L. L. Cavalli-Sforza, anthropologist F. T. Cloak, and ethologist J. M. Cullen as inspirations for developing meme theory. • Examples of memes include melodies, catchphrases, fashion trends, and technologies like arch-building techniques.","CIECAM02","Biomolecular structure","Heme","Nutrition","3","Biomolecular structure","182","Nutrition","157","CIECAM02","188","350"
"227","Document-oriented database","• Document-oriented databases are a main category of NoSQL databases designed for storing, retrieving, and managing semi-structured data in document format. • They are conceptually an extension of key-value stores, but unlike key-value stores that treat data as opaque, document databases exploit the internal structure of documents to optimize storage and queries. • Document databases store all information for a given object in a single document with potentially unique structures, eliminating the need for object-relational mapping unlike traditional relational databases that split objects across multiple tables. • Documents are encoded in standardized formats such as XML, YAML, JSON, or binary representations like BSON, and do not require adherence to a fixed schema within the same collection. • Each document is addressed via a unique identifier (string, URI, or path) that enables key-based retrieval, with most implementations maintaining an index on the key for optimization. • Document databases support standard CRUD operations: Create (add new documents), Read (retrieve documents/fields), Update (modify existing documents), and Delete (remove documents). • They provide APIs or query languages for content-based retrieval beyond simple key lookups, allowing queries based on document content or metadata rather than treating data as 'black-box' information. • Documents can be organized using various methods including collections (groups of documents), tags and metadata, and directory hierarchies with tree-like structures.","Typhoon Surigae","Tornado outbreak of May 6–10, 2024","Decipherment of rongorongo","Document-oriented database","4","Tornado outbreak of May 6–10, 2024","121","Typhoon Surigae","229","Decipherment of rongorongo","144","350"
"228","Cherokee in the American Civil War","• The Cherokee Nation was deeply divided during the Civil War, with Chief John Ross initially advocating neutrality while factions like the Gold Cloak Society (slave owners) supported the Confederacy and the Keetoowah Society opposed Confederate alignment. • Cherokee forces fought on both sides, with Confederate Cherokee Stand Watie leading Native forces in Indian Territory (Oklahoma) and William Holland Thomas commanding Cherokee units in the Appalachian passes of North Carolina and Tennessee. • The Cherokee's alignment with the Confederacy was influenced by their resentment toward the federal government over the Trail of Tears, their adoption of Southern customs including slavery, and opposition to Lincoln's potential opening of Indian Territory to white settlement. • Stand Watie became the last Confederate general to surrender, officially ending fighting on June 25, 1865, at Fort Towson in Indian Territory. • The Confederate States established a Bureau of Indian Affairs with Albert Pike as Commissioner, who negotiated treaties with multiple tribes including the Cherokee by October 1861. • Approximately 3,000 out of 21,000 Cherokee Nation members served as Confederate soldiers, organized into numerous mounted rifle regiments, cavalry units, and artillery battalions. • Cherokee forces participated in major Civil War battles including Wilson's Creek, Pea Ridge, Prairie Grove, and Honey Springs, as well as numerous smaller engagements throughout the Trans-Mississippi Theater. • The division within Cherokee society largely followed class lines, with 'full-blooded' Cherokee (lower class, anti-slavery) supporting Ross and 'mixed-blooded' Cherokee (aristocratic, slaveholding) supporting Stand Watie.","Battle of Gettysburg, first day","Cherokee in the American Civil War","Ironclad Oath","Confederate Memorial Hall Museum","2","Ironclad Oath","160","Battle of Gettysburg, first day","115","Confederate Memorial Hall Museum","130","25"
"229","2014 Mount Everest ice avalanche","• On April 18, 2014, an ice avalanche in the Khumbu Icefall on Mount Everest killed 16 climbing Sherpas, making it the second-deadliest disaster in Everest's history at that time. • The avalanche was caused by a massive serac (ice block) breaking off from Mount Everest's western shoulder, estimated to be 34.5 meters thick with a mass of 14,300 tonnes. • The victims were fixing ropes and preparing the South Col route for paying climbers when the avalanche struck at approximately 6:45 AM local time at an elevation of 5,800 meters. • Only 13 of the 16 bodies were recovered within 48 hours before search operations were suspended due to extreme danger; three victims remain buried under 80-100 meters of snow and ice. • The Nepalese government's compensation offer of only $400 per victim (covering funeral costs) angered the Sherpa community, who demanded $10,000 compensation per family. • In protest of inadequate compensation and as a mark of respect for the victims, Sherpas announced they would not work on Everest for the remainder of the 2014 climbing season. • The accident occurred in the same dangerous Khumbu Icefall where the 1970 Mount Everest disaster had previously taken place, in an area known as 'the Golden Gate' or 'Popcorn Field.' • Five of the victims were working for Discovery Channel, preparing for a planned BASE jumping special, demonstrating the commercial nature of many Everest operations.","Elevation","List of tallest mountains in the Solar System","2014 Mount Everest ice avalanche","Highest unclimbed mountain","3","Elevation","195","Highest unclimbed mountain","186","List of tallest mountains in the Solar System","242","10"
"230","Stolokrosuchus","• Stolokrosuchus is an extinct crocodyliform from the Early Cretaceous Elrhaz Formation in Niger, known primarily from a nearly complete skull specimen. • The animal had a narrow, highly elongated, and tubular snout similar to modern gharials, suggesting it was adapted for catching fish and other agile aquatic prey. • Its taxonomic classification remains debated, with different studies placing it in various families including Peirosauridae, Mahajangasuchidae, or Itasuchidae, though most agree it was likely a notosuchian. • The genus was first described in 2000 by Hans Larsson and Boubacar Gado based on holotype specimen MNN GDF600 from the GAD 5 site. • The name 'Stolokrosuchus' derives from the Greek African word 'stolokros' (referring to undeveloped goat horns) combined with 'suchus,' referencing small protuberances on the animal's prefrontal bones. • The species name 'lapparenti' honors French paleontologist Albert-Félix de Lapparent for his work on Cretaceous vertebrates from West Africa. • Stolokrosuchus is thought to have been semi-aquatic like modern crocodiles and lived in the waterways of the ancient Paleo-Tegama River System. • The type and only known species is S. lapparenti, with additional isolated teeth from the same formation also assigned to this genus.","Petrolacosaurus","Proterosuchidae","Stolokrosuchus","Parvancorina","3","Petrolacosaurus","100","Proterosuchidae","190","Parvancorina","161","250"
"231","Maxwell's equations in curved spacetime","• Maxwell's equations in curved spacetime govern electromagnetic field dynamics where the metric deviates from flat Minkowski spacetime or when using arbitrary coordinate systems. • These equations represent a generalization of vacuum Maxwell's equations, with flat spacetime formulations being convenient approximations since electromagnetic fields induce spacetime curvature according to general relativity. • The electromagnetic field has a coordinate-independent geometric description, meaning Maxwell's equations expressed in geometric terms remain the same in any spacetime, whether curved or flat. • In curved spacetime, the metric tensor g_αβ is no longer constant but varies in space and time, unlike the constant Minkowski metric η_αβ used in flat spacetime. • The same mathematical modifications apply both to curved spacetime and to flat spacetime when using non-rectilinear coordinates (such as spherical coordinates). • Maxwell's equations can be formulated as either 'macroscopic' (distinguishing between free and bound charges when bulk matter is present) or 'microscopic' (without this distinction). • The formulation includes a modified displacement field D^μν that incorporates the metric tensor and the square root of its determinant (√-g), accounting for the curved geometry. • Maxwell's equations in flat Minkowski space can be viewed as a special case of the more general curved spacetime formulation.","Maxwell's equations in curved spacetime","Non-inertial reference frame","List of space groups","Specific energy","1","List of space groups","157","Specific energy","100","Non-inertial reference frame","105","100"
"232","Geography of Himachal Pradesh","• Himachal Pradesh covers an area of 55,673 km² (21,495 sq mi) and is bordered by six regions including Jammu and Kashmir, Punjab, Haryana, Uttarakhand, Uttar Pradesh, and Tibet Autonomous Region of China. • The state lies entirely within the mountainous Himalaya region and encompasses both the Indus and Ganges river basins, with four major tributaries of the Indus River (Chenab, Ravi, Beas, and Sutlej) flowing through it. • Elevation ranges dramatically from 465 m (1,526 ft) to over 7,000 m (23,000 ft) above sea level, with Reo Purgyil being the highest peak at 6,816 m. • The state has low urbanization with only 7.5% of the population living in urban areas across 49 cities and towns, while most residents live in rural areas. • Forest coverage is 27.72% of the state's area (15,433 sq km), which exceeds the national average and includes diverse ecosystems from thorn scrub forests at low elevations to alpine shrub and meadows above 3,000 m. • The state contains five national parks, including the Great Himalayan National Park which is designated as a UNESCO World Heritage Site. • Four distinct physiographic divisions exist from south to north: the outer Himalayas (Shivaliks), lesser Himalayas, Great Himalayas, and Zanskar range, each with increasing elevation and distinct geological characteristics. • The region experiences a noticeable increase in elevation from west to east and from south to north, creating diverse climatic zones and ecosystems across the state.","List of birds of India","Bhirrana","Kargil","Geography of Himachal Pradesh","4","Bhirrana","193","List of birds of India","231","Kargil","140","150"
"233","Technological and industrial history of the United States","• The United States became one of the world's most technologically advanced nations in the 19th and 20th centuries due to factors including available land, literate labor, absence of aristocracy, entrepreneurial prestige, and abundant natural resources. • The U.S. has been the birthplace of 161 of Encyclopædia Britannica's 321 Greatest Inventions, including the airplane, internet, microchip, laser, cellphone, refrigerator, personal computer, and assembly line. • The Embargo Act of 1807 and War of 1812 cut off British industrial goods, forcing American entrepreneurs to open factories in the Northeast and spurring domestic industrialization modeled on British innovations. • Samuel Slater emigrated from Britain to New England in 1789 and provided crucial technological knowledge for building America's textile industry, becoming a key figure in early industrialization. • The U.S. Constitution incorporated patent rights in Article I, Section 8, authorizing Congress to protect inventors' exclusive rights to promote scientific and technological progress. • The period between the late 19th and early 20th centuries saw the greatest economic and technological progress, transforming America from an agricultural economy to the world's foremost industrial power with over one-third of global industrial output. • Industrial production increased dramatically from an index of 4.29 in 1790 to 1,975.00 in 1913 (base year 1850 = 100), representing a 460-fold increase. • Higher U.S. wages compared to Europe, due to relative worker scarcity, provided strong incentives for mechanization and technological innovation in manufacturing processes.","Technological and industrial history of the United States","Jevons paradox","List of monarchs of Wessex","ImageNet","1","ImageNet","235","Jevons paradox","228","List of monarchs of Wessex","169","10"
"234","NASA Exoplanet Archive","• The NASA Exoplanet Archive is an online astronomical catalog and data service that collects and serves public data supporting the search for and characterization of exoplanets and their host stars. • The archive is operated by the Infrared Processing and Analysis Center at Caltech in Pasadena, CA, funded by NASA, and launched in December 2011 as part of NASA's Exoplanet Exploration Program. • As of March 19, 2026, the archive contains 6,150 confirmed exoplanets discovered through all detection methods (radial velocity, transits, microlensing, imaging, astrometry, etc.) with masses up to 30 Jupiter masses. • The archive serves as the U.S. data portal for major space missions including Kepler and CoRoT, and contains data from ground-based surveys like SuperWASP, HATNet, XO, and KELT. • The database provides access to over 22 million light curves from space and ground-based exoplanet transit survey programs. • The archive offers specialized tools including interactive visualizers for planet parameters, a Kepler Light Curve Viewer, periodogram services, transit calculations, and an API for programmatic access. • All data in the archive are vetted by a team of astronomers with original literature references provided, and the website receives over 130,000 visits per month according to web analytics.","Names of the days of the week","NASA Exoplanet Archive","Mercury in fiction","Lunar theory","2","Names of the days of the week","115","Mercury in fiction","222","Lunar theory","202","150"
"235","Gaia BH1","• Gaia BH1 is a binary system located approximately 1,560 light-years away in the constellation Ophiuchus, consisting of a G-type main-sequence star and a stellar-mass black hole. • As of 2026, it is the nearest known system that astronomers are reasonably confident contains a black hole. • The system has an orbital period of 185.387 days with an eccentricity of 0.4323, meaning the orbits are moderately elliptical rather than circular. • The G-type star is Sun-like with about 0.93 solar masses, 0.99 solar radii, and a temperature of approximately 5,850 K. • The black hole has a mass of about 9.62 solar masses, giving it a Schwarzschild radius of approximately 28 kilometers. • Gaia BH1 was discovered in 2022 using astrometric observations from the Gaia space telescope combined with radial velocity measurements. • The discovery team determined that no other astrophysical scenario could explain the observed motion of the G-type star except the presence of a black hole. • Unlike previous 'black hole impostor' discoveries, the evidence for this black hole does not depend on uncertain parameters like stellar mass or orbital inclination, and shows no signs of mass transfer between the components.","Seyfert galaxy","Cauchy horizon","Gaia BH1","List of topics characterized as pseudoscience","3","Seyfert galaxy","239","Cauchy horizon","190","List of topics characterized as pseudoscience","167","50"
"236","Nuclear energy","• Nuclear power uses nuclear reactions to produce electricity, primarily through nuclear fission of uranium and plutonium, while fusion reactors have not yet achieved commercial viability. • The first nuclear power plant was built in the 1950s, with global capacity growing from 100 GW in the late 1970s to 300 GW by 1990. • As of November 2025, there are 416 civilian fission reactors worldwide with 376 GW capacity, plus 63 under construction and 87 planned. • Nuclear power supplied 2,602 TWh of electricity in 2023, representing about 9% of global electricity generation and serving as the second largest low-carbon power source after hydroelectricity. • The United States operates the largest nuclear fleet, generating almost 800 TWh annually with a 92% capacity factor, while the global average capacity factor is 89%. • Nuclear power has one of the lowest fatality rates per unit of energy generated and produces no greenhouse gases during operation, with lower life-cycle carbon emissions than many renewable sources. • Major nuclear accidents including Three Mile Island (1979), Chernobyl (1986), and Fukushima (2011) have led to increased regulation and public opposition to nuclear power. • Nuclear fission was discovered in 1938, with the first human-made reactor (Chicago Pile-1) achieving criticality in 1942 as part of the Manhattan Project during World War II. • The world's first nuclear power plant to generate electricity for a power grid was the Obninsk Nuclear Power Plant in the USSR in 1954, producing around 5 megawatts.","Fusion power","Uranium dioxide","Takahama Nuclear Power Plant","Nuclear energy","4","Fusion power","125","Takahama Nuclear Power Plant","234","Uranium dioxide","216","0"
"237","Select (SQL)","• The SQL SELECT statement is the most commonly used data manipulation language (DML) command that returns a result set of rows from one or more database tables or views. • SELECT is a declarative programming language feature where queries specify the desired result set but not how to calculate it - the database's query optimizer determines the best execution plan. • Standard SELECT statements have no persistent effects on the database, though some non-standard implementations like SELECT INTO can have persistent effects. • SELECT supports multiple optional clauses including FROM (specifies tables), WHERE (filters rows), GROUP BY (groups rows for aggregation), HAVING (filters groups), and ORDER BY (sorts results). • The SELECT list can include specific columns, SQL expressions, or an asterisk (*) to return all columns from queried tables, with optional AS aliases for renaming. • Queries can be nested as subqueries, where results from one query are used in another via relational operators or aggregation functions, including correlated subqueries that use values from outer queries. • The SQL standard since 1999 allows WITH clauses for common table expressions (CTEs), which are named subqueries that can be recursive for tree/graph traversals and fixpoint computations. • SELECT supports joining multiple tables, aggregation functions, the DISTINCT keyword for eliminating duplicates, and complex expressions for calculating values on stored data.","Collection (museum)","Chart","Empirical formula","Select (SQL)","4","Empirical formula","192","Chart","241","Collection (museum)","173","250"
"238","Azeotrope tables","• Azeotrope tables contain data for binary and ternary mixtures of solvents, including mixture composition by weight, boiling points of components and mixtures, and specific gravity. • In binary azeotrope data, when only one fraction is given, it represents the fraction of the second component in the mixture. • All boiling points are reported at standard atmospheric pressure (760 mm Hg) unless specifically noted otherwise. • For mixtures that separate into distinct layers, separate values are provided for upper (U) and lower (L) layers. • The data sources are primarily Lange's 10th edition and CRC Handbook of Chemistry and Physics 44th edition. • A comprehensive database of 15,825 binary and ternary mixtures has been compiled and published by the American Chemical Society. • An online azeotrope databank is accessible through the University of Edinburgh for research purposes. • Ternary azeotropes include special types such as 'saddle azeotropes,' which represent a specific thermodynamic behavior in three-component systems.","Carbon-based life","Nuclear magnetic moment","Allotropes of phosphorus","Azeotrope tables","4","Nuclear magnetic moment","150","Carbon-based life","198","Allotropes of phosphorus","223","200"
"239","List of Arecaceae genera","• The palm family (Arecaceae) contains 181 recognized genera as of 2016, according to the revised Baker & Dransfield classification that updated the 2008 Genera Palmarum listing. • The family is organized into five major subfamilies: Calamoideae, Nypoideae, Coryphoideae, Ceroxyloideae, and Arecoideae, which are further divided into tribes and subtribes. • Several genera have been reclassified since 2008, with six new genera added (including Lanonia, Saribus, and four monotypic genera) and nine obsolete genera removed or merged with others. • Many genera are monotypic (containing only one species), including Eugeissona, Lepidocaryum, Eleiodoxa, Schippia, Zombia, Chamaerops, and numerous others across all subfamilies. • Palm genera show distinct geographic distributions, with some concentrated in specific regions like Malesia and Indochina (Southeast Asia), the Caribbean, northern South America, Madagascar, and Africa. • The largest subfamily appears to be Coryphoideae, which includes major tribes like Trachycarpeae, Borasseae, and Caryoteae, containing well-known genera such as Phoenix (date palms), Livistona, and Caryota. • Subfamily Calamoideae includes many climbing palms, particularly the large genus Calamus, which has absorbed several formerly separate genera like Daemonorops and Ceratolobus. • The classification reflects evolutionary relationships through phylogenetic analysis, organizing palm diversity into natural groupings based on genetic and morphological similarities.","List of Arecaceae genera","Møller scattering","Oocystis","Spectrophotometry","1","Spectrophotometry","212","Møller scattering","198","Oocystis","186","150"
"240","Binomial theorem","• The binomial theorem describes the algebraic expansion of powers of a binomial (x + y)^n into a polynomial with specific terms and coefficients. • Each term in the expansion has the form ax^k*y^m, where k and m are nonnegative integers that satisfy k + m = n. • The coefficient 'a' in each term is called a binomial coefficient, denoted as (n choose k) or (n choose m), and these coefficients are specific positive integers. • Binomial coefficients can be arranged to form Pascal's triangle, a triangular array of numbers with important mathematical properties. • The binomial coefficient (n choose k) represents the number of different combinations (subsets) of k elements that can be chosen from an n-element set. • The notation (n choose k) is typically pronounced as 'n choose k' due to its combinatorial interpretation. • The theorem applies to any nonnegative integer power n of a binomial expression. • The expansion always results in exactly (n + 1) terms, starting with x^n*y^0 and ending with x^0*y^n.","Binomial theorem","Geometric hashing","List of World Heritage Sites by year of inscription","Recto and verso","1","List of World Heritage Sites by year of inscription","132","Geometric hashing","181","Recto and verso","118","200"
"241","List of governors of Bengal Presidency","• In 1644, Gabriel Boughton secured privileges for the East India Company to build a factory at Hughli, marking the beginning of British administrative presence in Bengal. • The Treaty of Allahabad in 1765 granted the East India Company the diwani (revenue collection rights) of Bengal Subah, significantly expanding British control over the region. • Warren Hastings was appointed as the first Governor-General of Fort William in Bengal in 1772, ending the separate title of Governor of Bengal. • From 1833 to 1854, the Governor-General of India simultaneously held the office of Governor of Bengal presidency under the Saint Helena Act 1833. • F. J. Halliday became the first Lieutenant Governor of Bengal presidency in 1854, when the positions were separated by parliamentary act. • At the Delhi Durbar on December 12, 1911, King George V announced the transfer of India's capital from Calcutta to Delhi and the administrative reorganization of Bengal. • Thomas Gibson-Carmichael was appointed as Governor of Bengal on March 21, 1912, following the territorial reorganization that created separate provinces of Bengal, Bihar and Orissa, and Assam. • After India's independence in 1947, C. Rajagopalachari became the first Governor of the newly formed West Bengal state following partition. • When India's constitution took effect on January 26, 1950, the office of Governor of West Bengal became a ceremonial position.","Woodford (UK Parliament constituency)","List of governors of Bengal Presidency","Maha Chakkraphat","Socialism in India","2","Socialism in India","213","Maha Chakkraphat","172","Woodford (UK Parliament constituency)","214","500"
"242","Historical models of the Solar System","• The earliest Solar System models appeared in prehistoric times through cave markings, drawings, and astronomical symbols, later evolving into written records and books. • The Nebra Sky Disc (c. 1600 BCE) from Germany is one of the earliest known astronomical artifacts, featuring bronze symbols representing the Sun/moon, lunar crescent, and star clusters including the Pleiades. • Ancient civilizations including Hebrews and Babylonians believed in a solid dome sky model, with Babylonians using systematic observations of celestial patterns to predict eclipses and create the first lunar calendars. • Chinese astronomy developed three major theories: Gaitian (dome-like heaven), Huntian (Earth floating in water contained by heaven), and Xuanye (celestial bodies as dense vapor floating freely in space). • Greek astronomers from 600 BCE onward began applying geometric principles to explain planetary motions, with early thinkers like Thales predicting eclipses and Anaxagoras correctly explaining that moonlight reflects sunlight. • Anaximander (560 BCE) created the first mechanical model of the world, proposing Earth as a cylinder floating in space surrounded by concentric wheels of fire with holes that appeared as the Sun, Moon, and stars. • Historical Solar System models typically built upon previous theories, representing a gradual scientific progression from geocentric to heliocentric understanding through systematic observation and mathematical analysis.","Historical models of the Solar System","Ice giant","Venus","Exploration of Neptune","1","Ice giant","179","Exploration of Neptune","220","Venus","149","5"
"243","Sound","• A song is a musical composition performed by the human voice that carries melody using patterns of sound and silence, typically structured in repeated sections with variations. • Songs can be categorized into different types: art songs (classical compositions often with piano accompaniment), folk songs (simple style learned informally by ear), and popular songs (composed for mass market by professional songwriters). • A cappella refers to songs performed without instrumental accompaniment, while songs can also be accompanied by various instruments from solo piano to full orchestras depending on the genre. • Lyrics are written words created specifically for music, while chants are songs sung on repeated pitches without distinct melodic contours and patterns. • Art songs require strong vocal technique and understanding of poetry, often featuring sophisticated accompaniments that complement or contrast with the vocal melody. • Folk songs are typically of anonymous origin, transmitted orally, and frequently represent major aspects of national or cultural identity across almost every culture. • Songs can be performed by solo singers, duets, trios, or larger ensembles, though the term generally excludes large classical vocal forms like opera and oratorio. • Performance contexts for songs include studio recordings, live performances, theatre, films, and TV shows, with singers learning music either by ear or through written sheet music.","Crwth","Soundboard (music)","Sound","Acoustic transmission line","3","Soundboard (music)","228","Crwth","195","Acoustic transmission line","160","0"
"244","Relational model","• The relational model was first described in 1969 by English computer scientist Edgar F. Codd as an approach to managing data using structures consistent with first-order predicate logic, where all data are represented as tuples grouped into relations. • The model provides a declarative method for specifying data and queries, allowing users to state what information they want without needing to describe the underlying data structures or retrieval procedures. • Most relational databases use SQL as their query language, though SQL implementations are considered engineering approximations that deviate from Codd's original relational model principles in various ways. • A relation consists of a heading (defining attributes with names and data types) and a body (a set of tuples), where each tuple contains values corresponding to the relation's attributes. • Every relation must have at least one candidate key - the smallest subset of attributes that uniquely identifies each tuple, ensuring no duplicate rows exist in a relation. • Foreign keys establish relationships between tables by requiring that values in one relation's foreign key attributes must correspond to existing key values in another relation. • The model supports various relational operations including join (combining tables), project (selecting columns), restrict (filtering rows), union, difference, and intersection to manipulate and query data. • Codd later extended the model to handle missing information, first proposing a three-valued logic system (True, False, NULL) and later a four-valued logic system in 1990.","List of public elementary schools in New York City","Telephone numbers in Slovakia","Relational model","Setext","3","Telephone numbers in Slovakia","157","Setext","201","List of public elementary schools in New York City","242","100"
"245","1973 French legislative election","• Legislative elections were held in France on March 4 and 11, 1973, to elect the fifth National Assembly of the Fifth Republic. • President Georges Pompidou replaced Prime Minister Jacques Chaban-Delmas with Pierre Messmer in 1972, shifting from reform-oriented policies to a more conservative Gaullist approach. • The Socialist Party (PS) was formed to replace the SFIO, with François Mitterrand taking leadership and proposing an alliance with the French Communist Party (PCF). • Communists and Socialists signed the 'Programme commun' (Common Programme) as their joint platform for the legislative elections, advocating for nationalization of banks and monopolistic companies. • The Radical Party split over the Common Programme, with the left-wing minority forming the Movement of the Radical-Socialist Left (MGRS) and the majority creating the Reforming Movement with center-right elements. • The Presidential Majority (Gaullists and allies) won the election despite the left gaining more votes and seats compared to previous elections. • The Gaullist UDR party lost one-third of its parliamentary seats due to left-wing growth and electoral agreements with allied parties (Independent Republicans and Centre, Democracy and Progress). • Pierre Messmer was confirmed as Prime Minister following the election victory of the Presidential Majority.","Napoleon and the Jews","1973 French legislative election","List of nobles and magnates of France in the 13th century","Battle of the Black Mountain","2","List of nobles and magnates of France in the 13th century","114","Battle of the Black Mountain","175","Napoleon and the Jews","191","500"
"246","Sonic weapon","• Sonic and ultrasonic weapons are directed-energy weapons that use sound to injure or incapacitate opponents, with military and police forces making limited use of them as of 2025. • Extremely high-power sound waves can disrupt eardrums and cause severe pain or disorientation, while less powerful waves can cause nausea or discomfort sufficient to incapacitate targets. • Long-Range Acoustic Devices (LRADs) produce a 30-degree cone of audible sound and have been used for crowd control, anti-piracy operations (like the 2005 Seabourn Spirit incident), and border security by various authorities. • The Mosquito device emits ultra-high frequency sounds (19-20 kHz) that primarily affect people under 20 years old, exploiting age-related hearing differences to deter teenagers from specific areas. • Police forces have deployed sound cannons against protesters at major events including the 2009 G20 Pittsburgh summit, 2014 Ferguson unrest, and 2016 Dakota Access Pipeline protests. • Research shows that high-intensity ultrasound exposure can cause serious biological damage, including lung and intestinal damage in mice, with damage thresholds occurring around 184 dB and increasing rapidly with intensity. • Controversial incidents include alleged 'sonic attacks' at the US embassy in Cuba (2016-2017) causing 'Havana syndrome,' though recent theories suggest microwave energy or psychological factors as alternative explanations. • The 2026 US intervention in Venezuela reportedly involved sonic weapons, with President Trump making indirect admissions about using secret acoustic technologies including a device he called a 'discombobulator.'","WaveNet","String vibration","Sonic weapon","Environmental Audio Extensions","3","String vibration","169","Environmental Audio Extensions","149","WaveNet","128","350"
"247","List of years in science","• This Wikipedia article serves as a comprehensive index covering scientific and technological events from the 1st century through the year 2099. • The chronological organization spans nearly 2,000 years of scientific history, from ancient times to projected future years. • The pre-1500 period is organized by centuries (1st through 15th centuries), while later periods are organized by individual years grouped into decades. • The article provides systematic coverage of six major time periods: Before 1500s, 1500s, 1600s, 1700s, 1800s, 1900s, and 2000s. • Each numbered year listed serves as a link to detailed information about specific scientific events, discoveries, and technological developments that occurred in that year. • The article includes future years up to 2099, suggesting it may contain projected or planned scientific milestones and events. • Related reference materials are provided through cross-links to timelines of scientific discoveries, sociology, and lists covering literature and philosophy by year.","Nefer","Jellabiya","Suez Canal","List of years in science","4","Nefer","230","Jellabiya","202","Suez Canal","228","50"
"248","Cognitive models of information retrieval","• Cognitive models of information retrieval combine cognitive science, human-computer interaction, information retrieval, and library science to understand how people's mental models relate to information organization in systems. • 'Berrypicking,' a model developed by Marcia Bates at UCLA, describes how users search for information in an evolving, non-linear way rather than through simple linear query-document matching. • In berrypicking, users constantly modify their search terms based on results they receive, creating a feedback loop that changes their cognitive model of the information being sought. • Information retrieval often occurs 'bit by bit' through activities like following footnotes, scanning journal articles, or exploring related sources, with search goals evolving throughout the process. • Exploratory search focuses on how people iteratively refine their search activities when interacting with systems like the WWW, particularly when dealing with ill-defined search goals. • Traditional search engines were designed based on library science theories for retrieving basic facts, but exploratory information retrieval involves more complex cognitive activity and evolving relevance criteria. • Natural language searching represents a major goal in the field, aiming to allow users to make complex, conversational queries rather than using keyword-based searches. • The ultimate objective is to program information retrieval systems that can respond to natural language searches by better understanding how people structure queries and think about information needs.","Big cat","List of hornbills","Setext","Cognitive models of information retrieval","4","Big cat","104","List of hornbills","161","Setext","152","50"
"249","List of Latin words with English derivatives","Based on the provided Wikipedia article content, here are the key facts: • This is a list documenting Latin words that have derivatives in the English language, showing the etymological connections between Latin and English. • Ancient Latin orthography did not distinguish between the letters i/j or u/v, unlike modern writing systems. • Many modern works make the distinction between u and v but not between i and j when presenting Latin text. • The article shows both i/j and u/v distinctions because they are helpful for tracing the origins of English words. • For Latin nouns, the citation form shown in dictionaries is typically the nominative singular, but this form usually does not show the root from which English derivatives are formed. • The article is organized into sections covering different parts of speech: nouns and adjectives, verbs, and prepositions/compound-forming words. • Multiple online resources and tools are referenced for further Latin word study, including Perseus search engines and etymology dictionaries.","List of compositions by George Frideric Handel","The Incredulity of Saint Thomas (Caravaggio)","List of Latin words with English derivatives","Martial arts manual","3","List of compositions by George Frideric Handel","135","The Incredulity of Saint Thomas (Caravaggio)","185","Martial arts manual","221","500"
