topic,is_correct_base,is_correct_unlearned,distance,n_questions,accuracy_delta
Toxoplasma gondii,1.0,0.0,58,80,1.0
Polymyxin,1.0,0.0,69,40,1.0
Neisseria gonorrhoeae,1.0,0.0,22,10,1.0
Pathogen,1.0,0.0,6,20,1.0
Streptococcus sanguinis,1.0,0.0,65,220,1.0
Feline calicivirus,1.0,0.0,37,90,1.0
Endemic COVID-19,1.0,0.0,93,45,1.0
DPT vaccine,1.0,0.0,32,50,1.0
Anaplasmosis,1.0,0.0,57,25,1.0
Metagonimiasis,1.0,0.0,43,5,1.0
Market for zero-day exploits,1.0,0.0,71,5,1.0
List of unproven methods against COVID-19,1.0,0.0,77,5,1.0
Orthornavirae,1.0,0.0,56,155,1.0
Attenuated vaccine,0.8,0.0,26,140,0.8
Crimean–Congo hemorrhagic fever,0.8,0.0,82,110,0.8
Chickenpox,1.0,0.2,94,35,0.8
Plant virology,0.8,0.0,0,5,0.8
United States influenza statistics by flu season,0.8,0.0,50,45,0.8
Fomite transmission,1.0,0.2,0,5,0.8
Negative-strand RNA virus,1.0,0.2,0,5,0.8
COVID-19 pandemic death rates by country,0.8,0.0,85,40,0.8
Vaccine shedding,1.0,0.2,43,85,0.8
Chimera (virus),1.0,0.2,45,135,0.8
Flavivirus,1.0,0.2,0,5,0.8
Rickettsia helvetica,0.8,0.0,52,65,0.8
Feline viral rhinotracheitis,1.0,0.2,58,145,0.8
Fecal–oral route,1.0,0.2,31,60,0.8
Nipah virus,0.8,0.0,0,5,0.8
Antibody-dependent enhancement,1.0,0.2,0,5,0.8
Varicella-zoster virus,0.8,0.0,0,5,0.8
Notifiable disease,1.0,0.2,55,20,0.8
Ritonavir,0.8,0.0,1,10,0.8
Glycoprotein D,0.8,0.0,0,5,0.8
Poliovirus,1.0,0.2,0,5,0.8
Coronaviridae,0.8,0.0,56,65,0.8
H1N1 influenza,0.8,0.0,0,5,0.8
Quinolone antibiotic,0.8,0.0,60,10,0.8
Bovine leukemia virus,0.8,0.0,51,240,0.8
Classification of pneumonia,1.0,0.2,52,5,0.8
Immunity (medicine),0.8,0.0,28,70,0.8
Sylvatic cycle,0.8,0.0,91,5,0.8
Infectious disease,0.8,0.0,0,5,0.8
Mouse mammary tumor virus,0.8,0.0,92,115,0.8
Influenza,0.8,0.0,0,5,0.8
Tomato brown rugose fruit virus,0.8,0.0,12,100,0.8
Hepatitis A and B vaccine,1.0,0.2,8,5,0.8
Influenza A virus subtype H7N9,1.0,0.2,90,115,0.8
Prion diseases,1.0,0.2,0,5,0.8
Transmissible spongiform encephalopathy,0.8,0.0,76,10,0.8
Hepadnaviridae,0.8,0.0,13,210,0.8
Streptococcus,1.0,0.2,12,5,0.8
Influenza plaque assay,1.0,0.2,0,5,0.8
Brucellosis,1.0,0.2,35,55,0.8
HSV-1 polymerase,0.8,0.0,0,5,0.8
Mycobacterium avium complex,1.0,0.2,59,50,0.8
Rotavirus immunity,1.0,0.2,0,5,0.8
Staphylococcus epidermidis,1.0,0.2,65,50,0.8
Viral encephalitis,1.0,0.2,50,130,0.8
Coccidia,0.8,0.0,81,5,0.8
Animal trypanosomiasis,1.0,0.2,81,35,0.8
Echinococcus multilocularis,1.0,0.2,56,20,0.8
Ovine rinderpest,1.0,0.2,74,35,0.8
Shigella dysenteriae,1.0,0.2,76,85,0.8
Parasitic disease,1.0,0.2,67,10,0.8
Pathogen transmission,1.0,0.2,4,20,0.8
Sapovirus,1.0,0.2,23,150,0.8
Leptospirosis,0.8,0.0,0,5,0.8
Parelaphostrongylus tenuis,1.0,0.2,30,5,0.8
Yersinia enterocolitica,1.0,0.2,84,60,0.8
Entamoeba histolytica,1.0,0.2,20,5,0.8
Pasteurellosis,0.8,0.0,55,65,0.8
1918 influenza pandemic,0.8,0.0,0,5,0.8
Original antigenic sin,1.0,0.2,0,5,0.8
Basic reproduction number,0.8,0.0,11,50,0.8
Virulence factors,1.0,0.2,0,5,0.8
Shigellosis,1.0,0.2,25,30,0.8
Virulent Newcastle disease,0.8,0.0,76,70,0.8
Leishmaniasis vaccine,0.8,0.0,13,35,0.8
Viral fusion proteins,1.0,0.2,0,5,0.8
Bacillus anthracis,1.0,0.2,0,5,0.8
Angiostrongyliasis,0.8,0.0,53,45,0.8
Kaposi's sarcoma-associated herpesvirus,1.0,0.25,0,4,0.75
Bioterrorism preparedness,1.0,0.25,0,4,0.75
2009 swine flu pandemic,1.0,0.25,0,4,0.75
Hepatitis A virus,0.75,0.0,0,4,0.75
Viral genome synthesis,0.6666666666666666,0.0,0,3,0.6666666666666666
Hepatitis B,0.6666666666666666,0.0,43,45,0.6666666666666666
Trichuriasis,0.8,0.2,80,5,0.6000000000000001
Listeriosis,0.8,0.2,43,10,0.6000000000000001
Zika virus,0.8,0.2,0,5,0.6000000000000001
Encephalitozoon cuniculi,0.8,0.2,66,160,0.6000000000000001
Innate resistance to HIV,0.8,0.2,99,155,0.6000000000000001
Hantavirus,0.8,0.2,0,5,0.6000000000000001
Acanthamoeba,0.8,0.2,85,45,0.6000000000000001
Acanthamoeba keratitis,0.8,0.2,15,35,0.6000000000000001
Komagataeibacter xylinus,0.8,0.2,12,55,0.6000000000000001
Trichinosis,0.8,0.2,49,20,0.6000000000000001
Carbapenem,0.8,0.2,4,45,0.6000000000000001
RNA virus,0.8,0.2,0,5,0.6000000000000001
Orthomyxoviridae,0.8,0.2,38,275,0.6000000000000001
Helminthiasis,0.8,0.2,35,10,0.6000000000000001
Herpesvirus DNA replication,0.8,0.2,0,5,0.6000000000000001
Influenza B virus,0.8,0.2,0,5,0.6000000000000001
Dengue vaccine,0.8,0.2,17,20,0.6000000000000001
Miliary tuberculosis,0.8,0.2,82,10,0.6000000000000001
Herpes simplex keratitis,0.8,0.2,0,5,0.6000000000000001
Methicillin,0.8,0.2,43,65,0.6000000000000001
Subunit vaccine,0.8,0.2,32,100,0.6000000000000001
History of cholera,0.8,0.2,5,5,0.6000000000000001
Duesberg hypothesis,0.8,0.2,57,5,0.6000000000000001
Synthetic virus,0.8,0.2,0,5,0.6000000000000001
APOBEC3,0.8,0.2,0,5,0.6000000000000001
Streptococcus dysgalactiae,0.8,0.2,98,45,0.6000000000000001
Dysentery,0.8,0.2,40,20,0.6000000000000001
ICP34.5,0.8,0.2,0,5,0.6000000000000001
Ebola,0.8,0.2,24,195,0.6000000000000001
Streptococcus salivarius,0.8,0.2,51,155,0.6000000000000001
Thelaziasis,0.8,0.2,97,5,0.6000000000000001
MRSA ST398,0.8,0.2,23,5,0.6000000000000001
Timeline of early HIV/AIDS cases,0.8,0.2,42,145,0.6000000000000001
Clinical Infectious Diseases,0.8,0.2,46,25,0.6000000000000001
Epidermis,0.8,0.2,40,5,0.6000000000000001
Ribavirin,0.8,0.2,67,45,0.6000000000000001
Anthrax bioterrorism,0.8,0.2,0,5,0.6000000000000001
Fomite,0.8,0.2,49,15,0.6000000000000001
Cryptococcosis,0.8,0.2,40,30,0.6000000000000001
Epstein-Barr virus,0.8,0.2,0,5,0.6000000000000001
COVID-19 misinformation by governments,0.8,0.2,26,15,0.6000000000000001
Viral reassortment,0.8,0.2,0,5,0.6000000000000001
Seventh cholera pandemic,0.8,0.2,10,35,0.6000000000000001
Booster dose,0.8,0.2,23,30,0.6000000000000001
Iraqi chemical weapons program,0.8,0.2,42,5,0.6000000000000001
Source control (respiratory disease),0.8,0.2,86,35,0.6000000000000001
Tuberculosis,0.8,0.2,37,15,0.6000000000000001
Social history of viruses,0.8,0.2,74,145,0.6000000000000001
Enterovirus,0.8,0.2,0,5,0.6000000000000001
Rickettsiales,0.8,0.2,16,30,0.6000000000000001
Viral latency,0.8,0.2,0,5,0.6000000000000001
Ivermectin during the COVID-19 pandemic,0.8,0.2,93,35,0.6000000000000001
Nocardiosis,0.8,0.2,21,40,0.6000000000000001
Chargaff's rules,0.8,0.2,49,70,0.6000000000000001
List of diseases (P),0.8,0.2,17,5,0.6000000000000001
List of laboratory biosecurity incidents,0.8,0.2,22,110,0.6000000000000001
Oncovirus,0.8,0.2,94,175,0.6000000000000001
Viral envelope,0.8,0.2,0,5,0.6000000000000001
Pneumococcal infection,0.8,0.2,93,90,0.6000000000000001
Kaposi's sarcoma,0.8,0.2,0,5,0.6000000000000001
DNA vaccine,0.8,0.2,0,5,0.6000000000000001
Viral culture,0.8,0.2,0,5,0.6000000000000001
Virgin soil epidemic,0.8,0.2,13,10,0.6000000000000001
Sialadenitis,0.8,0.2,90,5,0.6000000000000001
Viral tegument,0.8,0.2,0,5,0.6000000000000001
Exanthem,0.8,0.2,94,5,0.6000000000000001
Chikungunya,0.8,0.2,0,5,0.6000000000000001
Chancroid,0.8,0.2,77,15,0.6000000000000001
Gain-of-function research,0.8,0.2,0,5,0.6000000000000001
Leptospira,1.0,0.4,68,45,0.6
Jay A. Levy,0.6,0.0,82,5,0.6
Lentivirus,0.6,0.0,0,5,0.6
COVID-19 pandemic in South Korea,1.0,0.4,65,15,0.6
Ichnovirus,0.6,0.0,40,90,0.6
Borrelia burgdorferi,1.0,0.4,28,335,0.6
Inactivated vaccine,1.0,0.4,52,30,0.6
Taeniasis,0.6,0.0,40,15,0.6
Chytridiomycosis,1.0,0.4,90,15,0.6
Incubation period,1.0,0.4,0,5,0.6
COVID-19 vaccine misinformation and hesitancy,1.0,0.4,52,20,0.6
Burkholderia,1.0,0.4,52,65,0.6
Ixodes,1.0,0.4,81,30,0.6
Klebsiella,1.0,0.4,94,115,0.6
Rwanda Marburg virus disease outbreak,0.6,0.0,80,110,0.6
Laverania,0.6,0.0,90,5,0.6
Sporotrichosis,0.6,0.0,88,10,0.6
Relapsing fever,1.0,0.4,91,5,0.6
Respiratory syncytial virus vaccine,0.6,0.0,66,100,0.6
Legionella pneumophila,1.0,0.4,61,50,0.6
Chromera,0.6,0.0,98,20,0.6
Respiratory tract infection,0.6,0.0,45,70,0.6
Canine distemper,1.0,0.4,93,25,0.6
Lobar pneumonia,0.6,0.0,81,20,0.6
Rickettsia prowazekii,0.6,0.0,37,10,0.6
Server-side request forgery,0.6,0.0,100,5,0.6
Recombinant virus,1.0,0.4,0,5,0.6
Bronchiolitis,0.6,0.0,82,40,0.6
Streptococcus pneumoniae,1.0,0.4,72,35,0.6
Streptococcus pyogenes,1.0,0.4,56,45,0.6
Legionnaires' disease,1.0,0.4,32,40,0.6
Cabotegravir/rilpivirine,1.0,0.4,5,5,0.6
Shiga toxin,1.0,0.4,0,5,0.6
Shigella,1.0,0.4,85,95,0.6
Leishmania infantum,0.6,0.0,37,100,0.6
Multiple drug resistance,1.0,0.4,1,20,0.6
Mansonelliasis,0.6,0.0,90,40,0.6
Neospora caninum,1.0,0.4,99,5,0.6
Viral capsid,1.0,0.4,0,5,0.6
Vibrionaceae,1.0,0.4,32,30,0.6
DMG-PEG 2000,1.0,0.4,69,10,0.6
Cytomegalovirus,0.6,0.0,0,5,0.6
Vector immunity,1.0,0.4,0,5,0.6
Fasciolosis,1.0,0.4,55,20,0.6
Neutralizing antibody,1.0,0.4,0,5,0.6
Plague (disease),0.6,0.0,48,45,0.6
Trench fever,1.0,0.4,19,10,0.6
Francisella tularensis,0.6,0.0,87,45,0.6
Gamaleya Research Institute of Epidemiology and Microbiology,0.6,0.0,101,20,0.6
NEMO deficiency syndrome,0.6,0.0,63,20,0.6
Tropical ulcer,1.0,0.4,91,15,0.6
HIV/AIDS in Russia,0.6,0.0,7,5,0.6
Mycobacterium,1.0,0.4,33,245,0.6
Aspergillosis,1.0,0.4,44,15,0.6
Viral immune evasion,1.0,0.4,0,5,0.6
Environmental enteropathy,1.0,0.4,69,10,0.6
Viral orthologs,1.0,0.4,0,5,0.6
Viral pathogenesis,0.6,0.0,0,5,0.6
Dipylidium caninum,0.6,0.0,44,5,0.6
Paracoccidioidomycosis,1.0,0.4,84,25,0.6
Paragonimus westermani,1.0,0.4,8,10,0.6
1889–1890 pandemic,0.6,0.0,18,55,0.6
Deer cutaneous fibroma,0.6,0.0,84,40,0.6
Endemic (epidemiology),1.0,0.4,68,35,0.6
Parvovirus B19,0.6,0.0,70,145,0.6
Endogenous viral elements,1.0,0.4,0,5,0.6
Virus neutralization,1.0,0.4,0,5,0.6
Opportunistic infection,1.0,0.4,4,25,0.6
Virulence,1.0,0.4,85,75,0.6
Viral tropism,1.0,0.4,0,5,0.6
Entamoeba coli,1.0,0.4,89,75,0.6
Viral titer,1.0,0.4,0,5,0.6
Pathogen evolution,0.6,0.0,0,5,0.6
Presumed ocular histoplasmosis syndrome,1.0,0.4,29,5,0.6
Angiostrongylus cantonensis,0.6,0.0,46,10,0.6
Herpes zoster ophthalmicus,0.6,0.0,73,15,0.6
Comparison of computer viruses,1.0,0.4,62,215,0.6
Combination antibiotic,1.0,0.4,41,5,0.6
Merkel cell polyomavirus,0.6,0.0,0,5,0.6
History of the COVID-19 pandemic in the United Kingdom,1.0,0.4,36,20,0.6
Host microbe interactions in Caenorhabditis elegans,1.0,0.4,89,30,0.6
Maribavir,0.6,0.0,97,5,0.6
Pulmonary alveolus,0.6,0.0,0,5,0.6
Pulmonary hemorrhage,0.6,0.0,19,5,0.6
Arenavirus,0.6,0.0,0,5,0.6
Hemolytic–uremic syndrome,1.0,0.4,50,10,0.6
Misconceptions about HIV/AIDS,1.0,0.4,10,20,0.6
Mental health during the COVID-19 pandemic,0.6,0.0,57,10,0.6
Bioaerosol,0.75,0.25,0,4,0.5
Timeline of the COVID-19 pandemic in California,0.75,0.25,17,12,0.5
Herpesvirus replication,0.5,0.0,0,2,0.5
Inflammation,1.0,0.5,58,36,0.5
Vaccinia virus,0.5,0.0,0,4,0.5
Protein–protein interaction,1.0,0.5,100,12,0.5
Toxin synthesis,0.75,0.25,0,4,0.5
Chimeric virus,1.0,0.5,0,4,0.5
Adenovirus,0.75,0.25,0,4,0.5
Open scientific data,0.8,0.4,35,10,0.4
Ramsay Hunt syndrome type 2,0.8,0.4,23,30,0.4
Oopsacas minuta,0.8,0.4,79,5,0.4
Pediculosis pubis,0.8,0.4,29,5,0.4
Pectobacterium carotovorum,1.0,0.6,86,10,0.4
Lymphocytic choriomeningitis,0.8,0.4,24,25,0.4
Marburg acute multiple sclerosis,0.8,0.4,10,10,0.4
Pathogenic Escherichia coli,1.0,0.6,9,100,0.4
Rafflesiaceae,0.8,0.4,96,5,0.4
Bacterial pneumonia,1.0,0.6,53,30,0.4
Osteophagy,0.8,0.4,84,15,0.4
"List of birds of Washington, D.C.",0.8,0.4,15,5,0.4
List of bacterial genera named after personal names,0.8,0.4,87,10,0.4
Lipid pneumonia,1.0,0.6,42,35,0.4
Saccharomyces boulardii,0.8,0.4,47,35,0.4
Lymphogranuloma venereum,0.8,0.4,79,135,0.4
Russo-Ukrainian cyberwarfare,0.8,0.4,84,5,0.4
Animal model of autism,0.8,0.4,92,65,0.4
Brain health and pollution,0.8,0.4,42,5,0.4
M protein (Streptococcus),0.8,0.4,62,85,0.4
Ligase chain reaction,1.0,0.6,46,45,0.4
Oral candidiasis,0.8,0.4,69,25,0.4
Proteus vulgaris,0.8,0.4,39,65,0.4
SARS-CoV-2 Gamma variant,0.8,0.4,89,170,0.4
SARS-CoV-2 vaccine,1.0,0.6,0,5,0.4
Carcinogenic parasite,1.0,0.6,90,10,0.4
Lipid-based nanoparticle,0.8,0.4,71,5,0.4
Lower respiratory tract infection,0.8,0.4,73,50,0.4
Oncomelania,0.8,0.4,59,45,0.4
Batrachochytrium dendrobatidis,0.8,0.4,37,30,0.4
Neisseria flavescens,0.8,0.4,74,370,0.4
Butanol,1.0,0.6,79,10,0.4
Natural reservoir,0.8,0.4,53,40,0.4
Biological Weapons Convention,0.8,0.4,3,30,0.4
Respiratory droplet,0.8,0.4,20,20,0.4
Ascariasis,0.8,0.4,87,5,0.4
Polio eradication,0.8,0.4,92,70,0.4
Bunyaviridae,0.8,0.4,0,5,0.4
Mycobacterium tuberculosis,0.8,0.4,0,5,0.4
Listeria monocytogenes,0.8,0.4,83,70,0.4
Musical ear syndrome,1.0,0.6,43,5,0.4
Mycobacterium leprae,0.8,0.4,44,10,0.4
Brugia malayi,0.8,0.4,11,35,0.4
Pre-exposure prophylaxis,0.8,0.4,6,10,0.4
Biological warfare agents,0.8,0.4,0,5,0.4
Biological warfare in popular culture,0.8,0.4,46,30,0.4
Prevalence,1.0,0.6,15,5,0.4
Plasmodium,1.0,0.6,45,65,0.4
Murine typhus,0.8,0.4,3,50,0.4
Bornholm disease,0.8,0.4,77,10,0.4
Phage therapy,1.0,0.6,49,230,0.4
Aseptic meningitis,0.8,0.4,93,5,0.4
Onchocerciasis,0.8,0.4,87,5,0.4
Oligomycin,0.8,0.4,73,10,0.4
List of dog diseases,0.8,0.4,54,5,0.4
Peromyscus,0.8,0.4,65,55,0.4
Lupinine,0.8,0.4,81,45,0.4
Nirmatrelvir,0.8,0.4,0,5,0.4
Morganella morganii,1.0,0.6,55,50,0.4
Plant pathology,1.0,0.6,0,5,0.4
Neuraminidase,0.8,0.4,0,5,0.4
List of epidemics and pandemics,0.8,0.4,33,30,0.4
Neorickettsia helminthoeca,0.8,0.4,19,20,0.4
Antigenic shift,1.0,0.6,0,5,0.4
Lentiviral vector,1.0,0.6,0,5,0.4
Lumbricidae,1.0,0.6,57,5,0.4
Rhinitis medicamentosa,0.8,0.4,54,15,0.4
CAMP test,0.8,0.4,78,15,0.4
Intussusceptive angiogenesis,0.8,0.4,56,5,0.4
Lemierre's syndrome,1.0,0.6,54,5,0.4
H5N1,0.8,0.4,0,5,0.4
Triatoma infestans,1.0,0.6,30,50,0.4
Triatominae,0.8,0.4,67,25,0.4
Contagious disease,1.0,0.6,30,15,0.4
Hantavirus pulmonary syndrome,0.8,0.4,70,205,0.4
HSV-1 latency,0.8,0.4,0,5,0.4
Trichostrongylus,0.8,0.4,95,215,0.4
H2N2 influenza,0.8,0.4,0,5,0.4
Hemagglutinin,1.0,0.6,0,5,0.4
Cordycepin,0.8,0.4,66,5,0.4
Coronavirus spike protein,0.8,0.4,46,20,0.4
Glossary of virology,1.0,0.6,26,110,0.4
Corynebacterium diphtheriae,0.8,0.4,86,55,0.4
Genomics,0.8,0.4,59,80,0.4
Genetic studies of Jews,0.8,0.4,51,15,0.4
Treatment as prevention,0.8,0.4,27,10,0.4
Transposition cipher,1.0,0.6,93,5,0.4
Syphilis,1.0,0.6,26,25,0.4
Host factor,0.8,0.4,1,10,0.4
Clonally transmissible cancer,0.8,0.4,63,115,0.4
Aedes aegypti,1.0,0.6,0,5,0.4
Hymenolepiasis,0.8,0.4,35,40,0.4
Host-pathogen interaction,0.8,0.4,0,5,0.4
Adenylyl cyclase,0.8,0.4,18,15,0.4
Colorado tick fever,0.8,0.4,45,90,0.4
Adenoid hypertrophy,1.0,0.6,81,15,0.4
Computer virus,1.0,0.6,65,40,0.4
Herpesvirus immune evasion,0.8,0.4,0,5,0.4
Acute hemolytic transfusion reaction,0.8,0.4,76,15,0.4
Herpes meningitis,0.8,0.4,48,50,0.4
Tinea capitis,1.0,0.6,86,5,0.4
Tobramycin,1.0,0.6,67,5,0.4
Acinetobacter,1.0,0.6,27,90,0.4
Gas gangrene,0.8,0.4,48,75,0.4
Gain of function,0.8,0.4,0,5,0.4
Cross-species transmission,0.8,0.4,71,15,0.4
Emtricitabine/tenofovir,1.0,0.6,27,5,0.4
Viral polymerase,0.8,0.4,0,5,0.4
Enterobacter,0.8,0.4,25,130,0.4
Viral shedding,1.0,0.6,73,20,0.4
Virulence factor,1.0,0.6,97,185,0.4
Danger zone (food safety),1.0,0.6,96,5,0.4
Endosomal escape,0.8,0.4,0,5,0.4
Ehrlichia canis,0.8,0.4,101,125,0.4
Cryptosporidiosis,0.8,0.4,64,70,0.4
Edgewood Arsenal human experiments,1.0,0.6,55,30,0.4
Wuchereria bancrofti,0.8,0.4,91,20,0.4
Drug of last resort,1.0,0.6,16,10,0.4
Dog health,0.8,0.4,34,30,0.4
Discredited HIV/AIDS origins theories,0.8,0.4,70,75,0.4
Diphtheria toxin,0.8,0.4,0,5,0.4
Enterococcus faecalis,0.8,0.4,10,25,0.4
Viral mutation,1.0,0.6,0,5,0.4
2009 swine flu pandemic in Argentina,0.8,0.4,6,110,0.4
Viral entry,0.8,0.4,0,5,0.4
Viral cardiomyopathy,0.8,0.4,39,40,0.4
DNA and RNA codon tables,1.0,0.6,89,180,0.4
Epithelioid cell,1.0,0.6,81,5,0.4
Epizootic,0.8,0.4,87,5,0.4
Cysteine protease,1.0,0.6,0,5,0.4
Exotoxin,1.0,0.6,14,145,0.4
Face masks during the COVID-19 pandemic in the United States,0.8,0.4,60,5,0.4
Variant Creutzfeldt–Jakob disease,1.0,0.6,73,15,0.4
Filarioidea,0.8,0.4,90,15,0.4
Fish diseases and parasites,0.8,0.4,49,10,0.4
Fixation index,0.8,0.4,68,30,0.4
Cryptosporidium parvum,0.8,0.4,65,75,0.4
V(D)J recombination,1.0,0.6,31,210,0.4
Teletext character set,0.8,0.4,70,55,0.4
History of polio,0.8,0.4,92,5,0.4
Sortase,0.8,0.4,58,55,0.4
Introduction to viruses,0.8,0.4,21,250,0.4
Ixodes pacificus,1.0,0.6,31,5,0.4
Isozyme,0.8,0.4,77,85,0.4
Snake venom,0.8,0.4,86,25,0.4
Sofosbuvir/velpatasvir,0.8,0.4,83,5,0.4
Iodamoeba buetschlii,0.8,0.4,40,110,0.4
Sopona,0.8,0.4,7,10,0.4
Sparganosis,0.8,0.4,63,5,0.4
Chelonitoxism,0.8,0.4,81,25,0.4
Spirochaete,0.8,0.4,48,55,0.4
Intracellular parasite,0.8,0.4,39,5,0.4
Intestinal parasite infection,1.0,0.6,8,25,0.4
Staphylococcus,0.8,0.4,96,40,0.4
Inoculation loop,0.8,0.4,97,10,0.4
Innate immune system,1.0,0.6,91,115,0.4
Ixodes scapularis,0.8,0.4,19,20,0.4
Site-directed mutagenesis,0.8,0.4,0,5,0.4
Influenza virus,1.0,0.6,0,5,0.4
Anaerobic infection,1.0,0.6,54,30,0.4
Leishmania donovani,0.8,0.4,12,5,0.4
Schistosoma,0.8,0.4,32,15,0.4
Schistosoma haematobium,1.0,0.6,72,5,0.4
Landscape epidemiology,1.0,0.6,33,5,0.4
Lamivudine,1.0,0.6,20,20,0.4
Lacticaseibacillus rhamnosus,1.0,0.6,82,95,0.4
Kudoa thyrsites,0.8,0.4,47,20,0.4
Signal peptide,1.0,0.6,13,35,0.4
Selective pressure,1.0,0.6,0,5,0.4
Kinetic-segregation model of T cell activation,0.8,0.4,18,40,0.4
Ceratonova shasta,0.8,0.4,91,125,0.4
Ketoprofen,0.8,0.4,75,5,0.4
Karen M. Frank,0.8,0.4,86,10,0.4
Short hairpin RNA,0.8,0.4,5,170,0.4
Information display systems,1.0,0.6,71,5,0.4
Pantoea agglomerans,1.0,0.6,75,55,0.4
Immunogenicity,1.0,0.6,9,50,0.4
Influenza reassortment,0.8,0.4,0,5,0.4
Circovirus,0.8,0.4,82,150,0.4
Influenza A virus subtype H3N2,0.8,0.4,30,245,0.4
Influenza nucleoprotein,1.0,0.6,0,5,0.4
Impact of the COVID-19 pandemic on the food industry,1.0,0.6,38,5,0.4
Streptococcus anginosus,0.8,0.4,79,95,0.4
Strain (biology),0.8,0.4,53,115,0.4
COVID-19 pandemic in Taiwan,0.6,0.2,10,90,0.39999999999999997
List of anthrax outbreaks,0.6,0.2,1,25,0.39999999999999997
Human parasite,0.6,0.2,28,20,0.39999999999999997
Human parainfluenza viruses,0.6,0.2,68,365,0.39999999999999997
Mantle zone,0.6,0.2,61,10,0.39999999999999997
Bat SARS-like coronavirus WIV1,0.6,0.2,8,15,0.39999999999999997
Charles M. Rice,0.6,0.2,26,50,0.39999999999999997
Human metapneumovirus,0.6,0.2,0,5,0.39999999999999997
KSHV,0.6,0.2,0,5,0.39999999999999997
Cytokine storm,0.6,0.2,0,5,0.39999999999999997
Cysticercosis,0.6,0.2,27,15,0.39999999999999997
Obama (flatworm),0.6,0.2,29,20,0.39999999999999997
Envelope glycoprotein GP120,0.6,0.2,37,105,0.39999999999999997
FGM-172 SRAW,0.6,0.2,42,5,0.39999999999999997
Nucleocytoviricota,0.6,0.2,29,205,0.39999999999999997
Human challenge study,0.6,0.2,82,45,0.39999999999999997
Influenza transmission,0.6,0.2,0,5,0.39999999999999997
Klebsiella aerogenes,0.6,0.2,50,40,0.39999999999999997
List of animals that can get SARS-CoV-2,0.6,0.2,43,10,0.39999999999999997
Bordetella,0.6,0.2,98,100,0.39999999999999997
Breakthrough infection,0.6,0.2,90,35,0.39999999999999997
Caudoviricetes,0.6,0.2,11,200,0.39999999999999997
Pandemic predictions and preparations prior to the COVID-19 pandemic,0.6,0.2,11,30,0.39999999999999997
Disease transmission,0.6,0.2,0,5,0.39999999999999997
Citrobacter koseri,0.6,0.2,97,15,0.39999999999999997
Levonantradol,0.6,0.2,10,5,0.39999999999999997
Dengue virus,0.6,0.2,0,5,0.39999999999999997
Botulism,0.6,0.2,0,5,0.39999999999999997
Maktubat,0.6,0.2,59,5,0.39999999999999997
Emerging infectious disease,0.6,0.2,97,45,0.39999999999999997
Malignant multiple sclerosis,0.6,0.2,60,5,0.39999999999999997
Endogenous retrovirus,0.6,0.2,0,5,0.39999999999999997
Lachesis muta,0.6,0.2,83,5,0.39999999999999997
Human placentophagy,0.6,0.2,75,5,0.39999999999999997
Kleihauer–Betke test,0.6,0.2,44,5,0.39999999999999997
Human pathogen,0.6,0.2,98,115,0.39999999999999997
Marburg virus,0.6,0.2,0,5,0.39999999999999997
Fasciolopsiasis,0.6,0.2,48,30,0.39999999999999997
Human bocavirus,0.6,0.2,5,210,0.39999999999999997
Nicotinamide riboside,0.6,0.2,53,70,0.39999999999999997
Filamentous bacteriophage,0.6,0.2,44,170,0.39999999999999997
Mycoplasmataceae,0.6,0.2,95,75,0.39999999999999997
COVID-19 lab leak theory,0.6,0.2,19,20,0.39999999999999997
Mycoplasma pneumonia,0.6,0.2,90,40,0.39999999999999997
Mycoplasma genitalium,0.6,0.2,0,5,0.39999999999999997
HIV vaccine,0.6,0.2,0,5,0.39999999999999997
HSV amplicon,0.6,0.2,0,5,0.39999999999999997
Leishmaniasis,0.6,0.2,0,5,0.39999999999999997
Blackleg (disease),0.6,0.2,93,35,0.39999999999999997
Herpetic whitlow,0.6,0.2,26,20,0.39999999999999997
Chikungunya virus,0.6,0.2,0,5,0.39999999999999997
Herpesvirus oncogenesis,0.6,0.2,0,5,0.39999999999999997
Helicobacter,0.6,0.2,44,180,0.39999999999999997
Interstitial collagenase,0.6,0.2,100,40,0.39999999999999997
Herpesviridae,0.6,0.2,80,100,0.39999999999999997
Molnupiravir,0.6,0.2,67,40,0.39999999999999997
Hepatitis,0.6,0.2,45,145,0.39999999999999997
Monkeypox virus,0.6,0.2,18,150,0.39999999999999997
Myopericarditis,0.6,0.2,68,5,0.39999999999999997
List of human disease case fatality rates,0.6,0.2,28,35,0.39999999999999997
Papillomaviridae,0.6,0.2,44,120,0.39999999999999997
Iridoviridae,0.6,0.2,6,165,0.39999999999999997
Neuraminidase inhibitor,0.6,0.2,0,5,0.39999999999999997
Hepatitis B virus,0.6,0.2,38,225,0.39999999999999997
COVID-19 pandemic in Oceania,0.6,0.2,49,65,0.39999999999999997
Indium lung,0.6,0.2,20,5,0.39999999999999997
Neisseria meningitidis,0.6,0.2,100,50,0.39999999999999997
Iridovirus,0.6,0.2,72,110,0.39999999999999997
Martinectes,0.6,0.2,96,10,0.39999999999999997
COVID-19 pandemic in California,0.6,0.2,53,15,0.39999999999999997
Immune reconstitution inflammatory syndrome,0.6,0.2,62,30,0.39999999999999997
CrAssphage,0.6,0.2,66,370,0.39999999999999997
Neil Ferguson (epidemiologist),0.6,0.2,72,10,0.39999999999999997
Melioidosis,0.6,0.2,0,5,0.39999999999999997
COVID-19 pandemic in Cagayan Valley,0.6,0.2,36,5,0.39999999999999997
Influenza NS1,0.6,0.2,0,5,0.39999999999999997
Naegleriasis,0.6,0.2,89,40,0.39999999999999997
Glutamine,0.6,0.2,78,25,0.39999999999999997
Löffler's syndrome,0.6,0.2,82,5,0.39999999999999997
Dicamba,0.6,0.2,5,5,0.39999999999999997
Select Agent Program,0.6,0.2,0,5,0.39999999999999997
Sodium/potassium/calcium exchanger 5,0.6,0.2,52,25,0.39999999999999997
Virus classification,0.6,0.2,4,295,0.39999999999999997
Spirometra,0.6,0.2,58,5,0.39999999999999997
Atheroma,0.6,0.2,75,5,0.39999999999999997
Sputnik V COVID-19 vaccine,0.6,0.2,47,70,0.39999999999999997
Tenofovir disoproxil,0.6,0.2,32,10,0.39999999999999997
Sputum,0.6,0.2,67,100,0.39999999999999997
West Nile virus,0.6,0.2,0,5,0.39999999999999997
Stenotrophomonas maltophilia,0.6,0.2,27,85,0.39999999999999997
Rabies in animals,0.6,0.2,77,45,0.39999999999999997
Rabies virus,0.6,0.2,20,315,0.39999999999999997
Apolipoprotein C-III,0.6,0.2,1,130,0.39999999999999997
1826–1837 cholera pandemic,0.6,0.2,4,10,0.39999999999999997
Yersinia pestis,0.6,0.2,0,5,0.39999999999999997
Anthrax,0.6,0.2,0,5,0.39999999999999997
Aflatoxins,0.6,0.2,0,5,0.39999999999999997
Rubella virus,0.6,0.2,62,230,0.39999999999999997
Antigenic drift,0.6,0.2,0,5,0.39999999999999997
Virus (2019 film),0.6,0.2,7,5,0.39999999999999997
Single-stranded binding protein,0.6,0.2,27,105,0.39999999999999997
Vibrio parahaemolyticus,0.6,0.2,0,5,0.39999999999999997
Scrub typhus,0.6,0.2,18,15,0.39999999999999997
Pseudomonas aeruginosa,0.6,0.2,45,70,0.39999999999999997
Trichuris trichiura,0.6,0.2,94,10,0.39999999999999997
Tetanus,0.6,0.2,7,25,0.39999999999999997
2002–2004 SARS outbreak,0.6,0.2,76,55,0.39999999999999997
Porcine epidemic diarrhea virus,0.6,0.2,30,65,0.39999999999999997
Paragonimiasis,0.6,0.2,2,10,0.39999999999999997
Sarcocystis neurona,0.6,0.2,33,15,0.39999999999999997
Alphapithovirus,0.6,0.2,2,190,0.39999999999999997
Positive-strand RNA virus,0.6,0.2,58,155,0.39999999999999997
Adolf Mayer,0.6,0.2,18,5,0.39999999999999997
Sarcocystis,0.6,0.2,84,20,0.39999999999999997
Sulfamethoxazole,0.6,0.2,69,5,0.39999999999999997
Mutagenesis,1.0,0.75,0,4,0.25
Lysin,0.75,0.5,35,152,0.25
Poxvirus,0.5,0.25,0,4,0.25
Virus viability,1.0,0.75,0,4,0.25
Index of Windows games (M),0.75,0.5,77,68,0.25
Index of DOS games (D),0.75,0.5,38,8,0.25
List of pterosaur genera,0.5,0.25,74,8,0.25
List of doping cases in sport (S),0.75,0.5,95,4,0.25
Vaccinium,0.5,0.25,80,8,0.25
Upper respiratory tract infection,1.0,0.75,62,16,0.25
Coccidioides posadasii,0.75,0.5,56,12,0.25
Tetany,0.5,0.25,59,4,0.25
Anthrax anthrax,0.5,0.25,7,4,0.25
Bacillus,1.0,0.75,18,60,0.25
Frameshift mutation,0.8,0.6,0,5,0.20000000000000007
List of links golf courses,0.8,0.6,26,15,0.20000000000000007
Cryptanalysis,0.8,0.6,91,5,0.20000000000000007
List of interstellar and circumstellar molecules,0.8,0.6,28,5,0.20000000000000007
List of infectious diseases,0.8,0.6,32,75,0.20000000000000007
Foreign involvement in the Russian invasion of Ukraine,0.8,0.6,39,5,0.20000000000000007
Cat worm infections,0.8,0.6,18,20,0.20000000000000007
COVID-19 lockdown in India,0.8,0.6,45,10,0.20000000000000007
Gluten-related disorders,0.8,0.6,14,5,0.20000000000000007
Rhinophyma,0.8,0.6,9,5,0.20000000000000007
Leprosy,0.8,0.6,75,5,0.20000000000000007
List of established military terms,0.8,0.6,13,5,0.20000000000000007
Lenstra–Lenstra–Lovász lattice basis reduction algorithm,0.8,0.6,71,15,0.20000000000000007
Antisperm antibodies,0.8,0.6,21,5,0.20000000000000007
Castanospermum,0.8,0.6,3,5,0.20000000000000007
Casomorphin,0.8,0.6,24,20,0.20000000000000007
Ribosomal frameshift,0.8,0.6,0,5,0.20000000000000007
ACVR1,0.8,0.6,66,15,0.20000000000000007
Leprosy in Louisiana,0.8,0.6,62,5,0.20000000000000007
Casimir Funk,0.8,0.6,93,5,0.20000000000000007
Carrion,0.8,0.6,61,10,0.20000000000000007
Tuberculosis vaccines,0.8,0.6,26,15,0.20000000000000007
List of mammals of Kansas,0.8,0.6,44,5,0.20000000000000007
Saturn (rocket family),0.8,0.6,31,5,0.20000000000000007
Goosey Goosey Gander,0.8,0.6,80,5,0.20000000000000007
Cellular adaptation,0.8,0.6,92,5,0.20000000000000007
Cellana exarata,0.8,0.6,91,5,0.20000000000000007
Second plague pandemic,0.8,0.6,0,5,0.20000000000000007
KvLQT1,0.8,0.6,97,5,0.20000000000000007
Green nail syndrome,0.8,0.6,90,10,0.20000000000000007
LGALS3BP,0.8,0.6,51,40,0.20000000000000007
Lactate dehydrogenase,0.8,0.6,32,20,0.20000000000000007
List of megalopolises,0.8,0.6,68,5,0.20000000000000007
Schistosomiasis,0.8,0.6,87,5,0.20000000000000007
Cefdinir,0.8,0.6,97,15,0.20000000000000007
Anatomical terminology,0.8,0.6,78,5,0.20000000000000007
Ribosome-inactivating protein,0.8,0.6,0,5,0.20000000000000007
AP-1 transcription factor,0.8,0.6,62,50,0.20000000000000007
Lao Airlines Flight 301,0.8,0.6,53,5,0.20000000000000007
CAIG Wing Loong,0.8,0.6,91,5,0.20000000000000007
Larry Price (politician),0.8,0.6,5,5,0.20000000000000007
Larry Rogers Jr.,0.8,0.6,6,5,0.20000000000000007
Latent TGF-beta binding protein,0.8,0.6,53,5,0.20000000000000007
Ancient DNA,0.8,0.6,74,175,0.20000000000000007
Lateral sulcus,0.8,0.6,21,5,0.20000000000000007
Trypanosoma,0.8,0.6,0,5,0.20000000000000007
Glypican 3,0.8,0.6,17,30,0.20000000000000007
Saliva testing,0.8,0.6,65,30,0.20000000000000007
Cabotegravir,0.8,0.6,58,10,0.20000000000000007
List of enzymes,0.8,0.6,59,5,0.20000000000000007
List of birds of Hawaii,0.8,0.6,26,5,0.20000000000000007
Fruit,0.8,0.6,37,5,0.20000000000000007
List of abbreviations used in medical prescriptions,0.8,0.6,42,5,0.20000000000000007
Cancer immunology,0.8,0.6,29,15,0.20000000000000007
Ant venom,0.8,0.6,85,10,0.20000000000000007
Gellan gum,0.8,0.6,30,115,0.20000000000000007
Campylobacter rectus,0.8,0.6,25,40,0.20000000000000007
List of benzimidazole opioids,0.8,0.6,23,15,0.20000000000000007
Coccidiosis,0.8,0.6,5,5,0.20000000000000007
List of bioterrorist incidents,0.8,0.6,43,15,0.20000000000000007
Gavialoidea,0.8,0.6,64,155,0.20000000000000007
COVID-19 vaccination mandates in the United States,0.8,0.6,71,5,0.20000000000000007
List of Trichoderma species,0.8,0.6,78,5,0.20000000000000007
CRIME,0.8,0.6,45,10,0.20000000000000007
Gavialidae,0.8,0.6,82,5,0.20000000000000007
List of birds of Shenandoah National Park,0.8,0.6,40,5,0.20000000000000007
List of crinoid genera,0.8,0.6,89,30,0.20000000000000007
Gary Ruvkun,0.8,0.6,54,30,0.20000000000000007
Gardnerella vaginalis,0.8,0.6,73,60,0.20000000000000007
List of business simulation video games,0.8,0.6,52,15,0.20000000000000007
Undeciphered writing systems,0.8,0.6,53,10,0.20000000000000007
CSS Florida (cruiser),0.8,0.6,34,5,0.20000000000000007
List of computer system emulators,0.8,0.6,79,5,0.20000000000000007
List of United States INCITS codes by county,0.8,0.6,28,10,0.20000000000000007
Roseola,0.8,0.6,53,40,0.20000000000000007
United Network for Organ Sharing,0.8,0.6,90,5,0.20000000000000007
Lipogenesis,0.8,0.6,10,20,0.20000000000000007
Sacubitril,0.8,0.6,30,15,0.20000000000000007
Type II hypersensitivity,0.8,0.6,13,20,0.20000000000000007
Leukopenia,0.8,0.6,85,5,0.20000000000000007
STING (protein),0.8,0.6,0,5,0.20000000000000007
Levopropoxyphene,0.8,0.6,51,5,0.20000000000000007
Glaucine,0.8,0.6,4,15,0.20000000000000007
Germ theory denialism,0.8,0.6,87,10,0.20000000000000007
SLU-PP-332,0.8,0.6,98,20,0.20000000000000007
Gentamicin,0.8,0.6,27,15,0.20000000000000007
Lipodystrophy,0.8,0.6,13,10,0.20000000000000007
Lipopolysaccharide,0.8,0.6,0,5,0.20000000000000007
Gene synthesis,0.8,0.6,0,5,0.20000000000000007
List of Baywatch episodes,0.8,0.6,81,5,0.20000000000000007
List of Beretta Mini Pistols,0.8,0.6,87,10,0.20000000000000007
Cantonese salted fish,0.8,0.6,60,5,0.20000000000000007
List of Fusarium species,0.8,0.6,30,15,0.20000000000000007
List of Greek letters,0.8,0.6,67,10,0.20000000000000007
List of Latin-script alphabets,0.8,0.6,17,10,0.20000000000000007
Korean language and computers,0.8,0.6,44,5,0.20000000000000007
List of PSPACE-complete problems,0.8,0.6,46,10,0.20000000000000007
Cross-reactivity,0.8,0.6,0,5,0.20000000000000007
List of Salticidae genera,0.8,0.6,51,5,0.20000000000000007
List of McDonnell Douglas F-4 Phantom II variants,0.8,0.6,85,20,0.20000000000000007
Macrophagic myofasciitis,0.8,0.6,56,75,0.20000000000000007
Guide RNA,0.8,0.6,3,55,0.20000000000000007
Chunked transfer encoding,0.8,0.6,54,15,0.20000000000000007
Hookworm infection,0.8,0.6,89,5,0.20000000000000007
Immunoglobulin heavy chain,0.8,0.6,84,200,0.20000000000000007
Immunology,0.8,0.6,95,35,0.20000000000000007
Thiomersal,0.8,0.6,91,10,0.20000000000000007
Sulfur metabolism,0.8,0.6,99,20,0.20000000000000007
Comparison of agent-based modeling software,0.8,0.6,50,10,0.20000000000000007
Inclisiran,0.8,0.6,48,5,0.20000000000000007
Suicide weapon,0.8,0.6,24,5,0.20000000000000007
Index case,0.8,0.6,86,5,0.20000000000000007
Index of DOS games (H),0.8,0.6,12,30,0.20000000000000007
Thoracic diaphragm,0.8,0.6,26,10,0.20000000000000007
India and weapons of mass destruction,0.8,0.6,53,5,0.20000000000000007
Suckling pig,0.8,0.6,54,5,0.20000000000000007
Influenza research,0.8,0.6,0,5,0.20000000000000007
Infant swimming,0.8,0.6,32,5,0.20000000000000007
Agglutinogen,0.8,0.6,46,25,0.20000000000000007
Highly hazardous chemical,0.8,0.6,37,5,0.20000000000000007
Hib vaccine,0.8,0.6,86,75,0.20000000000000007
Strictly standardized mean difference,0.8,0.6,99,5,0.20000000000000007
Chromosome 5,0.8,0.6,18,90,0.20000000000000007
Hershey–Chase experiment,0.8,0.6,30,40,0.20000000000000007
Streptococcus constellatus,0.8,0.6,72,55,0.20000000000000007
Streptococcus bovis,0.8,0.6,83,260,0.20000000000000007
Streptococcus agalactiae,0.8,0.6,92,20,0.20000000000000007
Chromosome,0.8,0.6,42,10,0.20000000000000007
Streptobacillus moniliformis,0.8,0.6,66,80,0.20000000000000007
Synucleinopathy,0.8,0.6,11,10,0.20000000000000007
Iloprost,0.8,0.6,89,10,0.20000000000000007
Illumina Methylation Assay,0.8,0.6,32,255,0.20000000000000007
Ileitis,0.8,0.6,69,5,0.20000000000000007
Coccidioides immitis,0.8,0.6,18,15,0.20000000000000007
Terminator (genetics),0.8,0.6,78,95,0.20000000000000007
Human skeleton,0.8,0.6,83,5,0.20000000000000007
Human trafficking in Japan,0.8,0.6,58,5,0.20000000000000007
Tetrazepam,0.8,0.6,41,5,0.20000000000000007
Hydrochoerus,0.8,0.6,81,10,0.20000000000000007
Clussexx Three D Grinchy Glee,0.8,0.6,98,5,0.20000000000000007
Human microbiome,0.8,0.6,3,40,0.20000000000000007
Terminal multiplexer,0.8,0.6,69,5,0.20000000000000007
Human interactions with insects,0.8,0.6,56,5,0.20000000000000007
Human hair color,0.8,0.6,9,5,0.20000000000000007
Hypertriglyceridemia,0.8,0.6,74,10,0.20000000000000007
Hypha,0.8,0.6,92,5,0.20000000000000007
Human chimera,0.8,0.6,9,10,0.20000000000000007
Tf–idf,0.8,0.6,52,140,0.20000000000000007
Tensor reshaping,0.8,0.6,81,25,0.20000000000000007
The Adventures of Jimmy Neutron Boy Genius,0.8,0.6,22,30,0.20000000000000007
Host–parasite coevolution,0.8,0.6,63,10,0.20000000000000007
IKZF1,0.8,0.6,33,35,0.20000000000000007
Adenosine reuptake inhibitor,0.8,0.6,35,5,0.20000000000000007
Tanning dependence,0.8,0.6,46,5,0.20000000000000007
INS Hanit,0.8,0.6,70,5,0.20000000000000007
IPLEDGE program,0.8,0.6,91,5,0.20000000000000007
"Take a picture, it will last longer",0.8,0.6,82,185,0.20000000000000007
Host cell protein,0.8,0.6,64,120,0.20000000000000007
Thymeleaf,0.8,0.6,70,5,0.20000000000000007
Steatopygia,0.8,0.6,18,5,0.20000000000000007
Kolmogorov structure function,0.8,0.6,82,15,0.20000000000000007
Kai (conjunction),0.8,0.6,91,15,0.20000000000000007
Isosorbide dinitrate,0.8,0.6,96,5,0.20000000000000007
Aciclovir,0.8,0.6,28,40,0.20000000000000007
Panmixia,0.8,0.6,80,5,0.20000000000000007
Trichogramma,0.8,0.6,71,5,0.20000000000000007
Acariasis,0.8,0.6,87,5,0.20000000000000007
Trichomonas,0.8,0.6,49,5,0.20000000000000007
Halorhodopsin,0.8,0.6,72,20,0.20000000000000007
Hafnia (bacterium),0.8,0.6,32,50,0.20000000000000007
Haematopoiesis,0.8,0.6,44,50,0.20000000000000007
Juxtacapillary receptors,0.8,0.6,14,15,0.20000000000000007
KKXX (amino acid sequence),0.8,0.6,73,150,0.20000000000000007
Cervical screening,0.8,0.6,100,10,0.20000000000000007
Ursus dolinensis,0.8,0.6,83,5,0.20000000000000007
Information hazard,0.8,0.6,84,50,0.20000000000000007
"Abdullahi v. Pfizer, Inc.",0.8,0.6,25,5,0.20000000000000007
HGH Fragment 176–191,0.8,0.6,65,5,0.20000000000000007
Keratic precipitate,0.8,0.6,50,5,0.20000000000000007
Tricresyl phosphate,0.8,0.6,92,10,0.20000000000000007
H3 receptor antagonist,0.8,0.6,28,15,0.20000000000000007
Corbicula fluminea,0.8,0.6,77,5,0.20000000000000007
Killing of Eric Harris,0.8,0.6,23,5,0.20000000000000007
Amino acid synthesis,0.8,0.6,71,20,0.20000000000000007
Trifid cipher,0.8,0.6,29,5,0.20000000000000007
Ceramide,0.8,0.6,91,20,0.20000000000000007
Klebsiella oxytoca,0.8,0.6,94,25,0.20000000000000007
Knowledge acquisition,0.8,0.6,97,5,0.20000000000000007
Iron poisoning,0.8,0.6,23,15,0.20000000000000007
Smith–Magenis syndrome,0.8,0.6,14,5,0.20000000000000007
Solvated electron,0.8,0.6,16,5,0.20000000000000007
Hemoglobinopathy,0.8,0.6,74,5,0.20000000000000007
Injection (medicine),0.8,0.6,88,5,0.20000000000000007
Acute motor axonal neuropathy,0.8,0.6,48,50,0.20000000000000007
Acute kidney injury,0.8,0.6,88,5,0.20000000000000007
Choledochoduodenostomy,0.8,0.6,87,5,0.20000000000000007
Steatoda,0.8,0.6,35,5,0.20000000000000007
Compartmental models in epidemiology,0.8,0.6,13,100,0.20000000000000007
Complement (set theory),0.8,0.6,14,5,0.20000000000000007
Timeline of the COVID-19 pandemic,0.8,0.6,16,15,0.20000000000000007
Insect physiology,0.8,0.6,67,5,0.20000000000000007
Insecticide,0.8,0.6,79,15,0.20000000000000007
Integrase inhibitor,0.8,0.6,83,5,0.20000000000000007
Chloroflexota,0.8,0.6,20,85,0.20000000000000007
Intelligent Input Bus,0.8,0.6,39,5,0.20000000000000007
Chlamydia trachomatis,0.8,0.6,88,45,0.20000000000000007
Chlamydia,0.8,0.6,51,5,0.20000000000000007
Interim Register of Marine and Nonmarine Genera,0.8,0.6,53,145,0.20000000000000007
Acrivastine,0.8,0.6,70,5,0.20000000000000007
Intestinal epithelium,0.8,0.6,57,5,0.20000000000000007
Spike protein,0.8,0.6,46,60,0.20000000000000007
Transcriptome,0.8,0.6,67,240,0.20000000000000007
Intraoperative blood salvage,0.8,0.6,76,5,0.20000000000000007
Travelers' diarrhea,0.8,0.6,71,15,0.20000000000000007
Traveling tournament problem,0.8,0.6,89,5,0.20000000000000007
Condom effectiveness,0.8,0.6,75,5,0.20000000000000007
Soma (biology),0.8,0.6,88,5,0.20000000000000007
Cerebrolysin,0.8,0.6,43,35,0.20000000000000007
List of deaths through alcohol,0.8,0.6,98,5,0.20000000000000007
Tetracycline antibiotics,0.8,0.6,43,10,0.20000000000000007
Epithelioid hemangioendothelioma,0.8,0.6,69,15,0.20000000000000007
Autoimmune polyendocrine syndrome,0.8,0.6,95,5,0.20000000000000007
Memory erasure,0.8,0.6,50,20,0.20000000000000007
Nucleic acid tertiary structure,0.8,0.6,33,205,0.20000000000000007
Nuclease S1,0.8,0.6,98,40,0.20000000000000007
2021 Georgia poultry plant accident,0.8,0.6,38,5,0.20000000000000007
Erdosteine,0.8,0.6,28,5,0.20000000000000007
Ventilator,0.8,0.6,43,10,0.20000000000000007
Protozoan infection,0.8,0.6,59,15,0.20000000000000007
Metric tensor (general relativity),0.8,0.6,99,5,0.20000000000000007
Nonvenereal endemic syphilis,0.8,0.6,71,5,0.20000000000000007
Essential matrix,0.8,0.6,29,15,0.20000000000000007
2019–2022 locust infestation,0.8,0.6,72,20,0.20000000000000007
Birt–Hogg–Dubé syndrome,0.8,0.6,68,10,0.20000000000000007
Microwave chemistry,0.8,0.6,92,5,0.20000000000000007
Proton nuclear magnetic resonance,0.8,0.6,91,35,0.20000000000000007
Prothrombin G20210A,0.8,0.6,76,20,0.20000000000000007
Biphenyl,0.8,0.6,23,5,0.20000000000000007
Mnemonics in trigonometry,0.8,0.6,83,5,0.20000000000000007
Peter Duesberg,0.8,0.6,59,5,0.20000000000000007
Nitroxoline,0.8,0.6,91,135,0.20000000000000007
Melanotan II,0.8,0.6,65,15,0.20000000000000007
Essential thrombocythemia,0.8,0.6,32,10,0.20000000000000007
Protein synthesis inhibitors,0.8,0.6,0,5,0.20000000000000007
Maria Jasin,0.8,0.6,63,5,0.20000000000000007
Malyuk,0.8,0.6,75,10,0.20000000000000007
2022 United States infant formula shortage,0.8,0.6,97,175,0.20000000000000007
Management of strabismus,0.8,0.6,2,15,0.20000000000000007
Pyruvate decarboxylase,0.8,0.6,93,15,0.20000000000000007
Pyrosequencing,0.8,0.6,76,40,0.20000000000000007
Maraviroc,0.8,0.6,29,30,0.20000000000000007
Bolas spider,0.8,0.6,34,5,0.20000000000000007
Vegetarian and vegan dog diet,0.8,0.6,55,10,0.20000000000000007
Xanthochromia,0.8,0.6,72,5,0.20000000000000007
Ofatumumab,0.8,0.6,40,5,0.20000000000000007
Nucleosome,0.8,0.6,7,25,0.20000000000000007
Vegetation,0.8,0.6,15,5,0.20000000000000007
Obligate anaerobe,0.8,0.6,27,80,0.20000000000000007
Blunt Force Trauma,0.8,0.6,99,5,0.20000000000000007
Marine fungi,0.8,0.6,95,5,0.20000000000000007
Psittacosis,0.8,0.6,13,40,0.20000000000000007
Peripheral stem cell transplantation,0.8,0.6,85,5,0.20000000000000007
Eucalyptus globulus subsp. globulus,0.8,0.6,98,5,0.20000000000000007
Arrow poison,0.8,0.6,97,5,0.20000000000000007
Mathematical operators and symbols in Unicode,0.8,0.6,28,80,0.20000000000000007
DNA damage theory of aging,0.8,0.6,88,130,0.20000000000000007
Viral evolution,0.8,0.6,0,5,0.20000000000000007
Malwarebytes (software),0.8,0.6,47,10,0.20000000000000007
Piperacillin,0.8,0.6,79,5,0.20000000000000007
Nested set model,0.8,0.6,48,10,0.20000000000000007
Porcine circovirus,0.8,0.6,27,120,0.20000000000000007
Nerve agent,0.8,0.6,5,30,0.20000000000000007
Myelitis,0.8,0.6,54,40,0.20000000000000007
Energy expenditure,0.8,0.6,63,5,0.20000000000000007
Myosin,0.8,0.6,92,45,0.20000000000000007
Effects of cannabis,0.8,0.6,74,5,0.20000000000000007
Poales,0.8,0.6,14,5,0.20000000000000007
Myxococcus xanthus,0.8,0.6,13,100,0.20000000000000007
Wernicke encephalopathy,0.8,0.6,58,5,0.20000000000000007
Network eavesdropping,0.8,0.6,10,5,0.20000000000000007
Visceral leishmaniasis,0.8,0.6,78,35,0.20000000000000007
Piwi-interacting RNA,0.8,0.6,16,65,0.20000000000000007
W50 (nuclear warhead),0.8,0.6,82,5,0.20000000000000007
Plague of Amwas,0.8,0.6,6,5,0.20000000000000007
Bictegravir/emtricitabine/tenofovir alafenamide,0.8,0.6,39,15,0.20000000000000007
Wason selection task,0.8,0.6,60,5,0.20000000000000007
Native American disease and epidemics,0.8,0.6,84,10,0.20000000000000007
Plethysmograph,0.8,0.6,77,10,0.20000000000000007
Needleman–Wunsch algorithm,0.8,0.6,45,175,0.20000000000000007
Viral replication,0.8,0.6,0,5,0.20000000000000007
Picture Transfer Protocol,0.8,0.6,77,10,0.20000000000000007
Epidemiology of herpes simplex,0.8,0.6,66,50,0.20000000000000007
Benzodiazepine overdose,0.8,0.6,30,5,0.20000000000000007
Protein splicing,0.8,0.6,13,155,0.20000000000000007
Protein metabolism,0.8,0.6,77,70,0.20000000000000007
Monoamine neurotransmitter,0.8,0.6,42,5,0.20000000000000007
List of prehistoric lakes,0.8,0.6,92,5,0.20000000000000007
Protein aggregation,0.8,0.6,10,20,0.20000000000000007
Ebola in Nigeria,0.8,0.6,99,10,0.20000000000000007
Eosinophil,0.8,0.6,99,35,0.20000000000000007
Phagosome,0.8,0.6,47,25,0.20000000000000007
2001 anthrax attacks,0.8,0.6,0,5,0.20000000000000007
Phylogenetics,0.8,0.6,93,55,0.20000000000000007
Assassination attempts on Adolf Hitler,0.8,0.6,54,5,0.20000000000000007
Entomophthora muscae,0.8,0.6,89,10,0.20000000000000007
Viral oncogenesis,0.8,0.6,0,5,0.20000000000000007
Viral pneumonia,0.8,0.6,77,250,0.20000000000000007
Echinomycin,0.8,0.6,82,15,0.20000000000000007
Bioluminescent bacteria,0.8,0.6,57,85,0.20000000000000007
Mutation rate,0.8,0.6,13,10,0.20000000000000007
Aspergillus,0.8,0.6,26,25,0.20000000000000007
Viral reactivation,0.8,0.6,0,5,0.20000000000000007
Neuroacanthocytosis,0.8,0.6,35,5,0.20000000000000007
Oncolytic virus,0.8,0.6,0,5,0.20000000000000007
Evaluation measures (information retrieval),0.8,0.6,80,145,0.20000000000000007
Arachidonic acid,0.8,0.6,88,5,0.20000000000000007
Longest common subsequence,0.8,0.6,61,40,0.20000000000000007
Reed–Sternberg cell,0.8,0.6,90,30,0.20000000000000007
Rectification (geometry),0.8,0.6,83,5,0.20000000000000007
Culicoides,0.8,0.6,2,100,0.20000000000000007
Lixisenatide,0.8,0.6,66,30,0.20000000000000007
Othala,0.8,0.6,88,5,0.20000000000000007
Fisher information metric,0.8,0.6,45,5,0.20000000000000007
Vaginal flora,0.8,0.6,90,50,0.20000000000000007
Filipin,0.8,0.6,39,5,0.20000000000000007
Logic of graphs,0.8,0.6,41,10,0.20000000000000007
Lorena S. Beese,0.8,0.6,48,25,0.20000000000000007
Lists of human genes,0.8,0.6,56,35,0.20000000000000007
Osteomyelitis,0.8,0.6,40,15,0.20000000000000007
Fermented fish,0.8,0.6,14,5,0.20000000000000007
Bronchiectasis,0.8,0.6,70,5,0.20000000000000007
Balanitis circinata,0.8,0.6,7,5,0.20000000000000007
Lower sulfur oxides,0.8,0.6,79,25,0.20000000000000007
Luc Montagnier,0.8,0.6,59,10,0.20000000000000007
Apolipoprotein C,0.8,0.6,75,5,0.20000000000000007
Lumia (citrus),0.8,0.6,58,5,0.20000000000000007
Lycoperdonosis,0.8,0.6,97,15,0.20000000000000007
Lists of poisonings,0.8,0.6,4,5,0.20000000000000007
Flagellin,0.8,0.6,79,95,0.20000000000000007
Fermat primality test,0.8,0.6,74,5,0.20000000000000007
Cryptosporidium,0.8,0.6,83,105,0.20000000000000007
Pancreatic enzymes (medication),0.8,0.6,21,10,0.20000000000000007
List of rice cultivars,0.8,0.6,90,5,0.20000000000000007
Cryptogenic organizing pneumonia,0.8,0.6,44,10,0.20000000000000007
List of sequenced bacterial genomes,0.8,0.6,80,175,0.20000000000000007
List of shrimp dishes,0.8,0.6,35,5,0.20000000000000007
List of surnames in Ukraine,0.8,0.6,24,5,0.20000000000000007
Palmitoylethanolamide,0.8,0.6,89,5,0.20000000000000007
Urticaceae,0.8,0.6,99,10,0.20000000000000007
List of terms relating to algorithms and data structures,0.8,0.6,42,80,0.20000000000000007
Bacterial cellular morphologies,0.8,0.6,63,35,0.20000000000000007
Paralytic shellfish poisoning,0.8,0.6,0,5,0.20000000000000007
Vaccine hesitancy,0.8,0.6,40,5,0.20000000000000007
Diglyceride,0.8,0.6,83,5,0.20000000000000007
P4 (programming language),0.8,0.6,20,10,0.20000000000000007
List of unsolved problems in astronomy,0.8,0.6,79,5,0.20000000000000007
Foam depopulation,0.8,0.6,83,5,0.20000000000000007
Diphtheria,0.8,0.6,39,10,0.20000000000000007
Burkholderia cepacia complex,0.8,0.6,66,125,0.20000000000000007
Respiratory alkalosis,0.8,0.6,70,10,0.20000000000000007
Fluoroantimonic acid,0.8,0.6,25,15,0.20000000000000007
Lymphocyte,0.8,0.6,53,60,0.20000000000000007
Fibre Channel over Ethernet,0.8,0.6,64,5,0.20000000000000007
Naval Air Station Pensacola shooting,0.8,0.6,83,10,0.20000000000000007
Dopamine receptor D2,0.8,0.6,1,90,0.20000000000000007
Pascal's pyramid,0.8,0.6,52,5,0.20000000000000007
Parotitis,0.8,0.6,68,5,0.20000000000000007
RTP payload formats,0.8,0.6,85,5,0.20000000000000007
Yeyi language,0.8,0.6,86,15,0.20000000000000007
Azotobacter,0.8,0.6,94,15,0.20000000000000007
Lysyltransferase,0.8,0.6,2,10,0.20000000000000007
Basidiomycota,0.8,0.6,95,15,0.20000000000000007
Cyclone Ianos,0.8,0.6,86,5,0.20000000000000007
Feline infectious peritonitis,0.8,0.6,65,115,0.20000000000000007
Lysine—pyruvate 6-transaminase,0.8,0.6,55,15,0.20000000000000007
RASopathy,0.8,0.6,76,5,0.20000000000000007
RIG-I,0.8,0.6,26,160,0.20000000000000007
Operation Cast Thy Bread,0.8,0.6,97,5,0.20000000000000007
2023 Paris bedbug infestation,0.8,0.6,55,5,0.20000000000000007
Dnipro strikes (2022–present),0.8,0.6,72,5,0.20000000000000007
2024 Baltic Sea submarine cable disruptions,0.8,0.6,60,5,0.20000000000000007
Disease (disambiguation),0.8,0.6,43,15,0.20000000000000007
BamHI,0.8,0.6,84,240,0.20000000000000007
Rabin–Karp algorithm,0.8,0.6,72,10,0.20000000000000007
Disease registry,0.8,0.6,77,20,0.20000000000000007
Embioptera,0.6,0.4,92,5,0.19999999999999996
Horizontal transmission,0.6,0.4,13,25,0.19999999999999996
Dinitrogen trioxide,0.6,0.4,61,5,0.19999999999999996
Thiolutin,0.6,0.4,79,15,0.19999999999999996
Thymol,0.6,0.4,35,5,0.19999999999999996
Donohue syndrome,0.6,0.4,42,5,0.19999999999999996
Thyroid hormone resistance,0.6,0.4,73,35,0.19999999999999996
Horizontal gene transfer in evolution,1.0,0.8,39,80,0.19999999999999996
Digital biquad filter,1.0,0.8,22,5,0.19999999999999996
Horizontal gene transfer,1.0,0.8,0,5,0.19999999999999996
Hermes (spacecraft),0.6,0.4,64,5,0.19999999999999996
Y-DNA haplogroups by ethnic group,0.6,0.4,73,5,0.19999999999999996
Elevated transaminases,1.0,0.8,95,5,0.19999999999999996
Timeline of the COVID-19 pandemic in January 2020,0.6,0.4,61,40,0.19999999999999996
Eidetic memory,0.6,0.4,100,5,0.19999999999999996
Drug class,1.0,0.8,53,25,0.19999999999999996
Homologous recombination,1.0,0.8,0,5,0.19999999999999996
Xanthomonas campestris,0.6,0.4,96,50,0.19999999999999996
Ehrlichiosis,0.6,0.4,93,180,0.19999999999999996
Homochirality,0.6,0.4,55,15,0.19999999999999996
Timeline of HIV/AIDS,0.6,0.4,50,20,0.19999999999999996
Duplodnaviria,0.6,0.4,18,215,0.19999999999999996
Diphtheria antitoxin,1.0,0.8,13,5,0.19999999999999996
Hokushin-ron,0.6,0.4,98,5,0.19999999999999996
Ectodysplasin A receptor,1.0,0.8,85,20,0.19999999999999996
Zika fever,0.6,0.4,84,45,0.19999999999999996
Zoster vaccine,1.0,0.8,32,5,0.19999999999999996
Human milk oligosaccharide,1.0,0.8,77,235,0.19999999999999996
EPA list of extremely hazardous substances,1.0,0.8,37,10,0.19999999999999996
Howard Martin Temin,0.6,0.4,66,15,0.19999999999999996
Thromboangiitis obliterans,1.0,0.8,84,5,0.19999999999999996
Disease outbreak,0.6,0.4,28,5,0.19999999999999996
Discovery of chemical elements,1.0,0.8,25,70,0.19999999999999996
History of plague,0.6,0.4,7,170,0.19999999999999996
Histoplasmosis,0.6,0.4,79,20,0.19999999999999996
Histidine,1.0,0.8,48,40,0.19999999999999996
Dutch national flag problem,0.6,0.4,85,20,0.19999999999999996
Xanthoria parietina,0.6,0.4,42,5,0.19999999999999996
Histamine,1.0,0.8,49,60,0.19999999999999996
Human genetic resistance to malaria,1.0,0.8,38,95,0.19999999999999996
Withaferin A,0.6,0.4,18,30,0.19999999999999996
Dirofilaria repens,0.6,0.4,68,40,0.19999999999999996
The Computer Language Benchmarks Game,1.0,0.8,68,5,0.19999999999999996
Hierarchical database model,1.0,0.8,100,5,0.19999999999999996
Theacrine,0.6,0.4,74,20,0.19999999999999996
Echinococcosis,0.6,0.4,96,5,0.19999999999999996
Windows Script Host,1.0,0.8,74,5,0.19999999999999996
Western African Ebola epidemic,0.6,0.4,30,190,0.19999999999999996
Dust mask,0.6,0.4,58,5,0.19999999999999996
Directed panspermia,0.6,0.4,82,5,0.19999999999999996
Thomas Eric Duncan,0.6,0.4,82,20,0.19999999999999996
Diseases of poverty,0.6,0.4,33,10,0.19999999999999996
Ecthyma gangrenosum,0.6,0.4,83,5,0.19999999999999996
Eastern deer mouse,0.6,0.4,62,5,0.19999999999999996
Zoonosis,0.6,0.4,0,5,0.19999999999999996
Thermoception,1.0,0.8,82,10,0.19999999999999996
Thromboxane,1.0,0.8,34,5,0.19999999999999996
History of smallpox,0.6,0.4,69,30,0.19999999999999996
Follicular thyroid cancer,1.0,0.8,70,25,0.19999999999999996
Embryo transfer,0.6,0.4,27,10,0.19999999999999996
Facebook malware,0.6,0.4,66,5,0.19999999999999996
Fecal microbiota transplant,0.6,0.4,91,5,0.19999999999999996
Tyrosinemia type I,1.0,0.8,90,30,0.19999999999999996
Fatalii,0.6,0.4,39,10,0.19999999999999996
Variants of SARS-CoV-2,0.6,0.4,13,170,0.19999999999999996
Genetic studies on Russians,0.6,0.4,81,190,0.19999999999999996
Far East scarlet-like fever,0.6,0.4,53,20,0.19999999999999996
Facultative anaerobic organism,0.6,0.4,51,115,0.19999999999999996
Genetically modified maize,0.6,0.4,48,30,0.19999999999999996
Genetics of aging,0.6,0.4,44,25,0.19999999999999996
Genital ulcer,1.0,0.8,69,5,0.19999999999999996
Factor D,0.6,0.4,38,45,0.19999999999999996
Type VI secretion system,0.6,0.4,0,5,0.19999999999999996
Genetic history of East Asians,0.6,0.4,10,80,0.19999999999999996
Vasoactive intestinal peptide,0.6,0.4,9,5,0.19999999999999996
Gigantoraptor,0.6,0.4,56,5,0.19999999999999996
Ginsenoside,1.0,0.8,84,15,0.19999999999999996
Vector Sport,0.6,0.4,93,5,0.19999999999999996
FCER1,0.6,0.4,14,60,0.19999999999999996
Glossary of Sikhism,0.6,0.4,96,10,0.19999999999999996
Vector notation,0.6,0.4,28,25,0.19999999999999996
Glossary of dinosaur anatomy,0.6,0.4,87,20,0.19999999999999996
Examples of vector spaces,0.6,0.4,100,5,0.19999999999999996
Evolutionary medicine,0.6,0.4,94,10,0.19999999999999996
Evolution of schizophrenia,1.0,0.8,59,10,0.19999999999999996
Vapour pressure of water,0.6,0.4,46,10,0.19999999999999996
Vaping-associated pulmonary injury,0.6,0.4,39,15,0.19999999999999996
Heredity,1.0,0.8,61,30,0.19999999999999996
Ureaplasma parvum,0.6,0.4,80,605,0.19999999999999996
Follistatin,1.0,0.8,23,15,0.19999999999999996
Urophagia,0.6,0.4,98,10,0.19999999999999996
Urologic disease,0.6,0.4,23,10,0.19999999999999996
Food extrusion,0.6,0.4,79,5,0.19999999999999996
Follicular dendritic cell sarcoma,0.6,0.4,7,20,0.19999999999999996
Forward–backward algorithm,1.0,0.8,55,5,0.19999999999999996
Fournier gangrene,0.6,0.4,28,15,0.19999999999999996
Fragile X-associated tremor/ataxia syndrome,0.6,0.4,47,15,0.19999999999999996
Fluorinert,0.6,0.4,81,5,0.19999999999999996
Floppy disk format,1.0,0.8,49,10,0.19999999999999996
Flight tracking,0.6,0.4,68,5,0.19999999999999996
Flaccid paralysis,1.0,0.8,91,45,0.19999999999999996
Gene nomenclature,1.0,0.8,94,190,0.19999999999999996
Vachellia farnesiana,0.6,0.4,50,5,0.19999999999999996
Fungal keratitis,0.6,0.4,14,5,0.19999999999999996
Vancomycin,0.6,0.4,46,5,0.19999999999999996
Vancomycin-resistant Staphylococcus aureus,0.6,0.4,78,105,0.19999999999999996
Ukraine and weapons of mass destruction,0.6,0.4,5,10,0.19999999999999996
USS Maddox (DD-731),1.0,0.8,7,5,0.19999999999999996
USS La Jolla,0.6,0.4,69,5,0.19999999999999996
Fenbendazole,0.6,0.4,22,5,0.19999999999999996
Gender differences in suicide,1.0,0.8,13,5,0.19999999999999996
U.S. state and local government responses to the COVID-19 pandemic,0.6,0.4,19,10,0.19999999999999996
Gene drive,1.0,0.8,0,5,0.19999999999999996
Glutathione peroxidase,0.6,0.4,38,20,0.19999999999999996
Trypanosomiasis,0.6,0.4,95,35,0.19999999999999996
Glyoxylate cycle,1.0,0.8,47,60,0.19999999999999996
Hemolysis (microbiology),0.6,0.4,60,10,0.19999999999999996
Hammett acidity function,1.0,0.8,4,5,0.19999999999999996
Enterobacterales,1.0,0.8,73,50,0.19999999999999996
Haplogroup C-M217,0.6,0.4,78,5,0.19999999999999996
Havel–Hakimi algorithm,1.0,0.8,79,5,0.19999999999999996
Health risks from dead bodies,0.6,0.4,54,50,0.19999999999999996
Triatoma sordida,0.6,0.4,61,5,0.19999999999999996
Triatoma sanguisuga,0.6,0.4,53,5,0.19999999999999996
Hemagglutination assay,0.6,0.4,68,185,0.19999999999999996
Viral transport,1.0,0.8,0,5,0.19999999999999996
Enrofloxacin,0.6,0.4,65,5,0.19999999999999996
Endotheliitis,1.0,0.8,82,5,0.19999999999999996
Hemotoxin,0.6,0.4,37,15,0.19999999999999996
Euchromatin,1.0,0.8,20,40,0.19999999999999996
Endophyte,1.0,0.8,28,5,0.19999999999999996
Endocarditis,0.6,0.4,50,10,0.19999999999999996
Viverrinae,0.6,0.4,85,50,0.19999999999999996
Toxidrome,0.6,0.4,6,20,0.19999999999999996
Warm antibody autoimmune hemolytic anemia,0.6,0.4,22,65,0.19999999999999996
Encephalitis,0.6,0.4,60,55,0.19999999999999996
Toxic multinodular goitre,1.0,0.8,80,5,0.19999999999999996
Toxic megacolon,1.0,0.8,74,5,0.19999999999999996
Tlingit nouns,1.0,0.8,48,5,0.19999999999999996
Hepatotoxicity,0.6,0.4,19,10,0.19999999999999996
Web of Science,0.6,0.4,18,15,0.19999999999999996
HVV Den Haag,0.6,0.4,65,5,0.19999999999999996
Viral neuroinvasion,1.0,0.8,0,5,0.19999999999999996
Trichomoniasis,0.6,0.4,51,20,0.19999999999999996
Enzyme assay,0.6,0.4,64,25,0.19999999999999996
Gnathostomiasis,1.0,0.8,63,15,0.19999999999999996
Gobiraptor,0.6,0.4,51,5,0.19999999999999996
Ethnic bioweapon,0.6,0.4,0,5,0.19999999999999996
Estrogen receptor,0.6,0.4,95,15,0.19999999999999996
Vel blood group,0.6,0.4,23,10,0.19999999999999996
Gordonia lasianthus,0.6,0.4,54,5,0.19999999999999996
Grapheme–color synesthesia,1.0,0.8,81,5,0.19999999999999996
Grazing (behaviour),1.0,0.8,2,5,0.19999999999999996
Great Plague of London,0.6,0.4,72,5,0.19999999999999996
Viable but non-culturable,1.0,0.8,0,5,0.19999999999999996
Group A streptococcal infection,0.6,0.4,35,85,0.19999999999999996
Vibrio,1.0,0.8,19,125,0.19999999999999996
Gulf Intracoastal Waterway,0.6,0.4,64,5,0.19999999999999996
Gun violence in U.S. schools,0.6,0.4,59,15,0.19999999999999996
Trombiculidae,1.0,0.8,59,5,0.19999999999999996
Triple-stranded DNA,0.6,0.4,53,90,0.19999999999999996
Epistasis,1.0,0.8,93,5,0.19999999999999996
Epidemic,0.6,0.4,45,10,0.19999999999999996
HEK 293 cells,0.6,0.4,0,5,0.19999999999999996
HIV-1,0.6,0.4,0,5,0.19999999999999996
Eosinophilia–myalgia syndrome,0.6,0.4,47,35,0.19999999999999996
Viral genome assembly,0.6,0.4,0,5,0.19999999999999996
Trichophyton mentagrophytes,0.6,0.4,55,15,0.19999999999999996
Triclosan,0.6,0.4,50,5,0.19999999999999996
Papyrus 66,0.6,0.4,46,5,0.19999999999999996
Humanized mouse,1.0,0.8,73,80,0.19999999999999996
Query language,1.0,0.8,26,175,0.19999999999999996
Pulmonary aspiration,0.6,0.4,101,10,0.19999999999999996
Maresin,0.6,0.4,78,5,0.19999999999999996
Purple urine bag syndrome,1.0,0.8,12,5,0.19999999999999996
Pyrethroid,0.6,0.4,64,20,0.19999999999999996
Marbled crayfish,0.6,0.4,81,10,0.19999999999999996
Pyrococcus furiosus,0.6,0.4,56,45,0.19999999999999996
Qaraqosh wedding fire,0.6,0.4,39,5,0.19999999999999996
Quorum sensing,1.0,0.8,0,5,0.19999999999999996
Morganellaceae,0.6,0.4,99,30,0.19999999999999996
Malassezia globosa,0.6,0.4,76,10,0.19999999999999996
Magnaporthe grisea,0.6,0.4,77,25,0.19999999999999996
Diathermy,1.0,0.8,6,5,0.19999999999999996
Macrophage (ecology),0.6,0.4,99,5,0.19999999999999996
MYF6,1.0,0.8,13,10,0.19999999999999996
RNA editing,1.0,0.8,0,5,0.19999999999999996
MT-CYB,0.6,0.4,14,315,0.19999999999999996
Marshall Islands stick chart,0.6,0.4,46,5,0.19999999999999996
Marshall syndrome,0.6,0.4,61,5,0.19999999999999996
Martinus Beijerinck,0.6,0.4,96,15,0.19999999999999996
Matérn covariance function,0.6,0.4,100,5,0.19999999999999996
Mollicutes,1.0,0.8,84,60,0.19999999999999996
Mollaret's meningitis,0.6,0.4,47,5,0.19999999999999996
Molecular machine,1.0,0.8,75,60,0.19999999999999996
Molecular clock,1.0,0.8,68,10,0.19999999999999996
Microscopic polyangiitis,0.6,0.4,95,10,0.19999999999999996
Micrococcus luteus,0.6,0.4,79,35,0.19999999999999996
Microbiota decussata,1.0,0.8,23,5,0.19999999999999996
Michael Osterholm,0.6,0.4,80,5,0.19999999999999996
Metaphone,1.0,0.8,78,30,0.19999999999999996
Prune juice,0.6,0.4,99,5,0.19999999999999996
Psathyrella,1.0,0.8,12,5,0.19999999999999996
Pseudouridine,0.6,0.4,58,125,0.19999999999999996
Psilocybe caerulescens,0.6,0.4,88,10,0.19999999999999996
Maximal information coefficient,1.0,0.8,92,5,0.19999999999999996
Maurer's cleft,0.6,0.4,85,25,0.19999999999999996
RNA-dependent RNA polymerase,1.0,0.8,0,5,0.19999999999999996
MRGPRX2,0.6,0.4,23,10,0.19999999999999996
MHC restriction,1.0,0.8,8,40,0.19999999999999996
Relation (database),0.6,0.4,21,15,0.19999999999999996
List of years in philosophy,0.6,0.4,46,15,0.19999999999999996
List of works by Bede,0.6,0.4,48,5,0.19999999999999996
Rep-tile,0.6,0.4,56,5,0.19999999999999996
List of waste types,1.0,0.8,71,5,0.19999999999999996
Respiratory epithelium,0.6,0.4,13,5,0.19999999999999996
List of turn-based strategy video games,0.6,0.4,4,25,0.19999999999999996
Respiratory tract,1.0,0.8,10,5,0.19999999999999996
List of terms for administrative divisions,0.6,0.4,45,5,0.19999999999999996
List of seasonal influenza vaccines,0.6,0.4,57,30,0.19999999999999996
List of phylogenetic tree visualization software,0.6,0.4,72,25,0.19999999999999996
List of network buses,0.6,0.4,37,5,0.19999999999999996
List of munitions used by the Israeli Air Force,0.6,0.4,29,10,0.19999999999999996
Reston virus,0.6,0.4,30,115,0.19999999999999996
List of introduced species,1.0,0.8,33,10,0.19999999999999996
List of human microbiota,0.6,0.4,51,35,0.19999999999999996
Listeria innocua,0.6,0.4,25,85,0.19999999999999996
Regulation of gene expression,1.0,0.8,22,80,0.19999999999999996
MHC class III,0.6,0.4,95,260,0.19999999999999996
Lists of UN numbers,1.0,0.8,50,25,0.19999999999999996
MALT1,0.6,0.4,12,120,0.19999999999999996
Rabeprazole,0.6,0.4,17,5,0.19999999999999996
Lysmata wurdemanni,0.6,0.4,88,10,0.19999999999999996
Lynx (web browser),0.6,0.4,29,5,0.19999999999999996
Lymphocytic pleocytosis,0.6,0.4,93,10,0.19999999999999996
Ramaria formosa,0.6,0.4,100,5,0.19999999999999996
Rapid antigen test,0.6,0.4,20,5,0.19999999999999996
Raw meat,1.0,0.8,95,15,0.19999999999999996
Lotus (genus),0.6,0.4,46,5,0.19999999999999996
Lophomonas blattarum,0.6,0.4,64,10,0.19999999999999996
Locality of reference,1.0,0.8,59,5,0.19999999999999996
Locality (linguistics),1.0,0.8,44,15,0.19999999999999996
Rectangle packing,0.6,0.4,77,5,0.19999999999999996
Liver (food),0.6,0.4,6,10,0.19999999999999996
Lists of ports,1.0,0.8,17,5,0.19999999999999996
Molluscum contagiosum,0.6,0.4,57,5,0.19999999999999996
Mosquito bite allergy,0.6,0.4,84,50,0.19999999999999996
Reverse vaccinology,0.6,0.4,80,60,0.19999999999999996
Numic languages,0.6,0.4,81,5,0.19999999999999996
Penicillium expansum,1.0,0.8,37,15,0.19999999999999996
Pentamidine,0.6,0.4,16,10,0.19999999999999996
Percutaneous endoscopic gastrostomy,1.0,0.8,7,5,0.19999999999999996
Perilla,1.0,0.8,50,20,0.19999999999999996
Perindopril/indapamide,1.0,0.8,56,15,0.19999999999999996
Periorbital cellulitis,1.0,0.8,24,5,0.19999999999999996
Old World quail,1.0,0.8,75,5,0.19999999999999996
Notoedric mange,0.6,0.4,62,5,0.19999999999999996
Mothers against decapentaplegic,1.0,0.8,31,10,0.19999999999999996
Peroxisome proliferator-activated receptor gamma,1.0,0.8,79,15,0.19999999999999996
Nose,1.0,0.8,21,5,0.19999999999999996
Non-ionizing radiation,1.0,0.8,74,5,0.19999999999999996
Nitrosomonas,0.6,0.4,61,180,0.19999999999999996
Phage display,0.6,0.4,0,5,0.19999999999999996
Nintedanib,0.6,0.4,49,5,0.19999999999999996
Nimravidae,0.6,0.4,61,5,0.19999999999999996
Penicillium camemberti,0.6,0.4,87,5,0.19999999999999996
Pasteurized eggs,0.6,0.4,99,15,0.19999999999999996
Pasteurella multocida,0.6,0.4,68,150,0.19999999999999996
Operation Tannenberg,0.6,0.4,51,5,0.19999999999999996
Pain ladder,0.6,0.4,76,5,0.19999999999999996
Page replacement algorithm,1.0,0.8,95,10,0.19999999999999996
Ozone depletion potential,1.0,0.8,89,5,0.19999999999999996
Oxygen scavenger,0.6,0.4,44,10,0.19999999999999996
Oxidative stress,1.0,0.8,100,20,0.19999999999999996
Oxfendazole,0.6,0.4,76,5,0.19999999999999996
Overlapping genes,0.6,0.4,0,5,0.19999999999999996
Outline of the Russo-Ukrainian War,1.0,0.8,70,5,0.19999999999999996
Parasitism,1.0,0.8,60,5,0.19999999999999996
Parasitology,1.0,0.8,25,45,0.19999999999999996
Parkinsonism,1.0,0.8,46,10,0.19999999999999996
Orthohantavirus,0.6,0.4,24,100,0.19999999999999996
Oritavancin,0.6,0.4,23,20,0.19999999999999996
Oriental rat flea,0.6,0.4,51,10,0.19999999999999996
Optic neuritis,1.0,0.8,73,5,0.19999999999999996
Phonological changes from Classical Latin to Proto-Romance,0.6,0.4,25,20,0.19999999999999996
Neuroendocrine tumor,0.6,0.4,75,5,0.19999999999999996
Neurobiological effects of physical exercise,1.0,0.8,95,5,0.19999999999999996
"N,O-Dimethyl-4-(2-naphthyl)piperidine-3-carboxylate",0.6,0.4,100,15,0.19999999999999996
MythBusters (2006 season),0.6,0.4,17,5,0.19999999999999996
Polish profanity,0.6,0.4,90,10,0.19999999999999996
Polygraph,0.6,0.4,81,5,0.19999999999999996
Mycoplasma pneumoniae,0.6,0.4,67,45,0.19999999999999996
Mycoplasma,1.0,0.8,65,5,0.19999999999999996
Porphyromonas gingivalis,0.6,0.4,98,165,0.19999999999999996
Prenalterol,0.6,0.4,91,5,0.19999999999999996
Prevalence of rabies,0.6,0.4,94,30,0.19999999999999996
Prohibitin-targeting peptide 1,0.6,0.4,92,15,0.19999999999999996
Mung bean nuclease,0.6,0.4,99,45,0.19999999999999996
Multiple endocrine neoplasia type 2,0.6,0.4,82,5,0.19999999999999996
Project SIDA,0.6,0.4,28,5,0.19999999999999996
Mueller–Hinton agar,1.0,0.8,22,5,0.19999999999999996
Mucorales,1.0,0.8,7,10,0.19999999999999996
Protease inhibitor (pharmacology),1.0,0.8,8,20,0.19999999999999996
MythBusters (2009 season),0.6,0.4,48,10,0.19999999999999996
"N50, L50, and related statistics",1.0,0.8,59,135,0.19999999999999996
Pinworm (parasite),1.0,0.8,83,75,0.19999999999999996
Pneumonia,0.6,0.4,75,40,0.19999999999999996
Neritimorpha,0.6,0.4,98,5,0.19999999999999996
Piperaceae,0.6,0.4,69,5,0.19999999999999996
Neonatal herpes,0.6,0.4,47,90,0.19999999999999996
Platax,0.6,0.4,88,15,0.19999999999999996
Pleurotus,1.0,0.8,91,5,0.19999999999999996
Negative binomial distribution,0.6,0.4,6,5,0.19999999999999996
Nectar,1.0,0.8,17,10,0.19999999999999996
Nebulizer,1.0,0.8,22,5,0.19999999999999996
Pliny the Younger on Christians,0.6,0.4,46,5,0.19999999999999996
National Microbiology Laboratory,0.6,0.4,88,5,0.19999999999999996
Nasal mucosa,1.0,0.8,100,10,0.19999999999999996
Naringin,1.0,0.8,60,5,0.19999999999999996
Nakaseomyces glabratus,1.0,0.8,47,70,0.19999999999999996
Pneumococcal conjugate vaccine,0.6,0.4,4,35,0.19999999999999996
Nabilone,0.6,0.4,72,5,0.19999999999999996
Retatrutide,0.6,0.4,76,5,0.19999999999999996
List of flags by color,0.6,0.4,50,5,0.19999999999999996
Hydrophobic effect,0.6,0.4,95,15,0.19999999999999996
Inocybe geophylla,0.6,0.4,92,10,0.19999999999999996
Stanley R. Mickelsen Safeguard Complex,0.6,0.4,91,5,0.19999999999999996
Interstellar ice,0.6,0.4,63,20,0.19999999999999996
Internal transcribed spacer,0.6,0.4,73,145,0.19999999999999996
Interleukin 23,0.6,0.4,18,15,0.19999999999999996
Interactome,0.6,0.4,77,55,0.19999999999999996
Integron,1.0,0.8,44,185,0.19999999999999996
Insertional mutagenesis,0.6,0.4,0,5,0.19999999999999996
Inocybe,1.0,0.8,101,5,0.19999999999999996
John Nkengasong,0.6,0.4,63,5,0.19999999999999996
Staphylococcus xylosus,0.6,0.4,84,5,0.19999999999999996
Stargardt disease,0.6,0.4,79,5,0.19999999999999996
Injury in plants,1.0,0.8,61,5,0.19999999999999996
Injury in animals,1.0,0.8,91,25,0.19999999999999996
Injury,0.6,0.4,26,5,0.19999999999999996
Stem rust,1.0,0.8,43,5,0.19999999999999996
Stomatitis,0.6,0.4,47,5,0.19999999999999996
Stachybotrys chartarum,1.0,0.8,11,10,0.19999999999999996
Splenic marginal zone lymphoma,1.0,0.8,5,40,0.19999999999999996
Spectral clustering,1.0,0.8,20,20,0.19999999999999996
Intraproboscis,0.6,0.4,44,15,0.19999999999999996
Silage,1.0,0.8,34,5,0.19999999999999996
Silencer (genetics),1.0,0.8,5,45,0.19999999999999996
Joanna Tse,0.6,0.4,33,5,0.19999999999999996
Jarisch–Herxheimer reaction,1.0,0.8,42,10,0.19999999999999996
Sitophilus,0.6,0.4,93,5,0.19999999999999996
Skeletal fluorosis,1.0,0.8,44,5,0.19999999999999996
Sleipnir (web browser),0.6,0.4,37,5,0.19999999999999996
Small mammal,0.6,0.4,40,5,0.19999999999999996
Iterated binary operation,0.6,0.4,56,5,0.19999999999999996
Smallpox virus retention debate,0.6,0.4,90,265,0.19999999999999996
Ioflupane (123I),0.6,0.4,35,10,0.19999999999999996
Invertebrate mitochondrial code,0.6,0.4,92,20,0.19999999999999996
Inverse-chi-squared distribution,0.6,0.4,24,5,0.19999999999999996
Southern Caribbean,0.6,0.4,8,5,0.19999999999999996
Soviet biological weapons program,0.6,0.4,0,5,0.19999999999999996
Strangulation in domestic violence,1.0,0.8,78,5,0.19999999999999996
Streptococcus thermophilus,0.6,0.4,56,160,0.19999999999999996
Strongylida,0.6,0.4,11,5,0.19999999999999996
Iguana meat,0.6,0.4,69,5,0.19999999999999996
Idioblast,0.6,0.4,89,5,0.19999999999999996
ISO 5964,0.6,0.4,65,25,0.19999999999999996
ILF3,0.6,0.4,25,90,0.19999999999999996
Taxonomy of Allium,1.0,0.8,25,15,0.19999999999999996
IA-32 Execution Layer,1.0,0.8,94,5,0.19999999999999996
I-SceI endonuclease,0.6,0.4,0,5,0.19999999999999996
Hypokalemic periodic paralysis,0.6,0.4,101,5,0.19999999999999996
Hypogeusia,0.6,0.4,46,5,0.19999999999999996
Hypogammaglobulinemia,1.0,0.8,85,30,0.19999999999999996
Hypofrontality,0.6,0.4,37,5,0.19999999999999996
Hyperforin,1.0,0.8,35,50,0.19999999999999996
Hypercapnia,1.0,0.8,46,5,0.19999999999999996
Hymenolepis diminuta,0.6,0.4,95,10,0.19999999999999996
Hymenoepimecis argyraphaga,0.6,0.4,39,5,0.19999999999999996
Hygrocybe,0.6,0.4,89,15,0.19999999999999996
Igor J. Koralnik,0.6,0.4,37,15,0.19999999999999996
Taenia saginata,0.6,0.4,91,5,0.19999999999999996
Infliximab,1.0,0.8,99,5,0.19999999999999996
Immune response,1.0,0.8,33,45,0.19999999999999996
Inflammatory response,1.0,0.8,0,5,0.19999999999999996
Structural motif,1.0,0.8,99,60,0.19999999999999996
Infectobesity,1.0,0.8,71,100,0.19999999999999996
Infective endocarditis,0.6,0.4,52,5,0.19999999999999996
Inequalities in information theory,0.6,0.4,74,10,0.19999999999999996
Index of Windows games (S),0.6,0.4,74,85,0.19999999999999996
Suicidal ideation,1.0,0.8,25,5,0.19999999999999996
Inclusion bodies,1.0,0.8,0,5,0.19999999999999996
Incisive papilla,1.0,0.8,91,5,0.19999999999999996
Inbreeding avoidance,1.0,0.8,43,5,0.19999999999999996
Impact of the COVID-19 pandemic on commercial air transport,0.6,0.4,77,5,0.19999999999999996
Superficial thrombophlebitis,1.0,0.8,15,5,0.19999999999999996
Immunological memory,1.0,0.8,36,115,0.19999999999999996
Immunologic adjuvant,0.6,0.4,43,40,0.19999999999999996
SyngenicDNA,0.6,0.4,0,5,0.19999999999999996
John C. Sanford,1.0,0.8,52,30,0.19999999999999996
John Richardson Harris,0.6,0.4,78,5,0.19999999999999996
List of fish and seafood soups,0.6,0.4,56,60,0.19999999999999996
Rōmusha,0.6,0.4,99,5,0.19999999999999996
List of Utricularia species,0.6,0.4,27,15,0.19999999999999996
Rust (fungus),0.6,0.4,46,15,0.19999999999999996
List of Spanish flu cases,0.6,0.4,19,25,0.19999999999999996
List of Nicotiana species,0.6,0.4,100,40,0.19999999999999996
List of Kereta Api Indonesia rolling stock classes,0.6,0.4,85,5,0.19999999999999996
List of Corvus species,0.6,0.4,75,15,0.19999999999999996
List of Archaea genera,0.6,0.4,24,225,0.19999999999999996
List of American television series impacted by the COVID-19 pandemic,1.0,0.8,62,15,0.19999999999999996
Signal strength and readability report,0.6,0.4,82,5,0.19999999999999996
SAM (file format),0.6,0.4,58,400,0.19999999999999996
SARS-CoV-2 variants,0.6,0.4,0,5,0.19999999999999996
Lipid,1.0,0.8,37,10,0.19999999999999996
Liotrix,1.0,0.8,57,5,0.19999999999999996
Lincosamides,0.6,0.4,64,110,0.19999999999999996
SS Politician,0.6,0.4,86,5,0.19999999999999996
Leukoencephalopathy,0.6,0.4,92,5,0.19999999999999996
List of active United States military aircraft,0.6,0.4,46,5,0.19999999999999996
"Russian warship, go fuck yourself",0.6,0.4,74,10,0.19999999999999996
Russian Alsos,1.0,0.8,24,10,0.19999999999999996
List of birds of Everglades National Park,0.6,0.4,59,5,0.19999999999999996
Rhizaria,1.0,0.8,38,25,0.19999999999999996
List of equipment of the Lebanese Armed Forces,0.6,0.4,100,5,0.19999999999999996
Rinchenia,0.6,0.4,78,20,0.19999999999999996
Rinderpest,0.6,0.4,93,30,0.19999999999999996
Risus sardonicus,0.6,0.4,66,5,0.19999999999999996
List of disabled human pseudogenes,0.6,0.4,48,75,0.19999999999999996
List of deaths due to COVID-19,0.6,0.4,98,25,0.19999999999999996
List of corvette classes,0.6,0.4,84,70,0.19999999999999996
List of captive-bred meat animals,1.0,0.8,43,10,0.19999999999999996
List of breweries in Florida,0.6,0.4,76,5,0.19999999999999996
List of birds of the Czech Republic,0.6,0.4,29,5,0.19999999999999996
Rule 34 (disambiguation),1.0,0.8,36,5,0.19999999999999996
List of birds of Massachusetts,0.6,0.4,76,10,0.19999999999999996
List of birds of Indiana,0.6,0.4,25,5,0.19999999999999996
List of birds of Honduras,0.6,0.4,59,15,0.19999999999999996
Lethal autonomous weapon,1.0,0.8,61,10,0.19999999999999996
Salivary gland,0.6,0.4,38,5,0.19999999999999996
Salmonella,0.6,0.4,36,90,0.19999999999999996
Selectable marker,1.0,0.8,0,5,0.19999999999999996
Senolytic,1.0,0.8,25,5,0.19999999999999996
Kiyoshi Shiga,0.6,0.4,4,5,0.19999999999999996
Serum (blood),1.0,0.8,85,30,0.19999999999999996
Kikuchi disease,0.6,0.4,64,190,0.19999999999999996
Khasekhemwy,0.6,0.4,72,5,0.19999999999999996
Sexual abuse and intellectual disability,1.0,0.8,56,5,0.19999999999999996
Kell antigen system,0.6,0.4,4,20,0.19999999999999996
Kavanah,1.0,0.8,82,5,0.19999999999999996
Shelf Life Extension Program,1.0,0.8,47,20,0.19999999999999996
Sherman–Morrison formula,1.0,0.8,74,5,0.19999999999999996
Shortages related to the COVID-19 pandemic,0.6,0.4,3,15,0.19999999999999996
Kalthifrons,0.6,0.4,60,5,0.19999999999999996
Siderophore,1.0,0.8,84,45,0.19999999999999996
K with stroke and diagonal stroke,0.6,0.4,53,5,0.19999999999999996
Joint United Nations Programme on HIV/AIDS,1.0,0.8,23,5,0.19999999999999996
Semliki Forest virus,0.6,0.4,0,5,0.19999999999999996
Komsomolets armored tractor,0.6,0.4,97,5,0.19999999999999996
Salmonella enterica subsp. enterica,0.6,0.4,77,400,0.19999999999999996
Kosmos 954,0.6,0.4,81,5,0.19999999999999996
Leloir pathway,0.6,0.4,98,10,0.19999999999999996
Salt substitute,0.6,0.4,99,5,0.19999999999999996
Sandawe language,0.6,0.4,53,5,0.19999999999999996
Lehmer code,0.6,0.4,28,10,0.19999999999999996
Lecanemab,0.6,0.4,36,5,0.19999999999999996
Scaffolding (bioinformatics),0.6,0.4,37,85,0.19999999999999996
Latrodectus,0.6,0.4,88,5,0.19999999999999996
Latin script in Unicode,0.6,0.4,89,15,0.19999999999999996
Language Integrated Query,1.0,0.8,46,30,0.19999999999999996
Schistosoma japonicum,0.6,0.4,46,55,0.19999999999999996
Laminated root rot,0.6,0.4,62,5,0.19999999999999996
Lagerpeton,0.6,0.4,32,5,0.19999999999999996
Lactobacillus iners,1.0,0.8,35,5,0.19999999999999996
Lactobacillus,1.0,0.8,66,175,0.19999999999999996
LCP array,1.0,0.8,40,30,0.19999999999999996
Jatropha curcas,1.0,0.8,18,5,0.19999999999999996
Ȧ,0.6,0.4,61,5,0.19999999999999996
Coronavirus,0.6,0.4,0,5,0.19999999999999996
Barbiturate overdose,1.0,0.8,17,5,0.19999999999999996
American cover-up of Japanese war crimes,0.6,0.4,2,5,0.19999999999999996
2021–2023 global supply chain crisis,0.6,0.4,22,25,0.19999999999999996
Consensus sequence,1.0,0.8,53,200,0.19999999999999996
Biomarker,0.6,0.4,57,15,0.19999999999999996
Classical swine fever,0.6,0.4,24,30,0.19999999999999996
Bassaricyon,0.6,0.4,92,140,0.19999999999999996
Canonicalization,1.0,0.8,33,15,0.19999999999999996
2023 Lake Huron high-altitude object,0.6,0.4,13,10,0.19999999999999996
Connectomics,1.0,0.8,55,10,0.19999999999999996
Classification of the Indigenous languages of the Americas,0.6,0.4,99,5,0.19999999999999996
Apocrine,1.0,0.8,72,10,0.19999999999999996
COMPASS,0.6,0.4,17,5,0.19999999999999996
Botrytis cinerea,0.6,0.4,74,5,0.19999999999999996
Cell fractionation,1.0,0.8,68,10,0.19999999999999996
Claviceps purpurea,1.0,0.8,79,5,0.19999999999999996
2024 Southern Jaguars football team,1.0,0.8,68,5,0.19999999999999996
COVID-19 lockdown in China,0.6,0.4,74,10,0.19999999999999996
DTaP-IPV/Hib vaccine,0.6,0.4,77,15,0.19999999999999996
Aerobic vaginitis,0.6,0.4,44,55,0.19999999999999996
DNS-based Authentication of Named Entities,1.0,0.8,61,5,0.19999999999999996
2024 United States listeriosis outbreak,0.6,0.4,54,10,0.19999999999999996
2024 in paleomammalogy,0.6,0.4,62,120,0.19999999999999996
Crop tolerance to seawater,1.0,0.8,13,5,0.19999999999999996
2024–25 Championnat National,0.6,0.4,17,65,0.19999999999999996
Aphididae,0.6,0.4,88,10,0.19999999999999996
Botany,0.6,0.4,60,10,0.19999999999999996
DNA sensors,0.6,0.4,0,5,0.19999999999999996
2021 in science,1.0,0.8,79,5,0.19999999999999996
Aflatoxin,0.6,0.4,0,5,0.19999999999999996
Apolipoprotein,0.6,0.4,10,50,0.19999999999999996
Amanita phalloides,0.6,0.4,71,5,0.19999999999999996
1954–55 Football League,0.6,0.4,90,5,0.19999999999999996
Bioeffector,1.0,0.8,91,10,0.19999999999999996
Definition of terrorism,1.0,0.8,59,5,0.19999999999999996
Arabinogalactan,0.6,0.4,58,35,0.19999999999999996
Cecil Kelley criticality accident,1.0,0.8,70,5,0.19999999999999996
Ageusia,0.6,0.4,85,5,0.19999999999999996
Atipamezole,1.0,0.8,49,5,0.19999999999999996
1976 swine flu outbreak,0.6,0.4,92,95,0.19999999999999996
1978 Los Angeles Dodgers season,0.6,0.4,25,5,0.19999999999999996
1984 Rajneeshee bioterror attack,0.6,0.4,37,10,0.19999999999999996
Biological dark matter,0.6,0.4,20,470,0.19999999999999996
1999 Ukrainian presidential election,0.6,0.4,41,5,0.19999999999999996
Application software,1.0,0.8,51,5,0.19999999999999996
Amblyomma americanum,0.6,0.4,72,10,0.19999999999999996
2001 Major League Baseball season,0.6,0.4,70,5,0.19999999999999996
Agaricus albolutescens,0.6,0.4,61,10,0.19999999999999996
Civet (perfumery),0.6,0.4,14,5,0.19999999999999996
Cefditoren,0.6,0.4,17,20,0.19999999999999996
Capnocytophaga canimorsus,0.6,0.4,62,140,0.19999999999999996
2011 Svalbard Polar Bear Attack,0.6,0.4,7,440,0.19999999999999996
Chestnut blight,0.6,0.4,35,5,0.19999999999999996
Apoptosis,0.6,0.4,68,10,0.19999999999999996
Bat wing development,1.0,0.8,29,5,0.19999999999999996
2016 shooting of Dallas police officers,1.0,0.8,29,10,0.19999999999999996
2019 Samoa measles outbreak,0.6,0.4,50,10,0.19999999999999996
2020 Palghar mob lynching,1.0,0.8,87,5,0.19999999999999996
Biopharmaceutical,0.6,0.4,2,45,0.19999999999999996
Biopharming,0.6,0.4,0,5,0.19999999999999996
Agglutination (biology),1.0,0.8,7,15,0.19999999999999996
COVID-19 lockdowns,0.6,0.4,39,15,0.19999999999999996
Cannabaceae,0.6,0.4,81,5,0.19999999999999996
Bacteroides,1.0,0.8,74,120,0.19999999999999996
Canis mosbachensis,0.6,0.4,23,15,0.19999999999999996
Coccidioidomycosis,0.6,0.4,45,10,0.19999999999999996
Abstract (summary),0.6,0.4,72,10,0.19999999999999996
Antibiotic resistance markers,1.0,0.8,0,5,0.19999999999999996
Adeno-associated virus,0.6,0.4,0,5,0.19999999999999996
Cue sheet (computing),0.6,0.4,40,5,0.19999999999999996
Cold medicine,0.6,0.4,85,5,0.19999999999999996
Anthrax toxin,0.6,0.4,0,5,0.19999999999999996
Achromobacter xylosoxidans,0.6,0.4,48,15,0.19999999999999996
Chaotropic agent,1.0,0.8,86,5,0.19999999999999996
Colistin,1.0,0.8,70,10,0.19999999999999996
Acid-fastness,0.6,0.4,71,10,0.19999999999999996
Candidal intertrigo,1.0,0.8,3,5,0.19999999999999996
Cyclooxygenase-2,0.6,0.4,50,15,0.19999999999999996
Cupiennius salei,0.6,0.4,90,25,0.19999999999999996
Acinetobacter baumannii,0.6,0.4,23,85,0.19999999999999996
Challenge–response authentication,1.0,0.8,51,10,0.19999999999999996
Acoramidis,0.6,0.4,40,20,0.19999999999999996
Cancer vaccine,1.0,0.8,35,80,0.19999999999999996
Acrylamide,1.0,0.8,70,5,0.19999999999999996
Bacitracin,0.6,0.4,77,15,0.19999999999999996
Canavanine,0.6,0.4,57,140,0.19999999999999996
Cutaneous leishmaniasis,0.6,0.4,76,70,0.19999999999999996
Bacillus globigii,0.6,0.4,0,5,0.19999999999999996
Cyanocobalamin,0.6,0.4,72,5,0.19999999999999996
Adenosine receptor antagonist,1.0,0.8,89,5,0.19999999999999996
Co-infection,1.0,0.8,0,5,0.19999999999999996
Crystallopathy,1.0,0.8,80,15,0.19999999999999996
COVID-19 pandemic in France,0.6,0.4,37,25,0.19999999999999996
Cytotoxicity,1.0,0.8,100,20,0.19999999999999996
Cross-reactive immunity,1.0,0.8,0,5,0.19999999999999996
Bornean tiger,0.6,0.4,46,5,0.19999999999999996
Aedes albopictus,1.0,0.8,0,5,0.19999999999999996
Clonorchiasis,0.6,0.4,90,40,0.19999999999999996
Auto-brewery syndrome,1.0,0.8,0,5,0.19999999999999996
COVID-19 pandemic by country and territory,0.6,0.4,95,65,0.19999999999999996
Cryobiology,1.0,0.8,78,5,0.19999999999999996
Cryoconservation of animal genetic resources,1.0,0.8,57,50,0.19999999999999996
Clostridium tetani,0.6,0.4,53,50,0.19999999999999996
Central nervous system disease,0.6,0.4,55,5,0.19999999999999996
Antisense therapy,1.0,0.8,87,40,0.19999999999999996
Biotechnology risk,1.0,0.8,7,100,0.19999999999999996
Blood type distribution by country,0.6,0.4,75,15,0.19999999999999996
COVID-19 pandemic in Hong Kong,0.6,0.4,44,20,0.19999999999999996
COVID-19 pandemic in Japan,0.6,0.4,48,10,0.19999999999999996
Antiphospholipid syndrome,1.0,0.8,12,5,0.19999999999999996
Central–Eastern Malayo-Polynesian languages,1.0,0.8,96,5,0.19999999999999996
Adrenergic antagonist,1.0,0.8,29,5,0.19999999999999996
Blue rubber bleb nevus syndrome,1.0,0.8,80,5,0.19999999999999996
COVID-19 pandemic in Montenegro,0.6,0.4,29,10,0.19999999999999996
AES key schedule,0.6,0.4,79,5,0.19999999999999996
COVID-19 pandemic in Syria,1.0,0.8,12,30,0.19999999999999996
Comparison of operating systems,1.0,0.8,40,5,0.19999999999999996
AIDS (computer virus),0.6,0.4,55,90,0.19999999999999996
Autoimmune urticaria,0.6,0.4,61,10,0.19999999999999996
Alternanthera philoxeroides,0.6,0.4,96,5,0.19999999999999996
Actinomycetota,1.0,0.8,80,15,0.19999999999999996
16S ribosomal RNA,0.6,0.4,95,125,0.19999999999999996
Alloenzyme,1.0,0.8,11,95,0.19999999999999996
Cingulate cortex,1.0,0.8,68,5,0.19999999999999996
Choline,0.6,0.4,97,5,0.19999999999999996
Corpus spongiosum (penis),0.6,0.4,62,5,0.19999999999999996
Bicyclic molecule,0.6,0.4,70,5,0.19999999999999996
Allergic response,1.0,0.8,16,10,0.19999999999999996
Ciclopirox,0.6,0.4,42,5,0.19999999999999996
Bronchoalveolar lavage,1.0,0.8,36,5,0.19999999999999996
1854 Broad Street cholera outbreak,0.6,0.4,69,5,0.19999999999999996
Asd RNA motif,0.6,0.4,68,255,0.19999999999999996
Ascomycota,0.6,0.4,93,25,0.19999999999999996
Arctica islandica,1.0,0.8,93,5,0.19999999999999996
1900 English beer poisoning,1.0,0.8,44,115,0.19999999999999996
Air travel disruption after the 2010 Eyjafjallajökull eruption,0.6,0.4,48,5,0.19999999999999996
Chloromethane,0.6,0.4,89,50,0.19999999999999996
Ardeirhynchus,0.6,0.4,52,5,0.19999999999999996
Costello syndrome,1.0,0.8,46,10,0.19999999999999996
Burseraceae,0.6,0.4,5,10,0.19999999999999996
Ciguatoxin,0.6,0.4,75,25,0.19999999999999996
Corydoras,0.6,0.4,64,5,0.19999999999999996
Butyrylcholinesterase,0.6,0.4,55,5,0.19999999999999996
Alcohol consumption recommendations,0.6,0.4,73,5,0.19999999999999996
Brucella abortus,0.6,0.4,64,30,0.19999999999999996
Chorda tympani,1.0,0.8,22,10,0.19999999999999996
Corneal abrasion,0.6,0.4,6,5,0.19999999999999996
Cidofovir,1.0,0.8,89,55,0.19999999999999996
Carcinogen,1.0,0.8,57,25,0.19999999999999996
Brucella,0.6,0.4,0,5,0.19999999999999996
Bullous impetigo,1.0,0.8,56,55,0.19999999999999996
Bee pollen,0.6,0.4,66,5,0.19999999999999996
Cotesia congregata,0.6,0.4,91,15,0.19999999999999996
Chylomicron,0.6,0.4,65,20,0.19999999999999996
Butyricimonas,0.6,0.4,72,5,0.19999999999999996
"Coronavirus, Explained",0.6,0.4,48,10,0.19999999999999996
1837 Great Plains smallpox epidemic,1.0,0.8,97,15,0.19999999999999996
Bibliography,1.0,0.8,54,5,0.19999999999999996
Alkalihalobacillus clausii,0.6,0.4,73,5,0.19999999999999996
Corixidae,1.0,0.8,47,5,0.19999999999999996
Bees and toxic chemicals,0.6,0.4,17,10,0.19999999999999996
Circulating tumor DNA,0.6,0.4,75,65,0.19999999999999996
Chronic condition,0.6,0.4,90,10,0.19999999999999996
Chronic mucocutaneous candidiasis,0.6,0.4,2,10,0.19999999999999996
Agouti coloration genetics,0.6,0.4,70,85,0.19999999999999996
Asymptomatic carrier,0.6,0.4,29,60,0.19999999999999996
Bioaugmentation,1.0,0.8,40,20,0.19999999999999996
Bioaerosols,0.6,0.4,0,5,0.19999999999999996
Nociceptor,0.6,0.6,81,10,0.0
Nitrate radical,0.6,0.6,55,5,0.0
Bactrocera dorsalis,0.8,0.8,87,5,0.0
Ovotesticular syndrome,1.0,1.0,90,5,0.0
Badger culling in the United Kingdom,0.6,0.6,89,5,0.0
Bailey–Borwein–Plouffe formula,0.8,0.8,36,20,0.0
Bacteroidota,1.0,1.0,29,255,0.0
Osteoclast,1.0,1.0,83,5,0.0
Outline of war,1.0,1.0,14,3,0.0
Osimertinib,0.6,0.6,14,5,0.0
Oxidative phosphorylation,0.6,0.6,30,5,0.0
Nisin,0.6,0.6,75,45,0.0
Bacteroides fragilis,0.8,0.8,18,75,0.0
Nomen dubium,1.0,1.0,84,10,0.0
Oshkosh M-ATV,0.8,0.8,84,5,0.0
Oxidizing agent,0.8,0.8,93,5,0.0
Oxygen saturation,0.8,0.8,4,5,0.0
Nitration,0.8,0.8,29,5,0.0
Nitrazepam,0.8,0.8,40,5,0.0
Outline of the human nervous system,0.8,0.8,46,5,0.0
Bahia Honda Key,0.8,0.8,78,5,0.0
Nivkh languages,0.6,0.6,8,5,0.0
Osteosarcoma,1.0,1.0,13,15,0.0
Ostrya virginiana,0.6,0.6,26,5,0.0
Belimumab,0.8,0.8,26,15,0.0
Bahr El-Baqar primary school bombing,0.6,0.6,33,5,0.0
Nitrosamine,0.8,0.8,26,15,0.0
Nitromethane,1.0,1.0,88,5,0.0
Oudin coil,0.6,0.6,72,5,0.0
Osteomalacia,1.0,1.0,96,5,0.0
Beneficial insect,1.0,1.0,29,5,0.0
Ouranopithecus turkae,0.6,0.6,99,20,0.0
Nl (format),0.6,0.6,81,10,0.0
Outline of food preparation,0.8,0.8,8,5,0.0
Outline of nanotechnology,0.8,0.8,47,5,0.0
Nitrogen mustard,0.8,0.8,90,55,0.0
Nitrogen compounds,0.6,0.6,43,15,0.0
Bakumatsu,0.6,0.6,66,5,0.0
Outline of scientific method,1.0,1.0,73,5,0.0
Outline of the Doors,0.8,0.8,100,10,0.0
Ochratoxin,0.6,0.6,8,15,0.0
Bacterial toxins,1.0,1.0,0,5,0.0
Benevolent prejudice,1.0,1.0,11,5,0.0
Page (paper),0.6,0.6,16,5,0.0
Pagoclone,0.6,0.6,72,30,0.0
Pain in crustaceans,1.0,1.0,95,15,0.0
Palaeoptera,0.8,0.8,37,5,0.0
Paleodictyon,0.8,0.8,70,5,0.0
Paleolithic dog,0.8,0.8,81,5,0.0
Paleopathology,0.8,0.8,74,20,0.0
Palladin,1.0,1.0,100,45,0.0
Pallister–Killian syndrome,0.8,0.8,78,5,0.0
Nick translation,0.8,0.8,11,65,0.0
Nguni languages,0.6,0.6,100,5,0.0
New riddle of induction,0.6,0.6,65,10,0.0
Bacterial capsule,0.6,0.6,39,100,0.0
New Zealand Threat Classification System,0.6,0.6,32,20,0.0
Pan (genus),0.6,0.6,53,5,0.0
Panama disease,0.6,0.6,18,5,0.0
Bacterial artificial chromosome,0.8,0.8,0,5,0.0
Pandanus amaryllifolius,0.6,0.6,58,5,0.0
Pandemic,0.6,0.6,32,25,0.0
Pandemic H1N1/09 virus,0.6,0.6,1,55,0.0
Bacteria,0.8,0.8,47,30,0.0
Pannonian Rusyn,0.8,0.8,92,5,0.0
Neutrophil extracellular traps,0.6,0.6,0,5,0.0
Pantoea,0.5,0.5,83,12,0.0
Neutropenic enterocolitis,0.6,0.6,76,10,0.0
Bacillus thuringiensis,0.6,0.6,0,5,0.0
Pantry,1.0,1.0,98,5,0.0
Paperity,0.6,0.6,43,10,0.0
Page table,0.8,0.8,67,10,0.0
Page (computer memory),0.6,0.6,62,10,0.0
Benign fasciculation syndrome,0.6,0.6,9,5,0.0
Pablum,0.6,0.6,77,5,0.0
Oxygen tolerance,0.8,0.8,0,5,0.0
Oxygen toxicity,0.6,0.6,86,15,0.0
Ninjatō,0.6,0.6,79,5,0.0
Oxygen-16,0.6,0.6,60,10,0.0
Oxygen–hemoglobin dissociation curve,0.6,0.6,63,10,0.0
Ozanimod,0.6,0.6,40,10,0.0
Nimravides,1.0,1.0,93,10,0.0
Ozone therapy,0.8,0.8,86,5,0.0
Benzatropine,0.6,0.6,58,5,0.0
PA-X protein,0.8,0.8,0,5,0.0
PAX3,0.6,0.6,48,50,0.0
PB1-F2 protein,0.5,0.5,0,4,0.0
PCSK9,0.8,0.8,84,5,0.0
Nimodipine,0.6,0.6,75,10,0.0
Night eating syndrome,0.8,0.8,67,10,0.0
PD-1 and PD-L1 inhibitors,0.6,0.6,4,10,0.0
PDE4A,0.8,0.8,96,5,0.0
Nicotine,0.8,0.8,15,15,0.0
Benzo(a)pyrene,0.8,0.8,88,10,0.0
PDF/A,0.8,0.8,98,40,0.0
Nicotinamide mononucleotide,0.8,0.8,45,30,0.0
PEGylation,0.6,0.6,29,5,0.0
PETase,0.6,0.6,19,30,0.0
PLY (file format),0.6,0.6,98,15,0.0
POST (HTTP),1.0,1.0,94,5,0.0
PPP1R1B,0.6,0.6,93,10,0.0
PaLM,1.0,1.0,45,10,0.0
Beer measurement,0.6,0.6,60,5,0.0
Bank Julius Baer v. WikiLeaks,1.0,1.0,68,5,0.0
Osavampator,0.8,0.8,88,5,0.0
Nyala,0.6,0.6,94,5,0.0
Nutritional immunology,1.0,1.0,70,20,0.0
Oligodendrocyte,0.8,0.8,3,5,0.0
Oligodynamic effect,1.0,1.0,81,5,0.0
Oligomer,1.0,1.0,72,65,0.0
Oligopeptide,0.6,0.6,2,95,0.0
Oligosaccharide,0.6,0.6,3,90,0.0
Nutrient agar,0.6,0.6,60,10,0.0
Omalizumab,1.0,1.0,65,15,0.0
Omasum,0.8,0.8,8,5,0.0
Batrachotoxin,0.6,0.6,44,35,0.0
Nutraloaf,0.6,0.6,52,5,0.0
Nurse plant,0.6,0.6,86,10,0.0
Nuptial gift,0.6,0.6,86,5,0.0
Nunn–Lugar Cooperative Threat Reduction,0.6,0.6,9,10,0.0
Bat microbiota,1.0,1.0,0,5,0.0
Baum–Welch algorithm,1.0,1.0,84,20,0.0
Bat,0.8,0.8,5,5,0.0
One-shot learning (computer vision),1.0,1.0,76,5,0.0
Onsen,0.8,0.8,25,5,0.0
Numbering scheme,1.0,1.0,97,10,0.0
Number sense in animals,1.0,1.0,36,5,0.0
Ontology (information science),1.0,1.0,53,5,0.0
Onycha,0.6,0.6,94,5,0.0
Oocyte,0.8,0.8,80,5,0.0
Nucleotide,1.0,1.0,24,60,0.0
Bay (horse),0.6,0.6,81,5,0.0
Nucleoside,1.0,1.0,41,92,0.0
Oligoclonal band,0.8,0.8,31,30,0.0
Olfactory tract,0.6,0.6,36,10,0.0
Oryzias,0.6,0.6,69,5,0.0
Olfactory receptor,0.6,0.6,69,35,0.0
Battle of Lyman (September–October 2022),0.6,0.6,61,5,0.0
Ocrelizumab,1.0,1.0,83,10,0.0
Object–relational mapping,1.0,1.0,57,10,0.0
Octyl methoxycinnamate,0.8,0.8,85,5,0.0
Object composition,0.6,0.6,50,10,0.0
Object (grammar),0.6,0.6,66,10,0.0
Odonatoptera,0.8,0.8,26,5,0.0
Battle of Iwo Jima order of battle,0.8,0.8,30,5,0.0
Off-label use,1.0,1.0,91,5,0.0
Ofloxacin,0.8,0.8,90,5,0.0
Obfuscation,0.8,0.8,15,5,0.0
Battlefield archaeology,1.0,1.0,68,5,0.0
OTR-21 Tochka,0.8,0.8,62,10,0.0
Oily fish,0.8,0.8,36,5,0.0
Okapi BM25,0.6,0.6,24,150,0.0
Oktoberfest bombing,0.6,0.6,9,20,0.0
Okurigana,0.6,0.6,50,5,0.0
Old Irish grammar,1.0,1.0,88,25,0.0
Old Japanese,0.8,0.8,60,5,0.0
Battle of Amami-Ōshima,0.6,0.6,13,5,0.0
Oleanolic acid,0.6,0.6,54,5,0.0
Nystatin,1.0,1.0,19,5,0.0
Olenivka prison massacre,0.8,0.8,16,10,0.0
Nyquist–Shannon sampling theorem,0.8,0.8,37,5,0.0
Nypa fruticans,1.0,1.0,43,5,0.0
Nynetjer,0.6,0.6,99,5,0.0
Olfactory fatigue,1.0,1.0,81,20,0.0
Open Virtualization Format,0.6,0.6,92,5,0.0
Papilloma,1.0,1.0,46,10,0.0
Basophil,0.8,0.8,62,5,0.0
Operation Braunschweig,0.6,0.6,98,5,0.0
Organic food,1.0,1.0,82,5,0.0
Organic milk,1.0,1.0,43,5,0.0
Organophosphate,1.0,1.0,37,5,0.0
Organophosphate poisoning,0.8,0.8,63,15,0.0
Baricitinib,0.6,0.6,67,5,0.0
Origin of replication,0.8,0.8,76,15,0.0
Bardet–Biedl syndrome,0.8,0.8,73,10,0.0
Nose cone design,0.6,0.6,57,5,0.0
Orkhon inscriptions,0.6,0.6,74,5,0.0
Ornithine,0.8,0.8,90,55,0.0
Ornithocheirus,0.8,0.8,4,10,0.0
Ornithodesmus,0.6,0.6,82,5,0.0
Ornithomimidae,0.6,0.6,41,5,0.0
Bean weevil,0.8,0.8,50,5,0.0
Ornithopoda,0.6,0.6,60,5,0.0
Orphenadrine,0.6,0.6,45,5,0.0
Orthogonal complement,1.0,1.0,32,10,0.0
Orthographic transcription,0.8,0.8,54,5,0.0
Occupational hazards of grain facilities,0.6,0.6,43,5,0.0
Ballistic gelatin,0.8,0.8,85,5,0.0
Northern goshawk,0.6,0.6,92,5,0.0
Orthonormality,1.0,1.0,60,5,0.0
Norrie disease,0.6,0.6,51,5,0.0
Ballistic Missile Early Warning System,1.0,1.0,32,5,0.0
Normal (geometry),1.0,1.0,31,10,0.0
Orthosilicic acid,0.8,0.8,46,15,0.0
Orville Gibson,0.6,0.6,22,5,0.0
Organic and Biomolecular Chemistry,0.6,0.6,65,30,0.0
NoteCards,0.6,0.6,36,15,0.0
Organelle,0.6,0.6,15,10,0.0
Opioid,0.6,0.6,57,5,0.0
Bayesian multivariate linear regression,0.6,0.6,46,5,0.0
Bayesian search theory,0.8,0.8,92,5,0.0
Nucleic acid sequence,0.8,0.8,39,285,0.0
Basidiocarp,0.8,0.8,42,5,0.0
Base (chemistry),0.6,0.6,84,5,0.0
Nucleic acid double helix,1.0,1.0,97,40,0.0
Operon,0.6,0.6,63,75,0.0
Ophiophagy,0.6,0.6,92,5,0.0
Bcl-2 family,0.6,0.6,18,75,0.0
Ophir,0.6,0.6,84,5,0.0
Opiate,0.6,0.6,67,10,0.0
Opinion polling for the 2026 Russian legislative election,0.6,0.6,78,5,0.0
Nuclear strategy,0.8,0.8,37,5,0.0
Nothofagus,0.6,0.6,70,5,0.0
Opioid overdose,0.8,0.8,75,5,0.0
Opisthokont,0.8,0.8,100,35,0.0
Opisthotonus,0.8,0.8,77,5,0.0
Barry Harris,0.8,0.8,11,5,0.0
Opsin,0.6,0.6,59,5,0.0
Nuclear bunker buster,0.8,0.8,57,5,0.0
Novgorod veche,0.6,0.6,66,5,0.0
Barraquer–Simons syndrome,0.6,0.6,62,10,0.0
Beaker (laboratory equipment),0.6,0.6,16,5,0.0
Orcinus,0.6,0.6,43,5,0.0
Bean,0.6,0.6,6,5,0.0
Organ culture,0.8,0.8,56,15,0.0
Open reading frame,0.6,0.6,15,140,0.0
Device independent file format,0.6,0.6,62,10,0.0
Bacillus subtilis,0.6,0.6,7,15,0.0
Platelet,0.8,0.8,78,10,0.0
Ataxia–telangiectasia,0.6,0.6,23,15,0.0
Pneumomediastinum,1.0,1.0,79,5,0.0
Pneumodesmus,0.6,0.6,91,5,0.0
Pneumoconiosis,0.8,0.8,32,5,0.0
Ateji,0.6,0.6,40,5,0.0
Atgeir,0.8,0.8,53,5,0.0
Plummer–Vinson syndrome,1.0,1.0,98,10,0.0
Plumbagin,0.6,0.6,64,10,0.0
Plum Island Animal Disease Center,1.0,1.0,0,5,0.0
Plum Island (New York),0.6,0.6,1,5,0.0
Plug flow reactor model,0.6,0.6,30,5,0.0
Aticaprant,0.8,0.8,37,10,0.0
Pleurotus ostreatus,0.6,0.6,19,25,0.0
Pleura,0.8,0.8,10,5,0.0
Atomic bombings of Hiroshima and Nagasaki,0.8,0.8,82,5,0.0
Poaching (cooking),0.6,0.6,42,5,0.0
Atacama skeleton,1.0,1.0,75,5,0.0
Poem code,0.6,0.6,98,5,0.0
Poliovirus synthesis,0.6666666666666666,0.6666666666666666,0,3,0.0
Polycarbophil calcium,1.0,1.0,95,15,0.0
Polyadenylation,1.0,1.0,71,10,0.0
Political warfare,1.0,1.0,20,5,0.0
Political violence,0.6,0.6,99,5,0.0
Astroinformatics,1.0,1.0,11,10,0.0
Polish phonology,0.8,0.8,90,5,0.0
Asymptomatic inflammatory prostatitis,0.8,0.8,80,5,0.0
Poison,1.0,1.0,7,5,0.0
Polio,1.0,1.0,61,95,0.0
Polarized 3D system,0.8,0.8,32,5,0.0
Polarization (waves),0.8,0.8,84,5,0.0
Pokémon doujinshi incident,0.8,0.8,70,5,0.0
Poisson–Boltzmann equation,1.0,1.0,36,5,0.0
Poisoned candy myths,0.6,0.6,25,5,0.0
Pleistocene human diet,1.0,1.0,20,5,0.0
Atomic gardening,0.6,0.6,73,5,0.0
Polyhexanide,0.6,0.6,101,10,0.0
Atopy,1.0,1.0,63,25,0.0
Place cell,1.0,1.0,23,5,0.0
Pizotifen,0.6,0.6,100,10,0.0
Attenuated total reflectance,0.8,0.8,20,5,0.0
Pivot element,0.8,0.8,89,10,0.0
Piscivore,0.8,0.8,25,5,0.0
Piracetam,1.0,1.0,71,5,0.0
Atypical teratoid rhabdoid tumor,0.6,0.6,95,10,0.0
Audio equipment,1.0,1.0,23,5,0.0
Pinus resinosa,0.6,0.6,45,5,0.0
Pingback,0.8,0.8,40,5,0.0
Ping-pong mechanism,0.6,0.6,0,5,0.0
Pimecrolimus,0.6,0.6,101,25,0.0
Pilot-operated relief valve,0.8,0.8,95,5,0.0
Pig slaughter,0.8,0.8,70,5,0.0
Piezoelectric sensor,1.0,1.0,96,5,0.0
Placentitis,0.6,0.6,86,10,0.0
Placentophagy,0.6,0.6,80,5,0.0
Atta (ant),0.8,0.8,70,5,0.0
Plantago,0.6,0.6,81,5,0.0
Plasmid vectors,0.75,0.75,0,4,0.0
Plasmid,0.6,0.6,30,220,0.0
Plasmacytoid dendritic cell,1.0,1.0,91,15,0.0
Plasma cell dyscrasias,1.0,1.0,58,5,0.0
Plasma cell,0.8,0.8,4,20,0.0
Plants of the World Online,0.6,0.6,67,5,0.0
Atropine,0.8,0.8,0,5,0.0
Plague of Cyprian,0.6,0.6,28,5,0.0
Plant taxonomy,0.6,0.6,49,5,0.0
Plant perception (physiology),0.6,0.6,100,10,0.0
Atropine poisoning,0.8,0.8,0,5,0.0
Plant breeding,0.6,0.6,75,10,0.0
Planning of the September 11 attacks,0.8,0.8,13,5,0.0
Planetary habitability in the Solar System,0.8,0.8,72,5,0.0
Astrocytes,1.0,1.0,0,3,0.0
Polymer fume fever,0.6,0.6,79,15,0.0
Paracellular transport,0.6,0.6,94,15,0.0
Predictive text,0.6,0.6,67,5,0.0
Program synthesis,0.6,0.6,59,20,0.0
Progenitor cell,0.6,0.6,66,5,0.0
Processor design,1.0,1.0,93,5,0.0
Probiotic,1.0,1.0,64,5,0.0
Ascaris lumbricoides,0.6,0.6,97,15,0.0
Prins reaction,0.8,0.8,61,5,0.0
Primary somatosensory cortex,0.8,0.8,59,10,0.0
Primary progressive aphasia,1.0,1.0,95,20,0.0
Primary motor cortex,0.8,0.8,70,5,0.0
Asherah pole,0.8,0.8,88,5,0.0
Pressure-sensitive tape,0.8,0.8,30,5,0.0
Pressure coefficient,0.8,0.8,24,5,0.0
Prenatal and perinatal psychology,0.8,0.8,96,5,0.0
Aspergillus niger,0.8,0.8,93,20,0.0
Premastication,0.6,0.6,6,5,0.0
Programmed cell death protein 1,1.0,1.0,33,20,0.0
Progressive myoclonus epilepsy,1.0,1.0,81,5,0.0
Arylcyclohexylamine,0.6,0.6,82,5,0.0
Proposed top-level domain,1.0,1.0,56,5,0.0
Protected designation of origin,1.0,1.0,47,5,0.0
Proteasome,0.6,0.6,88,25,0.0
Artificial saliva,1.0,1.0,74,10,0.0
Protease,1.0,1.0,1,15,0.0
Prostaglandin F receptor,0.6,0.6,72,25,0.0
Prostacyclin,0.8,0.8,73,5,0.0
Proper convex function,0.8,0.8,49,5,0.0
Project Gunrunner,0.6,0.6,18,5,0.0
Propellant,0.8,0.8,57,5,0.0
Proofs of trigonometric identities,1.0,1.0,79,5,0.0
Proofs of Fermat's little theorem,0.6,0.6,96,10,0.0
Prokaryote,0.8,0.8,25,20,0.0
Project network,0.8,0.8,77,5,0.0
Artificial tears,0.6,0.6,15,5,0.0
Prefix sum,1.0,1.0,66,10,0.0
Precision-guided munition,1.0,1.0,96,10,0.0
Astigmatism,1.0,1.0,25,5,0.0
Precipitation,0.8,0.8,57,5,0.0
Post correspondence problem,1.0,1.0,74,20,0.0
"Association for Molecular Pathology v. Myriad Genetics, Inc.",0.6,0.6,86,40,0.0
Positive and negative predictive values,0.6,0.6,93,5,0.0
Position (geometry),0.8,0.8,100,10,0.0
Associative array,1.0,1.0,76,20,0.0
Porphyra,0.8,0.8,98,5,0.0
Pork,0.6,0.6,93,10,0.0
Porin (protein),0.8,0.8,85,70,0.0
Assumption Greyhounds football,0.6,0.6,83,595,0.0
Popliteal pterygium syndrome,0.6,0.6,50,5,0.0
Popeye (missile),0.8,0.8,56,5,0.0
Polysaccharide,1.0,1.0,74,30,0.0
Polypodium hydriforme,0.8,0.8,92,15,0.0
Polyploidy,0.6,0.6,34,5,0.0
Polynucleotide,0.6,0.6,46,165,0.0
Post-translational modification,1.0,1.0,0,5,0.0
Posterior cingulate cortex,0.6,0.6,32,5,0.0
Posterior cortical atrophy,1.0,1.0,81,5,0.0
Powered air-purifying respirator,0.6,0.6,48,5,0.0
Precancerous condition,1.0,1.0,85,5,0.0
Pre-exposure prophylaxis for HIV prevention,1.0,1.0,14,5,0.0
Assembly theory,0.6,0.6,48,5,0.0
Pragmatic clinical trial,1.0,1.0,50,5,0.0
Pozzolanic activity,0.8,0.8,80,5,0.0
Assimilation (biology),0.8,0.8,88,10,0.0
Power (physics),0.6,0.6,85,5,0.0
Posterior pituitary,1.0,1.0,93,5,0.0
Potto,0.8,0.8,20,10,0.0
Potter sequence,0.8,0.8,52,5,0.0
Potentilla,0.6,0.6,7,5,0.0
Potential energy surface,1.0,1.0,50,5,0.0
Posthumous sperm retrieval,0.6,0.6,58,5,0.0
Posterior urethral valve,1.0,1.0,92,5,0.0
Picture superiority effect,0.8,0.8,68,20,0.0
Australian scrub python,0.6,0.6,96,5,0.0
Piciformes,0.6,0.6,86,45,0.0
PatchMatch,0.6,0.6,74,25,0.0
Penicillin,0.6,0.6,28,5,0.0
Pelecaniformes,0.6,0.6,75,5,0.0
Pegon script,0.6,0.6,96,5,0.0
Peerage law,1.0,1.0,77,5,0.0
Pedra Furada,0.6,0.6,47,5,0.0
Avachinsky,0.6,0.6,34,5,0.0
Pediculosis,1.0,1.0,98,5,0.0
Availability,1.0,1.0,49,5,0.0
Pectin lyase,0.6,0.6,93,5,0.0
Peak signal-to-noise ratio,0.6,0.6,21,5,0.0
Pathology,0.6,0.6,29,5,0.0
Avalon Code,0.6,0.6,28,5,0.0
Pathogenesis,0.6,0.6,15,20,0.0
Neutron transport,1.0,1.0,52,5,0.0
Aviation biofuel,1.0,1.0,78,5,0.0
Autosadism,0.8,0.8,36,5,0.0
Autopoiesis,0.8,0.8,57,5,0.0
Penile fracture,0.6,0.6,100,5,0.0
Per-unit system,0.8,0.8,89,5,0.0
Periodic fever syndrome,1.0,1.0,19,20,0.0
Automated airport weather station,1.0,1.0,39,5,0.0
Automatism (medicine),0.8,0.8,16,5,0.0
Perfluorinated compound,0.8,0.8,95,5,0.0
Autonomic dysreflexia,0.6,0.6,25,5,0.0
Perchlorate,0.8,0.8,36,5,0.0
Peptidoglycan glycosyltransferase,0.8,0.8,47,15,0.0
Penile frenulum,1.0,1.0,87,5,0.0
Peptide mass fingerprinting,1.0,1.0,88,165,0.0
Peptide,0.8,0.8,67,45,0.0
Peppered moth evolution,0.8,0.8,48,5,0.0
Pentraxins,1.0,1.0,78,35,0.0
Pentose phosphate pathway,0.8,0.8,80,5,0.0
Penile spines,0.8,0.8,59,5,0.0
Aviation transponder interrogation modes,0.6,0.6,2,5,0.0
Pastinaca sativa,0.6,0.6,58,5,0.0
Pichia,0.6,0.6,97,10,0.0
Axis of evil (cosmology),0.6,0.6,93,10,0.0
Parenthetical referencing,0.6,0.6,75,5,0.0
BMC Microbiology,0.6,0.6,35,5,0.0
BSON,0.6,0.6,27,45,0.0
Babesiosis,0.6,0.6,78,25,0.0
Babirusa,0.6,0.6,32,5,0.0
Parametric surface,0.8,0.8,91,5,0.0
Paramagnetic nuclear magnetic resonance spectroscopy,0.8,0.8,14,35,0.0
Bacillary dysentery,0.8,0.8,66,30,0.0
Parahippocampal gyrus,1.0,1.0,83,10,0.0
Bacilli,0.8,0.8,63,40,0.0
Bacillota,1.0,1.0,39,20,0.0
Paraformaldehyde,0.6,0.6,83,5,0.0
Bacillus amyloliquefaciens,1.0,1.0,6,10,0.0
Paracoccidioides brasiliensis,0.6,0.6,17,10,0.0
Paracetamol poisoning,1.0,1.0,17,5,0.0
BLU-80/B Bigeye bomb,0.6,0.6,29,5,0.0
BLAKE (hash function),1.0,1.0,50,10,0.0
Paroxysmal nocturnal dyspnoea,0.6,0.6,89,5,0.0
Paruresis,0.8,0.8,76,5,0.0
Axis–angle representation,0.6,0.6,30,10,0.0
Azobenzene,0.6,0.6,39,5,0.0
Pascal's rule,0.6,0.6,67,5,0.0
B,0.6,0.6,100,10,0.0
BASE (search engine),0.6,0.6,64,40,0.0
Parvoviridae,0.6,0.6,48,145,0.0
Partition type,0.6,0.6,37,25,0.0
Paroxysmal nocturnal hemoglobinuria,0.6,0.6,43,10,0.0
Partition function (statistical mechanics),1.0,1.0,59,5,0.0
Partition function (mathematics),1.0,1.0,52,15,0.0
Partition alignment,0.6,0.6,53,5,0.0
Particulates,1.0,1.0,58,15,0.0
Partial permutation,0.6,0.6,55,15,0.0
Parry–Romberg syndrome,0.8,0.8,47,5,0.0
Peripheral artery disease,0.8,0.8,97,5,0.0
Autoimmune polyendocrine syndrome type 1,0.6,0.6,25,15,0.0
Periplasmic expression,0.8,0.8,0,5,0.0
Peristalsis,0.8,0.8,95,10,0.0
Photoheterotroph,0.8,0.8,26,5,0.0
Photographic paper,0.6,0.6,77,5,0.0
Phosphorylation cascade,0.8,0.8,40,5,0.0
Phosphorus cycle,0.8,0.8,58,5,0.0
Phosphodiesterase inhibitor,1.0,1.0,20,5,0.0
Phosphodiester bond,0.6,0.6,22,20,0.0
Phosphine,0.6,0.6,62,15,0.0
Phosphazene,0.8,0.8,75,15,0.0
Phosgene oxime,0.6,0.6,72,10,0.0
Phormium tenax,1.0,1.0,58,5,0.0
Phonological history of Old English,0.6,0.6,55,5,0.0
Autism and memory,0.6,0.6,55,20,0.0
Phocaeicola vulgatus,0.6,0.6,13,50,0.0
Phloem,0.8,0.8,85,5,0.0
Philosophy of death,0.8,0.8,76,5,0.0
Photoredox catalysis,0.8,0.8,54,5,0.0
Photosynthesis,1.0,1.0,95,5,0.0
Photosystem,1.0,1.0,43,10,0.0
Phytochemical,0.6,0.6,85,10,0.0
Pi-stacking,0.6,0.6,54,5,0.0
Phytoremediation,1.0,1.0,0,5,0.0
Phytophotodermatitis,0.8,0.8,48,5,0.0
Phytolith,0.6,0.6,6,15,0.0
Phytohaemagglutinin,1.0,1.0,33,30,0.0
Phytogeography,0.8,0.8,48,5,0.0
Physostigmine,1.0,1.0,11,4,0.0
Phototoxin,1.0,1.0,74,5,0.0
Physostigma venenosum,1.0,1.0,98,5,0.0
Physical plant,0.8,0.8,54,5,0.0
Physical characteristics of the Buddha,0.6,0.6,92,5,0.0
Physarum polycephalum,0.8,0.8,72,5,0.0
Autism and LGBTQ identities,0.6,0.6,49,20,0.0
Phylogenetic nomenclature,0.8,0.8,87,5,0.0
Phillip Allen Sharp,0.8,0.8,38,20,0.0
Philippines men's national basketball team results,0.6,0.6,86,5,0.0
Phenotypic trait,1.0,1.0,57,5,0.0
Person of Indian Origin Card,0.6,0.6,93,435,0.0
Autoimmune autonomic ganglionopathy,0.6,0.6,67,5,0.0
Petasis reaction,0.6,0.6,41,15,0.0
Pesticide,1.0,1.0,50,40,0.0
Pest (organism),1.0,1.0,13,5,0.0
Perspiration,1.0,1.0,69,5,0.0
Perspective-n-Point,0.8,0.8,89,5,0.0
Persistent homology,0.8,0.8,50,15,0.0
Petrifaction,0.8,0.8,69,5,0.0
Autoimmune disease,0.8,0.8,47,5,0.0
Peroxisome proliferator-activated receptor,0.75,0.75,35,92,0.0
Peroxisome,0.6,0.6,42,15,0.0
Autoimmune hemolytic anemia,0.6,0.6,66,10,0.0
Permutation test,1.0,1.0,78,5,0.0
Periventricular leukomalacia,1.0,1.0,54,10,0.0
Petiole (botany),0.8,0.8,61,5,0.0
Petrified wood,1.0,1.0,16,5,0.0
Phenothrin,0.6,0.6,62,25,0.0
Pharynx,1.0,1.0,11,5,0.0
Phenatine,0.6,0.6,80,5,0.0
Phenacyl chloride,0.6,0.6,62,15,0.0
Phasianinae,0.75,0.75,41,4,0.0
Phasianidae,0.8,0.8,28,5,0.0
Phases of clinical research,0.8,0.8,46,5,0.0
Phaseolus coccineus,0.6,0.6,58,5,0.0
Pharyngeal jaw,0.6,0.6,62,5,0.0
Peutz–Jeghers syndrome,1.0,1.0,39,5,0.0
Pharmacology of ethanol,0.6,0.6,86,5,0.0
Pharmacodynamics,0.8,0.8,50,10,0.0
PharmacoEconomics,1.0,1.0,81,5,0.0
Phalaris (plant),0.8,0.8,87,10,0.0
Autistic catatonia,1.0,1.0,39,5,0.0
Autoantibody,1.0,1.0,101,25,0.0
Avar language,0.6,0.6,17,5,0.0
Negative pressure ventilator,1.0,1.0,86,5,0.0
Benzoylecgonine,0.6,0.6,33,5,0.0
Botrychium,0.8,0.8,20,10,0.0
Botorrita plaque,0.8,0.8,41,10,0.0
Makiivka military quarters shelling,0.6,0.6,58,35,0.0
Maitotoxin,0.6,0.6,1,40,0.0
Magnocellular neurosecretory cell,0.6,0.6,40,5,0.0
Magnetorquer,0.8,0.8,16,5,0.0
Magnetoresistive RAM,0.8,0.8,100,5,0.0
Magnetohydrodynamic drive,0.8,0.8,86,5,0.0
Magnetogenetics,0.6,0.6,30,15,0.0
Magnetic resonance imaging of the brain,0.6,0.6,6,5,0.0
Magnetic reluctance,1.0,1.0,19,5,0.0
Magnetic levitation,0.8,0.8,61,5,0.0
Magnetic dipole transition,0.6,0.6,95,5,0.0
Magnesium citrate,1.0,1.0,53,5,0.0
Botox,1.0,1.0,0,5,0.0
Madelung's deformity,0.6,0.6,100,5,0.0
Makuya,0.6,0.6,15,5,0.0
Malaria,0.8,0.8,42,135,0.0
Malaria in the River Thames,0.6,0.6,96,45,0.0
Malpighiales,0.6,0.6,65,50,0.0
Malware,0.6,0.6,77,5,0.0
Malvaceae,0.6,0.6,53,170,0.0
Malus sieversii,0.8,0.8,45,5,0.0
Maltodextrin,0.8,0.8,80,5,0.0
Malpolon monspessulanus,0.6,0.6,99,5,0.0
Malpighian tubule system,1.0,1.0,52,10,0.0
Mallotus japonicus,0.6,0.6,97,5,0.0
Malate dehydrogenase,0.8,0.8,63,15,0.0
Malignant rhabdoid tumour,1.0,1.0,93,15,0.0
Malignant peripheral nerve sheath tumor,0.6,0.6,52,5,0.0
Botanical name,0.8,0.8,29,5,0.0
Maleimide,0.6,0.6,71,15,0.0
Male accessory gland,1.0,1.0,15,5,0.0
Malate dehydrogenase (oxaloacetate-decarboxylating) (NADP+),0.6,0.6,79,60,0.0
Mad cow crisis,0.6,0.6,51,15,0.0
Macrolide,0.8,0.8,65,5,0.0
Medium-chain acyl-coenzyme A dehydrogenase deficiency,1.0,1.0,90,20,0.0
Macrogen,0.6,0.6,87,5,0.0
Brachycera,0.6,0.6,32,5,0.0
MPEG-1 Audio Layer II,0.6,0.6,97,5,0.0
MNIST database,0.6,0.6,96,25,0.0
MMR vaccine and autism,1.0,1.0,33,30,0.0
MLH1,0.6,0.6,63,35,0.0
Brachypelma smithi,0.6,0.6,65,10,0.0
Bradley–Terry model,1.0,1.0,78,10,0.0
MHC class II,0.8,0.8,96,175,0.0
ME1 (gene),0.8,0.8,44,10,0.0
MCherry,0.8,0.8,53,40,0.0
MBB Lampyridae,0.8,0.8,94,5,0.0
MAgPIE,0.6,0.6,82,10,0.0
MARC standards,0.6,0.6,87,5,0.0
MAPK/ERK pathway,0.6,0.6,2,10,0.0
MAP4,0.6,0.6,71,5,0.0
MRNA vaccine,0.6,0.6,5,40,0.0
MRPS22,0.6,0.6,37,30,0.0
Brachioradial pruritus,0.6,0.6,61,5,0.0
MYND zinc finger,0.6,0.6,83,10,0.0
Machine-readable medium and data,0.8,0.8,80,5,0.0
Machine translation software usability,1.0,1.0,98,5,0.0
Machine perfusion,0.8,0.8,84,10,0.0
Machine olfaction,1.0,1.0,48,50,0.0
Machine learning in bioinformatics,0.6,0.6,18,195,0.0
MZF1,0.8,0.8,14,5,0.0
MYH14,0.8,0.8,77,5,0.0
Boyce–Codd normal form,0.6,0.6,27,35,0.0
Botulinum toxin,0.8,0.8,0,5,0.0
MYC,0.6,0.6,77,80,0.0
MXD1,0.6,0.6,1,10,0.0
MTT assay,0.6,0.6,58,35,0.0
MTORC2,0.8,0.8,69,25,0.0
MTOR inhibitors,0.8,0.8,97,15,0.0
Boron monofluoride monoxide,0.6,0.6,81,5,0.0
Mamba (deep learning architecture),0.6,0.6,35,35,0.0
Mammal classification,0.6,0.6,61,5,0.0
Mammalian kidney,0.8,0.8,68,5,0.0
Matrix norm,0.8,0.8,76,5,0.0
Matrix (mathematics),0.8,0.8,86,5,0.0
Blocking (statistics),0.8,0.8,41,5,0.0
Mathematical model,1.0,1.0,65,5,0.0
Mathematical descriptions of the electromagnetic field,1.0,1.0,9,5,0.0
Matenadaran,0.8,0.8,45,5,0.0
Mastocytosis,1.0,1.0,94,10,0.0
Massive parallel sequencing,0.8,0.8,6,60,0.0
Massacre at the 11th Parallel,0.6,0.6,73,5,0.0
Massachusetts Institute of Technology Libraries,0.6,0.6,32,5,0.0
Mary of Scotland (1082–1116),0.8,0.8,63,345,0.0
Blood agent,0.8,0.8,10,10,0.0
Blood type diet,0.8,0.8,31,10,0.0
Martian regolith,0.6,0.6,93,5,0.0
Martian meteorite,0.6,0.6,90,5,0.0
Matrix similarity,1.0,1.0,94,10,0.0
Matsudaira Katamori,0.6,0.6,99,5,0.0
Block-matching and 3D filtering,0.8,0.8,97,5,0.0
Mechanical–electrical analogies,0.6,0.6,45,5,0.0
Medical torture,0.8,0.8,96,5,0.0
Medical genetics of Jews,0.6,0.6,75,40,0.0
Medical cybernetics,0.8,0.8,95,15,0.0
Mediastinum,0.8,0.8,95,5,0.0
Median lethal dose,0.8,0.8,43,10,0.0
Mechanosynthesis,0.6,0.6,34,30,0.0
Meatal stenosis,0.8,0.8,28,5,0.0
Blister agent,0.8,0.8,31,5,0.0
"Meal, Combat, Individual ration",0.6,0.6,55,5,0.0
Maze generation algorithm,0.8,0.8,79,5,0.0
Maximum operating depth,0.6,0.6,2,5,0.0
Bliss point (food),1.0,1.0,73,5,0.0
Maxam–Gilbert sequencing,0.6,0.6,90,20,0.0
Maurice Wilkins,0.8,0.8,44,5,0.0
Martian lava tube,0.6,0.6,65,5,0.0
Maroteaux–Lamy syndrome,0.8,0.8,46,15,0.0
Marmoset,0.8,0.8,51,5,0.0
Manifold alignment,1.0,1.0,50,15,0.0
MapInfo Interchange Format,0.6,0.6,81,5,0.0
Manuscript,0.6,0.6,77,5,0.0
Manufacturing bill of materials,0.6,0.6,98,5,0.0
Booknik,0.8,0.8,94,5,0.0
Bookworm (insect),0.6,0.6,26,5,0.0
Manifold hypothesis,0.8,0.8,94,15,0.0
Mani Jewel,0.6,0.6,46,5,0.0
Bone resorption,1.0,1.0,76,5,0.0
Manganese deficiency (plant),0.6,0.6,68,5,0.0
Manduca quinquemaculata,0.8,0.8,47,5,0.0
Manatee conservation,1.0,1.0,35,5,0.0
Management of dehydration,0.8,0.8,46,10,0.0
Management of HIV/AIDS,0.8,0.8,6,40,0.0
Management cybernetics,1.0,1.0,97,5,0.0
Bongkrek acid,0.6,0.6,55,20,0.0
Bolivian Mennonite gas-facilitated rapes,0.8,0.8,77,15,0.0
Markov logic network,1.0,1.0,83,5,0.0
Blue–white screen,1.0,1.0,20,310,0.0
Markov chain tree theorem,0.8,0.8,94,5,0.0
Markov chain mixing time,0.8,0.8,54,15,0.0
Markov chain central limit theorem,0.8,0.8,96,25,0.0
Mark Wainberg,0.8,0.8,47,10,0.0
Mark 16,0.8,0.8,98,5,0.0
Marinid sultanate,1.0,1.0,75,640,0.0
Marine Mucilage,0.8,0.8,63,5,0.0
Boids,1.0,1.0,53,5,0.0
Bocydium globulare,0.8,0.8,90,5,0.0
Marian Koshland,1.0,1.0,64,5,0.0
Body (biology),1.0,1.0,44,5,0.0
Bofors 40 Mk4,0.6,0.6,76,5,0.0
Marcus Gunn phenomenon,0.6,0.6,32,5,0.0
MarcEdit,0.6,0.6,19,10,0.0
Bradykinin,0.6,0.6,81,5,0.0
MALL,0.8,0.8,87,25,0.0
MACF1,0.6,0.6,84,40,0.0
Lobular carcinoma in situ,0.8,0.8,51,5,0.0
Bufo,1.0,1.0,26,10,0.0
Lists of drugs,0.8,0.8,88,40,0.0
Lists of downloadable PlayStation games,0.6,0.6,71,10,0.0
Lists of diseases,1.0,1.0,33,4,0.0
Lists of cultivars,1.0,1.0,94,10,0.0
Lists of airlines,0.8,0.8,88,10,0.0
Lists of air show accidents and incidents,0.6,0.6,9,30,0.0
Bufotenin,0.8,0.8,84,15,0.0
Lists of Knesset members,0.8,0.8,82,5,0.0
Bul (game),0.8,0.8,66,5,0.0
Bullet (software),0.6,0.6,95,5,0.0
Listeria,0.8,0.8,89,45,0.0
List update problem,0.8,0.8,57,50,0.0
List of years in science,0.8,0.8,32,485,0.0
Bulrush,0.6,0.6,68,5,0.0
Brucine,1.0,1.0,79,5,0.0
Lists of record labels,0.6,0.6,29,5,0.0
Lists of shapes,0.8,0.8,61,10,0.0
Litany of the Sacred Heart of Jesus,1.0,1.0,24,5,0.0
Loa loa filariasis,0.6,0.6,47,10,0.0
Lloyd's Open Form,0.8,0.8,68,5,0.0
Li–Fraumeni syndrome,1.0,1.0,67,5,0.0
Living medicine,0.6,0.6,55,10,0.0
Liver receptor homolog-1,0.6,0.6,65,5,0.0
Lithium toxicity,0.6,0.6,93,20,0.0
Lists of women,1.0,1.0,30,5,0.0
Lists of traffic collisions,0.8,0.8,13,5,0.0
Lists of websites,0.8,0.8,92,55,0.0
Lists of watercraft types,0.8,0.8,93,5,0.0
Lists of wars,0.8,0.8,29,20,0.0
Lists of villages in Nigeria,0.8,0.8,100,5,0.0
Lists of victims of the September 11 attacks,0.8,0.8,48,5,0.0
Dexchlorpheniramine,0.6,0.6,35,5,0.0
List of years in anthropology,0.8,0.8,14,180,0.0
List of years in anime,1.0,1.0,78,10,0.0
List of writing systems,0.8,0.8,58,5,0.0
List of traditional card and tile packs,0.8,0.8,48,5,0.0
List of types of malnutrition,1.0,1.0,37,5,0.0
List of types of XML schemas,1.0,1.0,40,25,0.0
List of two-dimensional geometric shapes,0.8,0.8,50,5,0.0
Bursitis,0.8,0.8,66,5,0.0
List of trees of Great Britain and Ireland,0.8,0.8,99,5,0.0
List of trance genres,0.8,0.8,29,15,0.0
List of topics characterized as pseudoscience,1.0,1.0,27,10,0.0
List of unproven and disproven cancer treatments,0.6,0.6,3,5,0.0
List of threatened species of the Philippines,0.6,0.6,71,5,0.0
List of thermal conductivities,0.6,0.6,79,5,0.0
List of therapeutic monoclonal antibodies,0.6,0.6,34,10,0.0
List of the United States Army weapons by supply catalog designation,0.8,0.8,30,15,0.0
List of the Mesozoic life of Texas,1.0,1.0,38,10,0.0
List of text mining software,0.8,0.8,33,45,0.0
List of types of numbers,1.0,1.0,11,120,0.0
List of unsaturated fatty acids,0.6,0.6,69,50,0.0
Bungarus,0.8,0.8,5,5,0.0
List of video games based on tabletop games,0.6,0.6,32,10,0.0
List of wild pigeon species,0.6,0.6,50,5,0.0
List of weapons of mass destruction by country,0.8,0.8,15,5,0.0
List of weapon systems of the South African Air Force,0.6,0.6,72,10,0.0
List of wax figures displayed at Madame Tussauds museums,0.8,0.8,51,5,0.0
Burkholderia mallei,0.8,0.8,0,5,0.0
List of viverrids,0.6,0.6,31,5,0.0
List of victims of the September 11 attacks (O–Z),0.6,0.6,16,15,0.0
Burping,1.0,1.0,24,5,0.0
List of victims of the September 11 attacks (H–N),0.6,0.6,17,5,0.0
List of victims of the September 11 attacks (A–G),0.8,0.8,45,20,0.0
List of venomous animals,1.0,1.0,38,15,0.0
List of vehicles of the Royal Malaysian Police,0.8,0.8,89,5,0.0
List of valid argument forms,0.8,0.8,95,20,0.0
List of urban rail systems in Japan,0.6,0.6,50,5,0.0
Lobodontini,0.6,0.6,74,5,0.0
Brown adipose tissue,0.8,0.8,94,10,0.0
MA plot,0.8,0.8,65,25,0.0
Brown (racial classification),0.6,0.6,42,10,0.0
Broadcast storm,0.8,0.8,11,5,0.0
Lymphoblast,0.8,0.8,18,15,0.0
Lymphedema,1.0,1.0,92,10,0.0
Lymphatic malformations,0.6,0.6,17,10,0.0
Lymphangitis,0.8,0.8,70,15,0.0
Lymphadenopathy,0.8,0.8,61,5,0.0
Lyme disease,0.6,0.6,72,100,0.0
Lygosoma,1.0,1.0,62,5,0.0
Lycoris (plant),0.8,0.8,86,30,0.0
Lycopodium powder,0.6,0.6,62,5,0.0
Lycogala epidendrum,0.8,0.8,21,5,0.0
Lutetium–yttrium oxyorthosilicate,0.6,0.6,35,5,0.0
Bromadiolone,0.8,0.8,76,5,0.0
Lung (Tibetan Buddhism),0.6,0.6,49,5,0.0
Lunar Terrain Vehicle,0.6,0.6,40,5,0.0
Briggs–Rauscher reaction,0.6,0.6,51,5,0.0
Brevibacterium linens,0.8,0.8,39,5,0.0
Lymphoid leukemia,0.6,0.6,84,5,0.0
Lysosome,0.6666666666666666,0.6666666666666666,90,12,0.0
M981 FISTV,0.6,0.6,66,5,0.0
Brahmastra,0.6,0.6,86,5,0.0
Brain asymmetry,0.6,0.6,50,5,0.0
Léonin,0.6,0.6,92,5,0.0
Brain implant,1.0,1.0,44,5,0.0
Lysozyme,0.8,0.8,91,60,0.0
Lysophosphatidic acid,0.8,0.8,66,5,0.0
Lymphotoxin alpha,0.8,0.8,82,215,0.0
Lysogenic cycle,0.8,0.8,0,5,0.0
Lysobacter,0.6,0.6,10,140,0.0
Breast cancer screening,0.6,0.6,56,5,0.0
Lysis buffer,1.0,1.0,96,80,0.0
Breathing gas,0.6,0.6,8,10,0.0
Breve,0.8,0.8,84,5,0.0
Bromazolam,0.8,0.8,86,5,0.0
Bromethalin,0.8,0.8,60,35,0.0
Lulav,0.6,0.6,23,5,0.0
Long-term impact of alcohol on the brain,0.8,0.8,29,5,0.0
Bronchoconstriction,0.8,0.8,100,5,0.0
Lopez de Bertodano Formation,0.6,0.6,53,5,0.0
Loop variant,0.8,0.8,18,25,0.0
Loop invariant,1.0,1.0,68,5,0.0
Longest repeated substring problem,0.8,0.8,65,5,0.0
Bronchospasm,1.0,1.0,65,5,0.0
Long Range Discrimination Radar,0.6,0.6,55,5,0.0
Loss function,1.0,1.0,13,5,0.0
Lonafarnib,0.6,0.6,46,5,0.0
Logical Volume Manager (Linux),0.6,0.6,64,5,0.0
Locus (genetics),0.8,0.8,82,20,0.0
Lockheed EC-130H Compass Call,0.6,0.6,63,5,0.0
Lockheed EC-130,0.8,0.8,37,5,0.0
Locate (Unix),0.6,0.6,56,15,0.0
Lorpiprazole,0.6,0.6,19,5,0.0
Loss functions for classification,1.0,1.0,6,5,0.0
Luhansk Oblast campaign,1.0,1.0,30,5,0.0
Low-molecular-weight chromium-binding substance,0.6,0.6,15,210,0.0
Ludwig Hahn,0.6,0.6,60,5,0.0
Ludvig Hektoen,0.8,0.8,51,5,0.0
Lucius Artorius Castus,0.8,0.8,54,5,0.0
Lucilia bufonivora,0.8,0.8,14,10,0.0
Lucianovenator,0.6,0.6,75,5,0.0
Lsjbot,0.6,0.6,88,5,0.0
Low-fat diet,0.6,0.6,34,5,0.0
Loss of heterozygosity,0.8,0.8,97,15,0.0
Lovász number,0.8,0.8,54,5,0.0
Louvain method,0.6,0.6,89,10,0.0
Bronchitis,0.75,0.75,80,8,0.0
Lost artworks,0.6,0.6,90,5,0.0
Lost 52 Project,1.0,1.0,26,5,0.0
Lossy compression,1.0,1.0,43,5,0.0
Mediterranean tropical-like cyclone,0.8,0.8,9,5,0.0
Medullary sponge kidney,0.8,0.8,61,10,0.0
Neutralization (chemistry),1.0,1.0,3,10,0.0
Biological roles of the elements,0.6,0.6,84,55,0.0
Biological functions of nitric oxide,0.8,0.8,4,15,0.0
Myokymia,0.8,0.8,69,5,0.0
Myokine,0.8,0.8,52,65,0.0
Myoglobin,0.8,0.8,78,60,0.0
Myofascial trigger point,1.0,1.0,75,5,0.0
Myoclonus,0.8,0.8,99,5,0.0
Myocarditis,0.6,0.6,70,5,0.0
Myiasis,1.0,1.0,87,10,0.0
Myeloperoxidase,0.8,0.8,82,20,0.0
Biological life cycle,0.8,0.8,25,5,0.0
Myelin,1.0,1.0,79,5,0.0
Mycotoxin,0.8,0.8,31,10,0.0
Biological neuron model,0.6,0.6,5,5,0.0
Biological pest control,0.6,0.6,0,5,0.0
Biological plausibility,0.8,0.8,51,5,0.0
Myostatin,1.0,1.0,2,20,0.0
Myostatin inhibitor,0.6,0.6,16,10,0.0
Myostatin-related muscle hypertrophy,0.8,0.8,66,90,0.0
NASA Clean Air Study,0.8,0.8,9,5,0.0
NLRP3 inflammasome,1.0,1.0,0,5,0.0
NLRP3,0.6,0.6,34,35,0.0
NKVD prisoner massacres,0.6,0.6,52,5,0.0
NKG2D,0.8,0.8,101,60,0.0
NFPA 704,0.6,0.6,69,30,0.0
Biocompatibility,0.8,0.8,97,100,0.0
Biogenic substance,1.0,1.0,8,45,0.0
Myricetin,1.0,1.0,76,45,0.0
"N,N-Dimethylphenethylamine",0.6,0.6,94,5,0.0
Myxomatosis,0.6,0.6,56,160,0.0
Bioglass 45S5,0.8,0.8,56,5,0.0
MythBusters (2010 season),0.8,0.8,16,5,0.0
Biological agent,0.8,0.8,20,160,0.0
Biological computing,0.8,0.8,7,130,0.0
Biological rhythm,0.8,0.8,76,5,0.0
Mycology,0.8,0.8,48,10,0.0
Megacolon,1.0,1.0,65,5,0.0
Biological specificity,0.6,0.6,47,15,0.0
Biomimetics,0.6,0.6,57,15,0.0
Multilinear form,0.8,0.8,41,10,0.0
Multidimensional network,1.0,1.0,97,10,0.0
Biomolecular condensate,1.0,1.0,99,5,0.0
Mucus,1.0,1.0,56,9,0.0
Mucositis,1.0,1.0,24,5,0.0
Mucoromycota,0.6,0.6,48,30,0.0
Biomolecular engineering,0.6,0.6,37,60,0.0
Mucopolysaccharidosis,0.8,0.8,19,30,0.0
Mucolipidosis,0.8,0.8,83,65,0.0
Mucociliary escalator,0.6,0.6,0,5,0.0
Mucoactive agent,0.6,0.6,73,15,0.0
Mucin,0.6,0.6,70,110,0.0
Mouth ulcer,0.8,0.8,16,5,0.0
Biomolecular structure,0.8,0.8,63,150,0.0
Mumps vaccine,0.6,0.6,3,45,0.0
Biomass (ecology),0.8,0.8,55,5,0.0
Mupirocin,0.6,0.6,93,10,0.0
Mutation,0.8,0.8,75,105,0.0
Biological system,0.8,0.8,99,5,0.0
Biological warfare,1.0,1.0,0,5,0.0
Biology of bipolar disorder,0.8,0.8,88,15,0.0
Mycetozoa,0.6,0.6,96,20,0.0
Myasishchev VM-T,0.6,0.6,56,5,0.0
Biology of depression,1.0,1.0,10,30,0.0
Biology of obsessive–compulsive disorder,1.0,1.0,89,5,0.0
Murinae,0.6,0.6,81,20,0.0
Mutagen,1.0,1.0,3,15,0.0
Mushroom poisoning,0.8,0.8,95,35,0.0
Muscimol,0.8,0.8,66,5,0.0
Muscarinic antagonist,0.8,0.8,6,10,0.0
Muscarinic acetylcholine receptor,0.8,0.8,87,5,0.0
Biomarkers of aging,0.8,0.8,77,115,0.0
Biochemical cascade,1.0,1.0,65,5,0.0
Naegleria,0.6,0.6,79,5,0.0
Names for sets of chemical elements,0.6,0.6,87,35,0.0
Naming collision,0.8,0.8,61,30,0.0
Neuro-Behçet's disease,0.6,0.6,49,5,0.0
Berylliosis,0.8,0.8,74,10,0.0
Beta-1 adrenergic receptor,0.8,0.8,19,15,0.0
Beta-2 adrenergic receptor,0.6,0.6,67,25,0.0
Beta-3 adrenergic receptor,0.8,0.8,36,5,0.0
Nervous system network models,0.8,0.8,66,5,0.0
Nerve growth factor,0.6,0.6,17,10,0.0
Betalain,0.6,0.6,16,5,0.0
Nephromyces,1.0,1.0,89,30,0.0
Nepenthes,1.0,1.0,97,5,0.0
Neoteny in humans,0.8,0.8,57,10,0.0
Neostigmine,0.8,0.8,83,15,0.0
Bibliography of World War II,1.0,1.0,23,5,0.0
Bibliography of biology,1.0,1.0,51,15,0.0
Neoplasm,0.8,0.8,95,10,0.0
Berberine,0.8,0.8,75,25,0.0
Neurochip,0.6,0.6,91,5,0.0
Berberidaceae,0.6,0.6,39,20,0.0
Neuroscience and race,0.8,0.8,30,10,0.0
Neurotrophin,0.75,0.75,9,4,0.0
Neurotrophic factors,0.6,0.6,7,5,0.0
Neurotoxins,1.0,1.0,0,5,0.0
Neurotoxicity,1.0,1.0,97,25,0.0
Neurosteroid,0.8,0.8,27,5,0.0
Neuroscience of sleep,1.0,1.0,75,5,0.0
Neuroscience,1.0,1.0,54,10,0.0
Neurofibromin,0.6,0.6,94,65,0.0
Neuropsychological assessment,1.0,1.0,43,5,0.0
Neuroprotection,1.0,1.0,79,20,0.0
Neuromuscular disease,1.0,1.0,23,10,0.0
Neuromorality,0.8,0.8,35,5,0.0
Neuromodulation (medicine),0.8,0.8,12,5,0.0
Neurofilament light polypeptide,0.8,0.8,79,45,0.0
Neontology,1.0,1.0,95,5,0.0
Bibliography of books critical of Islam,0.6,0.6,74,5,0.0
Neomycin,0.6,0.6,67,15,0.0
Binary data,0.8,0.8,3,5,0.0
Biliary tract,0.6,0.6,77,5,0.0
Natural Language Toolkit,0.6,0.6,39,35,0.0
Natriuretic peptide,0.6,0.6,23,15,0.0
Billion laughs attack,0.6,0.6,34,5,0.0
National seals of Japan,0.6,0.6,27,5,0.0
National and University Library of Bosnia and Herzegovina,0.6,0.6,75,5,0.0
National Investigations Committee On Aerial Phenomena,0.6,0.6,72,5,0.0
Naval Battle of Hakodate,0.6,0.6,84,5,0.0
National Childhood Vaccine Injury Act,1.0,1.0,98,10,0.0
Nasutitermes,0.6,0.6,32,15,0.0
Binary weapon,0.6,0.6,0,5,0.0
Narrative bias,0.8,0.8,95,5,0.0
Bioactive terrarium,1.0,1.0,94,10,0.0
Naratriptan,0.6,0.6,81,10,0.0
"Bijection, injection and surjection",1.0,1.0,39,5,0.0
Navis lusoria,0.6,0.6,91,5,0.0
Neisseria sicca,0.8,0.8,98,5,0.0
Bifidobacterium,0.6,0.6,97,10,0.0
Bibliometrics,0.8,0.8,21,5,0.0
Bibliometrix,0.8,0.8,18,10,0.0
Negativity bias,0.8,0.8,77,5,0.0
Bidirectional traffic,0.8,0.8,44,5,0.0
Protein (nutrient),1.0,1.0,39,70,0.0
Negative frequency,0.8,0.8,52,10,0.0
Negative air ionization therapy,0.8,0.8,75,5,0.0
Nazi racial theories,1.0,1.0,44,5,0.0
Bifidobacterium adolescentis,1.0,1.0,61,15,0.0
Nectria cinnabarina,0.6,0.6,88,5,0.0
Nectarivore,1.0,1.0,40,5,0.0
Bifidobacterium animalis,0.8,0.8,98,35,0.0
Necrosis,0.8,0.8,82,10,0.0
Necrophage,0.8,0.8,92,5,0.0
Mountain papaya,0.6,0.6,28,10,0.0
Mount Chimaera,0.8,0.8,19,5,0.0
Motorola 68060,0.6,0.6,59,5,0.0
Microvillus,0.8,0.8,82,5,0.0
Methionine synthase,0.6,0.6,41,50,0.0
Methionine,0.6,0.6,47,20,0.0
Methanol toxicity,0.6,0.6,94,10,0.0
Methanogen,0.8,0.8,22,130,0.0
Methamphetamine,1.0,1.0,67,5,0.0
Methamidophos,0.6,0.6,27,15,0.0
Metapneumovirus,0.5,0.5,30,48,0.0
Black snake (firework),0.6,0.6,66,5,0.0
Metamonad,0.8,0.8,54,15,0.0
Metal toxicity,0.8,0.8,17,20,0.0
Bladder exstrophy,1.0,1.0,77,5,0.0
Metadata,0.8,0.8,55,15,0.0
Metabolite,1.0,1.0,76,16,0.0
Metabolic typing,0.8,0.8,89,10,0.0
Metabolic pathway,0.8,0.8,54,10,0.0
Methoxetamine,0.8,0.8,68,40,0.0
Methyl group,0.8,0.8,66,5,0.0
Methylation,1.0,1.0,49,35,0.0
Microbial rhodopsin,0.6,0.6,90,25,0.0
Microphthalmia,0.6,0.6,93,5,0.0
Micronutrient deficiency,0.6,0.6,82,10,0.0
Microdata (HTML),0.8,0.8,93,25,0.0
Bistriflimide,0.8,0.8,96,5,0.0
Bit-reversal permutation,0.8,0.8,59,5,0.0
Microbiological culture,1.0,1.0,9,5,0.0
Microbial metabolism,1.0,1.0,82,25,0.0
Methylenetetrahydrofolate reductase,0.8,0.8,80,50,0.0
Microbial mat,1.0,1.0,12,10,0.0
Micro.blog,1.0,1.0,91,5,0.0
Bitter pit,0.6,0.6,98,5,0.0
Mevinphos,0.6,0.6,99,5,0.0
Bivalirudin,0.8,0.8,8,5,0.0
Metric signature,0.6,0.6,35,10,0.0
Metabolic network modelling,0.8,0.8,77,165,0.0
Metabolic disorder,0.8,0.8,22,15,0.0
Mesotrione,0.8,0.8,4,5,0.0
Blinatumomab,0.6,0.6,32,10,0.0
Memorial Medical Center and Hurricane Katrina,0.6,0.6,66,5,0.0
Memoria (disambiguation),0.6,0.6,46,5,0.0
Memetics,0.8,0.8,58,10,0.0
Memetic warfare,0.8,0.8,27,5,0.0
Blepharospasm,0.8,0.8,84,5,0.0
Melatonin,0.6,0.6,80,5,0.0
Melanocortin 1 receptor,0.8,0.8,8,5,0.0
Memory development,0.6,0.6,36,5,0.0
Mekosuchinae,0.8,0.8,61,5,0.0
Meiosis,0.8,0.8,78,10,0.0
Meghan Camarena,0.6,0.6,63,5,0.0
Megalopta genalis,0.6,0.6,66,5,0.0
Megaesophagus,1.0,1.0,21,15,0.0
Megacopta cribraria,0.8,0.8,5,150,0.0
Memory B cell,0.8,0.8,42,25,0.0
Memory disorder,1.0,1.0,38,5,0.0
Mesosphere,0.6,0.6,85,5,0.0
Mephentermine,0.6,0.6,43,5,0.0
Mesenchymal stem cell,0.8,0.8,45,10,0.0
Merlin (protein),0.8,0.8,87,25,0.0
Bladder sphincter dyssynergia,1.0,1.0,13,10,0.0
Merge (linguistics),0.6,0.6,42,5,0.0
Merbromin,0.6,0.6,33,5,0.0
Mepolizumab,0.6,0.6,39,5,0.0
Blender,0.8,0.8,89,5,0.0
Memory distrust syndrome,1.0,1.0,78,5,0.0
Menstruation,0.6,0.6,70,5,0.0
Menotropin,1.0,1.0,89,5,0.0
Memory timings,1.0,1.0,58,10,0.0
Memory leak,1.0,1.0,50,5,0.0
Memory inhibition,0.6,0.6,34,5,0.0
Blepharitis,1.0,1.0,13,5,0.0
Microsome,1.0,1.0,100,5,0.0
Birgeria,0.8,0.8,60,5,0.0
Motor protein,1.0,1.0,83,30,0.0
Micrurus mosquitensis,0.6,0.6,78,10,0.0
Bioprospecting,0.6,0.6,90,20,0.0
Mono- and diglycerides of fatty acids,0.8,0.8,98,5,0.0
Biopsychiatry controversy,1.0,1.0,65,10,0.0
Monastic cell,1.0,1.0,81,5,0.0
Monascus purpureus,0.6,0.6,77,10,0.0
Biopterin,1.0,1.0,49,60,0.0
Bioreactor,0.8,0.8,0,5,0.0
Biosynthesis,1.0,1.0,11,45,0.0
Molecule editor,0.8,0.8,90,50,0.0
Molecular motor,0.6,0.6,48,25,0.0
Molecular model,1.0,1.0,60,5,0.0
Biotic material,1.0,1.0,17,5,0.0
Molecular cloning,0.8,0.8,0,5,0.0
Biotin deficiency,1.0,1.0,68,5,0.0
Mojibake,0.8,0.8,52,5,0.0
Monocercomonoides,0.8,0.8,33,5,0.0
Monoclonal antibody,1.0,1.0,52,15,0.0
Monocyte,0.5,0.5,57,12,0.0
Morris water navigation task,0.8,0.8,71,5,0.0
Motor neuron diseases,0.8,0.8,6,5,0.0
Motives for the September 11 attacks,0.6,0.6,67,5,0.0
Most common words in English,1.0,1.0,27,5,0.0
Mosquito saliva,0.6,0.6,0,5,0.0
Biopharmaceutics Classification System,0.6,0.6,16,10,0.0
Mosaic (genetics),0.8,0.8,70,15,0.0
Morphosyntactic alignment,0.8,0.8,81,5,0.0
Monomer,1.0,1.0,15,40,0.0
Morphinan,1.0,1.0,31,15,0.0
Moringa (genus),0.8,0.8,95,5,0.0
Biophotonics,0.8,0.8,17,15,0.0
Morchella,0.6,0.6,60,5,0.0
Monothalamea,0.6,0.6,18,5,0.0
Monosaccharide,1.0,1.0,91,10,0.0
Modularity (networks),0.6,0.6,94,5,0.0
Modes of mechanical ventilation,0.6,0.6,26,10,0.0
Modes of convergence (annotated index),0.6,0.6,64,10,0.0
Milking,0.8,0.8,29,5,0.0
Mingrelian grammar,1.0,1.0,94,5,0.0
Mineralocorticoid receptor antagonist,0.6,0.6,82,5,0.0
Mineralocorticoid receptor,0.6,0.6,35,30,0.0
MinD,0.8,0.8,33,70,0.0
Mimulus,0.6,0.6,70,20,0.0
Milnacipran,0.8,0.8,19,5,0.0
Milk and meat in Jewish law,0.6,0.6,78,5,0.0
Mirabilis jalapa,0.6,0.6,66,5,0.0
Military operations of the Israeli–Palestinian conflict,0.6,0.6,33,5,0.0
Militarization of police,0.8,0.8,34,5,0.0
Bird intelligence,1.0,1.0,91,5,0.0
Mike Gibson (rugby union),0.6,0.6,10,5,0.0
Midwoofer-tweeter-midwoofer,0.6,0.6,52,5,0.0
Middle frontal gyrus,0.6,0.6,31,5,0.0
Minimum description length,0.8,0.8,19,5,0.0
Bird fancier's lung,0.6,0.6,27,20,0.0
Model organism,0.6,0.6,62,5,0.0
Mitotic catastrophe,0.8,0.8,56,5,0.0
Mnemosyne (software),0.6,0.6,60,10,0.0
Biperiden,0.6,0.6,19,10,0.0
Mnemonic major system,0.8,0.8,85,15,0.0
Mk 47 Striker,0.6,0.6,23,5,0.0
Mitral cell,0.8,0.8,10,5,0.0
Mitotic index,0.6,0.6,11,5,0.0
Mitogen-activated protein kinase,1.0,1.0,60,10,0.0
Misophonia,0.8,0.8,74,5,0.0
Mitochondrion,0.8,0.8,33,10,0.0
Mites of domestic animals,0.6,0.6,53,5,0.0
Misuse of p-values,0.8,0.8,59,20,0.0
Missing letter effect,0.8,0.8,77,5,0.0
Missile defense,0.8,0.8,95,5,0.0
Missense mutation,0.8,0.8,57,20,0.0
Protein,0.75,0.75,19,84,0.0
Arsenic trisulfide,0.8,0.8,86,5,0.0
Artificial rice,0.8,0.8,23,5,0.0
Thompson sampling,1.0,1.0,100,5,0.0
Thyroid follicular cell,0.8,0.8,48,10,0.0
Thymus,0.75,0.75,34,4,0.0
Thymosin beta-4,0.8,0.8,52,30,0.0
Acute myeloid leukemia,0.6,0.6,82,5,0.0
Thymine,0.6,0.6,88,50,0.0
Thymidine kinase,1.0,1.0,0,5,0.0
Acute proliferative glomerulonephritis,0.6,0.6,78,10,0.0
Thylakoid,0.6,0.6,90,15,0.0
Thunderful Development,0.8,0.8,3,540,0.0
Adaptogen,0.6,0.6,3,10,0.0
Thrombotic microangiopathy,1.0,1.0,63,15,0.0
Thrombosis,1.0,1.0,97,5,0.0
Thrombocytopenia,0.8,0.8,67,5,0.0
Adductor hiatus,0.8,0.8,98,5,0.0
Three-finger toxin,0.6,0.6,15,30,0.0
Thyroid function tests,1.0,1.0,88,5,0.0
Acute limb ischaemia,0.6,0.6,7,5,0.0
Thyroid peroxidase,0.6,0.6,56,20,0.0
Activity coefficient,0.6,0.6,79,5,0.0
Active site,0.8,0.8,73,30,0.0
Timeline of musical events,0.6,0.6,18,200,0.0
Timeline of medicine and medical technology,0.8,0.8,34,10,0.0
Timeline of human evolution,0.8,0.8,72,15,0.0
Timeline of extinctions in the Holocene,0.6,0.6,77,5,0.0
Timeline of electrical and electronic engineering,0.6,0.6,92,5,0.0
Timeline of Samarkand,0.6,0.6,38,5,0.0
Thyroxine,0.6,0.6,11,10,0.0
Timeline of Mars Science Laboratory,0.6,0.6,88,5,0.0
Acute decompensated heart failure,0.6,0.6,33,5,0.0
Time series database,1.0,1.0,96,15,0.0
Time hierarchy theorem,0.6,0.6,96,5,0.0
Tillandsia recurvata,0.8,0.8,83,10,0.0
Tibetan (Unicode block),0.6,0.6,29,5,0.0
Three prime untranslated region,0.6,0.6,56,50,0.0
Adenitis,1.0,1.0,36,5,0.0
Terpenoid,0.8,0.8,45,5,0.0
Thionyl chloride,0.6,0.6,94,5,0.0
Thai (Unicode block),0.8,0.8,39,5,0.0
Adiponectin,0.8,0.8,79,135,0.0
Text corpus,0.6,0.6,52,5,0.0
Tetrose,0.6,0.6,51,10,0.0
Adrenal cortex,1.0,1.0,74,5,0.0
Tetrasomy X,0.6,0.6,87,5,0.0
Tetraphobia,0.8,0.8,52,5,0.0
Tetrahydrocannabivarin,1.0,1.0,13,205,0.0
Adrenocortical adenoma,1.0,1.0,69,5,0.0
Tetanus toxin,0.8,0.8,45,70,0.0
Advanced Vector Extensions,0.6,0.6,75,10,0.0
Testicular dysgenesis syndrome,0.6,0.6,76,25,0.0
Tesofensine,1.0,1.0,66,35,0.0
Tesla (unit),0.6,0.6,42,5,0.0
Tertiary source,0.8,0.8,86,10,0.0
Thalamocortical radiations,0.8,0.8,12,5,0.0
Adipokine,1.0,1.0,61,10,0.0
Adhesion (medicine),0.6,0.6,27,5,0.0
Adenosine receptor agonist,0.8,0.8,86,5,0.0
Adenosine receptor,1.0,1.0,14,5,0.0
Theta wave,0.8,0.8,84,5,0.0
Thermoreceptor,0.6,0.6,34,5,0.0
Thermography,0.8,0.8,36,10,0.0
Thermogalvanic cell,0.8,0.8,60,5,0.0
Thermodynamic databases for pure substances,1.0,1.0,63,5,0.0
Theory of mind in animals,0.6,0.6,41,5,0.0
The Genetic Lottery,0.8,0.8,68,5,0.0
Theoretical astronomy,0.8,0.8,75,5,0.0
Theobromine poisoning,0.6,0.6,7,15,0.0
Theanine,0.6,0.6,98,5,0.0
Adenovirus vector,0.5,0.5,0,4,0.0
The Pile (dataset),0.6,0.6,44,15,0.0
The Hot Zone,0.8,0.8,56,5,0.0
Active learning (machine learning),0.6,0.6,82,50,0.0
Timeline of the COVID-19 pandemic in Italy,1.0,1.0,44,4,0.0
Action 14f13,0.6,0.6,17,5,0.0
Timeline of the COVID-19 pandemic in New York City,0.6,0.6,33,5,0.0
Tree (abstract data type),0.8,0.8,100,5,0.0
Acid attack,0.8,0.8,90,5,0.0
Acid dissociation constant,1.0,1.0,91,5,0.0
Trapping,0.8,0.8,68,10,0.0
Transthyretin,0.6,0.6,41,15,0.0
Transponder (aeronautics),1.0,1.0,52,5,0.0
Transphosphorylation,1.0,1.0,78,5,0.0
Transparency and translucency,1.0,1.0,53,5,0.0
Transmission medium,0.8,0.8,61,5,0.0
Acidic leucine-rich nuclear phosphoprotein 32 family member A,0.8,0.8,101,20,0.0
Translation memory,0.6,0.6,45,110,0.0
Translation (biology),0.6,0.6,55,65,0.0
Translation,0.8,0.8,22,5,0.0
Transketolase,0.6,0.6,28,30,0.0
Transgenerational epigenetic inheritance,1.0,1.0,58,45,0.0
Trehalose,0.6,0.6,89,15,0.0
Acherontia styx,0.6,0.6,53,5,0.0
Trencher (tableware),0.6,0.6,84,5,0.0
Acariformes,0.6,0.6,47,10,0.0
Tricho–dento–osseous syndrome,0.6,0.6,22,5,0.0
Trichothecene,0.6,0.6,36,145,0.0
Abomasum,0.8,0.8,30,5,0.0
Trichophyton rubrum,0.6,0.6,59,15,0.0
Absorption (logic),0.6,0.6,71,5,0.0
Abyei border conflict (2022–present),0.6,0.6,81,5,0.0
Trichloroisocyanuric acid,0.6,0.6,24,5,0.0
Trial of Clay Shaw,0.6,0.6,86,5,0.0
Accession number (cultural property),1.0,1.0,84,10,0.0
Accipitridae,0.6,0.6,96,15,0.0
Accipitrinae,0.8,0.8,44,5,0.0
Acetyl group,0.8,0.8,21,15,0.0
Acetyl hexapeptide-3,0.6,0.6,92,30,0.0
Triangle of U,0.8,0.8,98,10,0.0
Transgene,1.0,1.0,98,100,0.0
Transferrin receptor 1,0.6,0.6,54,280,0.0
Transfer functions in imaging,0.6,0.6,61,5,0.0
Titin,0.6,0.6,89,45,0.0
Tokyo Express,0.6,0.6,67,5,0.0
Tody,0.6,0.6,66,5,0.0
Tocotrienol,0.6,0.6,40,25,0.0
Tocopherol,0.6,0.6,20,10,0.0
Actinic conjunctivitis,1.0,1.0,95,5,0.0
Actinomyces,1.0,1.0,95,10,0.0
Tit (bird),0.6,0.6,85,5,0.0
Tomer Devorah,1.0,1.0,98,5,0.0
Tiotropium bromide,0.6,0.6,75,5,0.0
Timor mortis conturbat me,0.8,0.8,76,5,0.0
Timestamp,0.8,0.8,51,5,0.0
Timeline of web search engines,0.6,0.6,73,5,0.0
Timeline of the history of genetics,0.8,0.8,34,65,0.0
Timeline of the COVID-19 pandemic in the United Kingdom (January–June 2020),0.6,0.6,18,5,0.0
Tollens' reagent,0.8,0.8,12,5,0.0
Tommy Sotomayor,0.6,0.6,77,5,0.0
Transcriptomics technologies,1.0,1.0,74,250,0.0
Acidosis,0.8,0.8,55,5,0.0
Acidophiles in acid mine drainage,0.6,0.6,82,10,0.0
Transcription factor,1.0,1.0,66,30,0.0
Transcription (biology),0.6,0.6,50,200,0.0
Transclusion,0.6,0.6,54,10,0.0
Tractography,0.6,0.6,86,20,0.0
Trachoma,0.6,0.6,8,10,0.0
Toxin,0.75,0.75,29,48,0.0
Toros de Aragua,0.6,0.6,64,15,0.0
Toxicology,0.6,0.6,94,10,0.0
Toxicity,0.6,0.6,33,20,0.0
Acrocallosal syndrome,0.8,0.8,26,5,0.0
Acrosome reaction,1.0,1.0,65,5,0.0
Toxalbumin,1.0,1.0,18,40,0.0
Toshiyori,0.8,0.8,87,5,0.0
Terroristic threat,1.0,1.0,35,15,0.0
Terpene,0.6,0.6,92,10,0.0
Protein biosynthesis,1.0,1.0,73,48,0.0
Agonist,0.8,0.8,22,10,0.0
Suicide vector,1.0,1.0,0,4,0.0
Suicide of Jadin Bell,0.6,0.6,43,5,0.0
Suicide in the military,0.8,0.8,24,5,0.0
Suicide gene,0.8,0.8,0,5,0.0
Suicide among doctors,0.8,0.8,72,5,0.0
Suicidal person,0.6,0.6,54,5,0.0
Agglutination,1.0,1.0,96,15,0.0
Sudoku solving algorithms,0.6,0.6,80,60,0.0
Agkistrodon piscivorus,0.8,0.8,94,5,0.0
Substrate (chemistry),1.0,1.0,32,10,0.0
Substrate (biology),1.0,1.0,2,5,0.0
Submodular set function,0.6,0.6,26,5,0.0
Subdural hygroma,0.8,0.8,74,5,0.0
Subacute combined degeneration of spinal cord,1.0,1.0,37,5,0.0
Sturge–Weber syndrome,0.6,0.6,100,10,0.0
Sulfadoxine/pyrimethamine,0.8,0.8,76,5,0.0
Agarose,0.6,0.6,67,60,0.0
Sulfonamide,0.6,0.6,37,5,0.0
Survivin,1.0,1.0,50,65,0.0
Syndrome of inappropriate antidiuretic hormone secretion,0.8,0.8,91,5,0.0
Syncytium,0.6,0.6,0,5,0.0
Synaptic plasticity,0.8,0.8,99,10,0.0
Symphosius,0.6,0.6,40,5,0.0
Symphonie,0.6,0.6,44,5,0.0
Sylvester Antolak,0.6,0.6,45,5,0.0
Survey (human research),0.8,0.8,49,5,0.0
Sulfonamide (medicine),0.8,0.8,42,10,0.0
Surrogate alcohol,0.6,0.6,84,5,0.0
Surgical staple,1.0,1.0,87,10,0.0
Surgical mask,0.6,0.6,96,15,0.0
Agaricus campestris,0.6,0.6,63,5,0.0
Superantigens,0.6,0.6,0,5,0.0
Sulfur water,0.6,0.6,101,10,0.0
Structure editor,0.8,0.8,13,5,0.0
Structural analog,0.8,0.8,42,5,0.0
Termitomyces,0.6,0.6,97,5,0.0
Strongylocentrotus purpuratus,0.8,0.8,61,10,0.0
Straw,0.6,0.6,36,5,0.0
Stramenopile,1.0,1.0,18,10,0.0
Stop Asian Hate,0.6,0.6,57,10,0.0
Alcohol intolerance,0.6,0.6,48,5,0.0
Stomach disease,1.0,1.0,15,15,0.0
Stomach,1.0,1.0,52,5,0.0
Stochastic grammar,1.0,1.0,60,15,0.0
Stimulus (physiology),1.0,1.0,100,5,0.0
Sticky platelet syndrome,0.8,0.8,77,5,0.0
Steviol glycoside,0.6,0.6,96,45,0.0
Stevens's power law,1.0,1.0,90,5,0.0
Steve Oedekerk,0.6,0.6,55,5,0.0
Sterilization (microbiology),1.0,1.0,71,25,0.0
Alcohol tolerance,0.6,0.6,20,10,0.0
Stemming,1.0,1.0,82,60,0.0
Strepsiptera,0.6,0.6,29,5,0.0
Albarello,0.6,0.6,40,5,0.0
Akashat ambush,0.6,0.6,89,5,0.0
Agricultural pollution,0.8,0.8,37,5,0.0
String metric,1.0,1.0,71,5,0.0
Strimvelis,0.8,0.8,30,15,0.0
Agrammatism,0.6,0.6,35,5,0.0
Striated muscle tissue,0.8,0.8,86,5,0.0
Streptophyta,0.8,0.8,100,5,0.0
Streptomyces,0.8,0.8,77,75,0.0
Agricultural safety and health,0.6,0.6,81,5,0.0
Air–fuel ratio,0.8,0.8,76,10,0.0
Aho–Corasick algorithm,0.8,0.8,50,5,0.0
Air mattress,0.8,0.8,92,5,0.0
Air stagnation,0.8,0.8,67,5,0.0
Air-augmented rocket,0.6,0.6,75,5,0.0
Aircraft marking,0.8,0.8,36,5,0.0
Airsickness,1.0,1.0,47,5,0.0
Afoxolaner,0.6,0.6,80,5,0.0
Synkinesis,0.8,0.8,37,5,0.0
Synonym (taxonomy),0.8,0.8,71,5,0.0
Syntax (logic),1.0,1.0,97,5,0.0
TaveRNA,0.8,0.8,8,25,0.0
Taste receptor,0.8,0.8,73,15,0.0
Taste,0.6,0.6,69,5,0.0
Taser safety issues,0.6,0.6,64,10,0.0
Tartessian language,0.8,0.8,82,5,0.0
Tarjan's strongly connected components algorithm,0.8,0.8,35,5,0.0
Targeted therapy,0.8,0.8,2,10,0.0
Targeted drug delivery,1.0,1.0,49,15,0.0
Taoniinae,0.6,0.6,54,5,0.0
Aerial warfare in the Russian invasion of Ukraine,0.8,0.8,9,5,0.0
Tangential quadrilateral,0.6,0.6,83,5,0.0
Tandy 1000,0.6,0.6,78,5,0.0
Tandem mass spectrometry,1.0,1.0,25,15,0.0
Tambora language,0.6,0.6,92,5,0.0
Tag question,1.0,1.0,54,5,0.0
Taxonomic database,1.0,1.0,70,220,0.0
Taxonomy of wheat,0.6,0.6,63,35,0.0
Taylor expansions for the moments of functions of random variables,1.0,1.0,100,5,0.0
Telomerase reverse transcriptase,1.0,1.0,100,165,0.0
Adverbial phrase,0.8,0.8,44,5,0.0
Aedes,0.8,0.8,1,10,0.0
Terbinafine,0.8,0.8,74,10,0.0
Teplizumab,0.6,0.6,59,5,0.0
Tensor decomposition,0.8,0.8,99,5,0.0
Aegilops longissima,0.6,0.6,15,20,0.0
Telomerase,0.6,0.6,36,165,0.0
Tcpdump,0.8,0.8,58,5,0.0
Aepyornis,0.6,0.6,21,5,0.0
"Teleomorph, anamorph and holomorph",0.8,0.8,76,5,0.0
Tee (symbol),0.8,0.8,15,5,0.0
Technology (disambiguation),0.6,0.6,6,5,0.0
Technical documentation,1.0,1.0,33,5,0.0
Tea and toast syndrome,0.6,0.6,51,5,0.0
Tag (metadata),1.0,1.0,86,10,0.0
Aerobot,0.8,0.8,99,5,0.0
Aerosol science,0.8,0.8,0,5,0.0
Affine transformation,1.0,1.0,27,10,0.0
T2*-weighted imaging,0.6,0.6,63,5,0.0
Sálvio Dino,0.6,0.6,72,5,0.0
Systemic vasculitis,0.8,0.8,24,5,0.0
Systemic inflammatory response syndrome,0.8,0.8,57,30,0.0
Systematics,1.0,1.0,45,5,0.0
Syrmaticus,0.6,0.6,54,50,0.0
Aflatoxin B1,0.6,0.6,1,60,0.0
TCP (antiseptic),0.6,0.6,77,5,0.0
Synthetic oil,1.0,1.0,98,5,0.0
Synthetic media,1.0,1.0,17,5,0.0
Synthetic language,0.6,0.6,18,10,0.0
Synthetic genomics,0.6,0.6,0,5,0.0
Synthetic drug,0.8,0.8,40,5,0.0
Synthetic biology,0.6,0.6,0,5,0.0
TAR DNA-binding protein 43,0.6,0.6,10,165,0.0
TEX9,0.6,0.6,95,110,0.0
Tactical communications,1.0,1.0,69,5,0.0
Table of Clebsch–Gordan coefficients,0.6,0.6,93,5,0.0
Tacitus on Jesus,1.0,1.0,85,5,0.0
Tachyphylaxis,0.5,0.5,89,20,0.0
Tachinidae,0.8,0.8,78,5,0.0
Table of spherical harmonics,0.6,0.6,98,5,0.0
Table of specific heat capacities,0.8,0.8,75,5,0.0
Table of Indexing Chinese Character Components,0.6,0.6,72,5,0.0
Table (information),0.8,0.8,86,15,0.0
TI-73 series,0.6,0.6,69,5,0.0
Tabanidae,0.6,0.6,76,5,0.0
TSI slant,0.6,0.6,91,15,0.0
TOXMAP,0.6,0.6,92,50,0.0
TORQUE,0.8,0.8,50,5,0.0
TNF inhibitor,0.6,0.6,6,25,0.0
TIGIT,0.8,0.8,24,60,0.0
Abducens nucleus,0.6,0.6,101,10,0.0
Aaron in Islam,0.8,0.8,30,5,0.0
AaaI,0.8,0.8,12,15,0.0
Vladivostok Summit Meeting on Arms Control,0.6,0.6,46,5,0.0
Waldenström macroglobulinemia,0.6,0.6,36,10,0.0
Wakefulness,0.8,0.8,39,5,0.0
Wagner–Fischer algorithm,0.8,0.8,94,10,0.0
Wafik El-Deiry,0.6,0.6,58,5,0.0
WS-124A Flying Cloud,0.8,0.8,25,10,0.0
WDC 65C816,0.8,0.8,90,5,0.0
1929 in literature,0.6,0.6,83,15,0.0
Vulvar vestibulitis,1.0,1.0,88,5,0.0
Vomiting,0.8,0.8,57,10,0.0
Vomeronasal organ,0.8,0.8,77,5,0.0
Volunteer Fighting Corps,1.0,1.0,17,5,0.0
Volta–Congo languages,0.6,0.6,70,25,0.0
Volanesorsen,1.0,1.0,88,5,0.0
Voiced labiodental nasal,1.0,1.0,60,5,0.0
"Voiced dental, alveolar and postalveolar trills",0.8,0.8,73,5,0.0
Wall (Unix),0.6,0.6,77,5,0.0
Walliserops,0.6,0.6,53,45,0.0
1927 in literature,0.8,0.8,62,30,0.0
Web browsing history,1.0,1.0,24,20,0.0
Wegman Report,0.8,0.8,88,5,0.0
Weekly Torah portion,0.8,0.8,86,5,0.0
Webcal,0.6,0.6,93,15,0.0
1918,0.6,0.6,94,5,0.0
Web indexing,0.8,0.8,35,50,0.0
Web content,1.0,1.0,51,5,0.0
Web Accessibility Initiative,1.0,1.0,77,5,0.0
1924 in literature,0.6,0.6,94,65,0.0
Weapons and armour in Anglo-Saxon England,0.6,0.6,51,5,0.0
Weapon of mass destruction,0.8,0.8,73,15,0.0
Watts–Strogatz model,0.6,0.6,39,20,0.0
Water model,0.8,0.8,99,5,0.0
Water glyphs,0.6,0.6,87,5,0.0
Water column,0.6,0.6,99,10,0.0
Voiced alveolo-palatal affricate,0.6,0.6,45,5,0.0
Viviparidae,0.6,0.6,74,70,0.0
Tricolorability,0.6,0.6,90,5,0.0
Vivian Harris,0.6,0.6,27,5,0.0
Virology,0.6,0.6,81,150,0.0
Viroid,0.8,0.8,31,320,0.0
1978 smallpox outbreak in the United Kingdom,0.6,0.6,91,95,0.0
1987–88 Divizia A,0.8,0.8,79,5,0.0
1990 Guangzhou Baiyun airport collisions,0.6,0.6,75,5,0.0
1990 United States Senate election in Louisiana,0.8,0.8,67,5,0.0
1990–91 Scottish First Division,0.6,0.6,95,15,0.0
1994 Dronka floods and lightning strike,0.6,0.6,37,5,0.0
1994 Southern Jaguars football team,0.8,0.8,79,5,0.0
Viral phenomenon,1.0,1.0,99,130,0.0
1999–2000 UEFA Champions League first group stage,1.0,1.0,76,5,0.0
1Point3Acres,0.6,0.6,96,10,0.0
2-Arachidonoylglycerol,0.8,0.8,54,25,0.0
2000 Copa Libertadores,0.6,0.6,52,5,0.0
Viral microRNA,0.5,0.5,0,4,0.0
Virtual reality sickness,0.8,0.8,39,5,0.0
Virtual screening,0.8,0.8,29,300,0.0
Virtualization,0.8,0.8,59,5,0.0
1934 in literature,0.6,0.6,28,20,0.0
1932–33 Football League,0.8,0.8,95,5,0.0
Viverridae,0.6,0.6,39,5,0.0
Vitelliform macular dystrophy,0.6,0.6,99,10,0.0
Vitamin A deficiency,0.6,0.6,83,20,0.0
Visual release hallucinations,0.8,0.8,79,5,0.0
Visual processing abnormalities in schizophrenia,0.6,0.6,13,5,0.0
Visa policy of Hong Kong,0.8,0.8,76,5,0.0
1975–76 French Division 1,0.6,0.6,78,55,0.0
1935–36 Football League,0.8,0.8,75,15,0.0
1943 Gibraltar Liberator AL523 crash,0.6,0.6,100,5,0.0
Virus (comics),0.6,0.6,75,5,0.0
1963 Elephant Mountain B-52 crash,0.6,0.6,11,5,0.0
1967 USS Forrestal fire,0.6,0.6,63,5,0.0
1973 NCAA Division I football season,0.6,0.6,77,5,0.0
Wehrmacht foreign volunteers and conscripts,0.6,0.6,55,5,0.0
Weight (representation theory),0.8,0.8,88,10,0.0
1910–11 Football League,0.6,0.6,47,10,0.0
1900–01 Football League,0.6,0.6,40,5,0.0
Zbtb7,0.6,0.6,89,5,0.0
Zaslon,0.6,0.6,65,5,0.0
ZW sex-determination system,0.6,0.6,92,10,0.0
Z39.50,1.0,1.0,82,160,0.0
Yomi,0.8,0.8,26,5,0.0
Yohimbine,1.0,1.0,76,5,0.0
Yogurt,0.6,0.6,66,5,0.0
Yips,0.6,0.6,73,10,0.0
Yinpterochiroptera,0.6,0.6,23,25,0.0
1486,0.6,0.6,40,5,0.0
1600,1.0,1.0,36,5,0.0
1609,0.8,0.8,68,10,0.0
Yellow rain,0.8,0.8,65,10,0.0
Yeast,0.8,0.8,72,10,0.0
Yakuza,0.6,0.6,91,5,0.0
Zea (plant),0.8,0.8,94,5,0.0
Zearalenone,1.0,1.0,2,45,0.0
Zeltnera,0.8,0.8,95,5,0.0
Zuiyo-maru carcass,0.8,0.8,52,5,0.0
Ř,0.6,0.6,79,5,0.0
Ă,0.6,0.6,47,5,0.0
Â,0.8,0.8,84,5,0.0
Zygote,0.6,0.6,87,5,0.0
Zygosity,1.0,1.0,91,40,0.0
Zwitterion,0.6,0.6,91,10,0.0
100 of the World's Worst Invasive Alien Species,0.6,0.6,40,10,0.0
Zelus renardii,0.8,0.8,9,10,0.0
1214,1.0,1.0,47,15,0.0
Zinc toxicity,0.8,0.8,65,25,0.0
Zimmerit,0.6,0.6,41,5,0.0
125 mm smoothbore ammunition,1.0,1.0,58,5,0.0
1458 mystery eruption,0.6,0.6,86,5,0.0
Zicam,0.8,0.8,94,10,0.0
Yair (name),0.8,0.8,59,5,0.0
Y-DNA haplogroups in populations of Europe,0.8,0.8,77,10,0.0
Xylose isomerase,0.8,0.8,98,5,0.0
Wind turbine syndrome,0.6,0.6,29,5,0.0
Woodworthia maculata,0.6,0.6,98,5,0.0
Wooden chest syndrome,0.8,0.8,64,10,0.0
Wood ash,0.6,0.6,54,5,0.0
Wolff–Parkinson–White syndrome,0.8,0.8,36,5,0.0
Wolbachia,1.0,1.0,14,65,0.0
Wireless device radiation and health,0.6,0.6,27,5,0.0
Why Most Published Research Findings Are False,0.8,0.8,56,5,0.0
Word embedding,0.8,0.8,27,125,0.0
White-nose syndrome,0.8,0.8,0,5,0.0
Whipple's disease,0.8,0.8,31,10,0.0
Wheeze,0.8,0.8,21,5,0.0
Wharton's jelly,0.6,0.6,83,10,0.0
Wetware computer,0.6,0.6,50,5,0.0
1900 in literature,0.6,0.6,33,20,0.0
Word catheter,0.6,0.6,6,5,0.0
WorldMap,0.8,0.8,98,20,0.0
Xylem,0.6,0.6,73,5,0.0
1808 mystery eruption,0.8,0.8,55,5,0.0
Xiuhcoatl,0.6,0.6,99,5,0.0
Xenobot,0.8,0.8,8,15,0.0
Xenobiology,0.8,0.8,28,95,0.0
Xanthosine monophosphate,0.6,0.6,32,10,0.0
1793,1.0,1.0,92,10,0.0
Xanthophyll,0.8,0.8,100,5,0.0
1812–1819 Ottoman plague epidemic,0.6,0.6,79,15,0.0
Writing material,0.6,0.6,98,10,0.0
XQuery,0.8,0.8,77,50,0.0
XML Schema (W3C),0.8,0.8,51,25,0.0
XML Metadata Interchange,1.0,1.0,92,5,0.0
XM25 CDTE,1.0,1.0,73,5,0.0
X86 instruction listings,0.6,0.6,24,5,0.0
X-linked recessive inheritance,0.6,0.6,45,5,0.0
2004 Hendrick Motorsports aircraft crash,0.6,0.6,84,5,0.0
2004 Russian presidential election,0.6,0.6,87,5,0.0
2007 Chinese export recalls,0.6,0.6,34,20,0.0
Urinary retention,1.0,1.0,65,5,0.0
3-Nitrooxypropanol,1.0,1.0,40,5,0.0
Ukrainian alphabet,0.6,0.6,49,5,0.0
Ukraine bioweapons conspiracy theory,0.8,0.8,90,55,0.0
3-partition problem,0.6,0.6,89,10,0.0
5-HT7 receptor,0.8,0.8,59,20,0.0
"60,000",0.8,0.8,66,10,0.0
USS John S. McCain and Alnic MC collision,0.6,0.6,56,5,0.0
USS Harry W. Hill,0.6,0.6,88,5,0.0
UR-100N,0.6,0.6,23,10,0.0
UN M49,0.8,0.8,75,5,0.0
UHRF1,0.6,0.6,58,20,0.0
UCSC Genome Browser,0.6,0.6,75,265,0.0
660s BC,0.6,0.6,39,5,0.0
67th Texas Legislature,0.6,0.6,56,10,0.0
Tyrosine kinase 2,1.0,1.0,97,45,0.0
Unicode equivalence,0.8,0.8,86,10,0.0
Unicode subscripts and superscripts,0.6,0.6,58,5,0.0
Unique Ingredient Identifier,0.6,0.6,73,30,0.0
Untranslated region,0.6,0.6,0,5,0.0
Uremia,0.6,0.6,51,5,0.0
Urease,0.8,0.8,83,75,0.0
2024–25 Northern Counties East Football League,0.8,0.8,89,10,0.0
Urea,0.6,0.6,96,10,0.0
Upside-down question and exclamation marks,0.6,0.6,7,5,0.0
2024–25 Premier Volleyball League All-Filipino Conference,0.8,0.8,71,10,0.0
Unsolved problems in medicine,1.0,1.0,35,5,0.0
26th Marine Expeditionary Unit,0.6,0.6,71,5,0.0
Unix filesystem,1.0,1.0,54,20,0.0
University of the Virgin Islands,0.6,0.6,65,5,0.0
Universal approximation theorem,1.0,1.0,98,5,0.0
Universal Decimal Classification,0.8,0.8,91,95,0.0
Universal Coded Character Set,0.8,0.8,81,5,0.0
2024–25 Rugby Europe International Championships,0.8,0.8,63,5,0.0
Tyrosine,0.6666666666666666,0.6666666666666666,101,96,0.0
Tyrosinase,0.75,0.75,72,4,0.0
Typhus,1.0,1.0,81,8,0.0
Triptan,0.6,0.6,89,5,0.0
True quantified Boolean formula,0.6,0.6,97,5,0.0
Tropical vegetation,0.8,0.8,58,5,0.0
ARP4761,0.8,0.8,68,5,0.0
Tropic of Cancer (novel),0.8,0.8,58,5,0.0
ASTERIX,0.6,0.6,35,5,0.0
Trodusquemine,0.6,0.6,78,15,0.0
ATM serine/threonine kinase,0.8,0.8,2,30,0.0
Tryptamine,0.8,0.8,89,35,0.0
Triple modular redundancy,0.8,0.8,31,5,0.0
Trinucleotide repeat disorder,0.8,0.8,88,25,0.0
Trimethylaminuria,0.8,0.8,50,30,0.0
Trigonocephaly,0.8,0.8,46,5,0.0
ATP hydrolysis,0.8,0.8,81,20,0.0
ATUM,1.0,1.0,62,10,0.0
AMPHORA,0.6,0.6,5,95,0.0
Tryptase,0.6,0.6,70,55,0.0
Type–length–value,1.0,1.0,93,5,0.0
Two-dimensional nuclear magnetic resonance spectroscopy,1.0,1.0,16,85,0.0
Types of periodic tables,0.6,0.6,92,10,0.0
Type theory with records,0.6,0.6,82,90,0.0
Type inference,1.0,1.0,52,5,0.0
Type II topoisomerase,0.8,0.8,32,45,0.0
A Linguistic Atlas of Early Middle English,0.6,0.6,64,5,0.0
Type 73 light machine gun,0.6,0.6,39,5,0.0
Two-dimensional chromatography,0.8,0.8,67,30,0.0
Tsort,0.8,0.8,47,5,0.0
Twitching motility,0.8,0.8,94,50,0.0
Tweedie distribution,0.8,0.8,100,5,0.0
Tumors of the hematopoietic and lymphoid tissues,1.0,1.0,100,10,0.0
Tumor lysis syndrome,0.8,0.8,52,5,0.0
AGM-69 SRAM,0.8,0.8,16,5,0.0
Tube feet,0.6,0.6,79,5,0.0
Urinary meatus,0.8,0.8,7,5,0.0
Urolithin A,1.0,1.0,90,5,0.0
2007 pet food recalls,0.8,0.8,82,205,0.0
2024–25 Furman Paladins men's basketball team,0.6,0.6,91,5,0.0
Verbascoside,0.6,0.6,44,5,0.0
Ventricle (heart),0.8,0.8,51,5,0.0
2020–21 Cypriot First Division,0.8,0.8,73,5,0.0
Vehicular suicide,0.8,0.8,4,5,0.0
2022,1.0,1.0,83,15,0.0
Vedolizumab,0.8,0.8,11,35,0.0
Vector spherical harmonics,0.6,0.6,52,15,0.0
2022 Russian mobilization,0.8,0.8,97,5,0.0
Vector multiplication,1.0,1.0,83,5,0.0
Vector monitor,0.8,0.8,43,10,0.0
2023 British Virgin Islands general election,0.6,0.6,73,5,0.0
Vector fields in cylindrical and spherical coordinates,0.8,0.8,29,5,0.0
Vector area,1.0,1.0,76,20,0.0
Vector algebra relations,0.6,0.6,22,5,0.0
2023 Bryansk Oblast raid,0.6,0.6,22,15,0.0
Vericiguat,0.6,0.6,71,5,0.0
Verse (poetry),0.8,0.8,80,5,0.0
Version history for TLS/SSL support in web browsers,1.0,1.0,78,10,0.0
2014 world series,0.6,0.6,85,645,0.0
2009 Fort Hood shooting,0.6,0.6,73,5,0.0
Viral evasion,0.6,0.6,0,5,0.0
2010 Stockholm bombings,0.8,0.8,87,10,0.0
2014,0.8,0.8,98,5,0.0
2014 Kunming attack,0.6,0.6,30,10,0.0
Viral complementation,0.6,0.6,0,5,0.0
2016 Indian Line of Control strike,0.8,0.8,38,5,0.0
2020s,0.8,0.8,35,10,0.0
Vimentin,0.6,0.6,69,70,0.0
Viking halberd,1.0,1.0,36,5,0.0
Viking 2,0.8,0.8,21,5,0.0
Vietnam War Song Project,0.6,0.6,33,5,0.0
Video compression picture types,0.8,0.8,34,5,0.0
Video Ad Serving Template,0.6,0.6,58,5,0.0
Vector (mathematics and physics),0.8,0.8,13,35,0.0
Vasculitis,0.8,0.8,56,15,0.0
Vascular tumor,0.8,0.8,100,5,0.0
2024–25 Cypriot First Division,1.0,1.0,95,15,0.0
Vacuole,0.8,0.8,69,5,0.0
2024 United States drug shortages,1.0,1.0,43,15,0.0
Vaccinium macrocarpon,0.8,0.8,93,5,0.0
Vaccines and autism,1.0,1.0,37,40,0.0
2024 in sports,0.6,0.6,91,5,0.0
Vaccine passports during the COVID-19 pandemic,1.0,1.0,59,5,0.0
Uveitis,0.8,0.8,16,5,0.0
2024 Spikers' Turf Invitational Conference,0.6,0.6,65,5,0.0
User agent,1.0,1.0,21,5,0.0
Urticarial vasculitis,0.6,0.6,88,75,0.0
Urticaria pigmentosa,0.8,0.8,74,5,0.0
2024–25 Eerste Divisie,0.6,0.6,38,70,0.0
Ursus rossicus,0.6,0.6,67,5,0.0
Ursodoxicoltaurine,0.6,0.6,87,5,0.0
Vacutainer,0.6,0.6,98,10,0.0
Vaginal lubrication,0.6,0.6,99,5,0.0
Vascular plant,0.8,0.8,49,20,0.0
Varanidae,0.8,0.8,91,10,0.0
Vascular malformation,0.6,0.6,85,10,0.0
2023–24 Moldovan Super Liga,0.6,0.6,76,5,0.0
Variational Bayesian methods,1.0,1.0,38,10,0.0
Variation Selectors (Unicode block),0.8,0.8,70,25,0.0
2023–24 Northern Premier League,0.8,0.8,24,10,0.0
Variability hypothesis,0.6,0.6,7,5,0.0
2023–24 UEFA Youth League knockout phase,0.6,0.6,60,5,0.0
Vaginismus,0.8,0.8,42,5,0.0
2024 ASEAN Championship Group B,0.6,0.6,62,10,0.0
Vanilla (genus),0.6,0.6,44,5,0.0
2024 Mannheim stabbing,0.6,0.6,20,5,0.0
Valinomycin,0.6,0.6,32,25,0.0
Vagus nerve stimulation,0.6,0.6,57,5,0.0
Vagovagal reflex,0.8,0.8,82,5,0.0
Alcohol-induced respiratory reactions,0.8,0.8,91,150,0.0
Alcoholic hallucinosis,0.6,0.6,10,5,0.0
Steatohepatitis,0.6,0.6,97,10,0.0
Relapse,0.8,0.8,81,15,0.0
Research library,1.0,1.0,58,15,0.0
Research ethics,0.8,0.8,31,5,0.0
Research design,1.0,1.0,22,5,0.0
Reproductive toxicity,0.8,0.8,68,5,0.0
Replicon (genetics),0.8,0.8,61,20,0.0
Replication (computing),0.6,0.6,23,5,0.0
Reperfusion injury,0.6,0.6,3,30,0.0
Repeat sign,0.6,0.6,30,5,0.0
Apache Taverna,0.8,0.8,19,5,0.0
Rendition aircraft,0.8,0.8,38,5,0.0
Rendering (animal products),0.6,0.6,55,5,0.0
Relic'ing,0.8,0.8,94,5,0.0
Relevance,1.0,1.0,71,40,0.0
Relaxation (NMR),0.8,0.8,5,5,0.0
Apache Xerces,0.6,0.6,89,5,0.0
Research question,1.0,1.0,11,15,0.0
Resection margin,1.0,1.0,21,5,0.0
Reserved IP addresses,1.0,1.0,97,5,0.0
Respiratory deposition,0.6,0.6,0,5,0.0
Antonov An-225 Mriya,0.6,0.6,74,5,0.0
Anxiogenic,0.8,0.8,74,5,0.0
Anzick-1,0.8,0.8,8,5,0.0
Apache Arrow,1.0,1.0,87,5,0.0
Apache Lucene,0.8,0.8,75,5,0.0
Respiratory disease,1.0,1.0,18,10,0.0
Respiratory center,0.6,0.6,63,25,0.0
Reservoir sampling,0.8,0.8,15,25,0.0
Apache OpenNLP,1.0,1.0,29,50,0.0
Respiratory acidosis,0.8,0.8,84,5,0.0
Respiration (physiology),0.6,0.6,12,10,0.0
Resource Interchange File Format,0.8,0.8,58,5,0.0
Resonance (chemistry),0.8,0.8,48,5,0.0
Resistance to diversity efforts in organizations,0.8,0.8,62,5,0.0
Apache ZooKeeper,0.6,0.6,98,5,0.0
Reinforcement learning from human feedback,0.8,0.8,88,10,0.0
Annonaceae,0.8,0.8,22,10,0.0
Regulation and prevalence of homeopathy,0.6,0.6,48,5,0.0
Recreational use of dextromethorphan,0.8,0.8,82,15,0.0
Recombinant protein production,0.8,0.8,0,5,0.0
Recombinant DNA,0.8,0.8,0,5,0.0
Reclassification,0.8,0.8,20,10,0.0
Receptor (biochemistry),0.8,0.8,40,30,0.0
Receptive aphasia,1.0,1.0,94,5,0.0
Recall (memory),0.8,0.8,93,30,0.0
Real gas,1.0,1.0,55,5,0.0
Reagent,0.6,0.6,73,10,0.0
Reactogenicity,0.6,0.6,41,5,0.0
Reaction inhibitor,1.0,1.0,1,5,0.0
Reaction coordinate,1.0,1.0,42,10,0.0
Reactance (psychology),1.0,1.0,27,5,0.0
Ray transfer matrix analysis,1.0,1.0,25,5,0.0
Apoidea,0.6,0.6,73,5,0.0
Recreational use of nitrous oxide,0.6,0.6,71,5,0.0
Rectal administration,1.0,1.0,90,5,0.0
Apnea,0.8,0.8,78,5,0.0
Reduction potential,0.8,0.8,66,5,0.0
Regorafenib,0.8,0.8,98,5,0.0
Reflowable document,1.0,1.0,15,5,0.0
Reflectin,1.0,1.0,89,10,0.0
Reference ranges for blood tests,0.8,0.8,62,5,0.0
Apicius,1.0,1.0,96,5,0.0
Red–black tree,0.6,0.6,90,15,0.0
Redkite,0.8,0.8,19,5,0.0
Rectangular function,0.6,0.6,98,10,0.0
Red oil,0.6,0.6,61,5,0.0
Red Data Book of the Russian Federation,0.6,0.6,92,10,0.0
Recuva,1.0,1.0,85,5,0.0
Recurrence relation,0.8,0.8,52,5,0.0
Apigenin,0.6,0.6,73,40,0.0
Rectenna,0.8,0.8,70,5,0.0
Response element,0.6,0.6,71,35,0.0
Restriction enzyme,0.6,0.6,0,5,0.0
Restriction enzymes,0.6,0.6,0,5,0.0
Restrictive lung disease,0.8,0.8,12,10,0.0
Row- and column-major order,0.8,0.8,15,10,0.0
Roundup (herbicide),0.6,0.6,13,5,0.0
Rotigotine,0.6,0.6,99,15,0.0
Rotaxane,1.0,1.0,68,5,0.0
Anthraquinones,0.8,0.8,64,10,0.0
Rotary evaporator,1.0,1.0,13,5,0.0
Anthrax (American band),0.6,0.6,80,5,0.0
Rodan (surname),0.6,0.6,50,5,0.0
Rocket sled launch,0.6,0.6,42,5,0.0
Rocket propellant,0.8,0.8,98,5,0.0
Rituximab,0.8,0.8,44,5,0.0
Anthrax Vaccine Immunization Program,0.8,0.8,1,40,0.0
Ripping,0.8,0.8,96,5,0.0
Riodinidae,1.0,1.0,15,5,0.0
Riociguat,1.0,1.0,33,5,0.0
Royal Thai General System of Transcription,0.6,0.6,96,15,0.0
Rubella,0.6,0.6,79,20,0.0
Anthranilic acid,0.6,0.6,81,10,0.0
Anoxygenic photosynthesis,0.8,0.8,65,5,0.0
Annotation,0.8,0.8,38,5,0.0
RuvABC,0.6,0.6,92,250,0.0
Rust converter,0.8,0.8,37,5,0.0
Anophthalmia,1.0,1.0,64,5,0.0
Rust,0.6,0.6,2,5,0.0
Anoxia,0.6,0.6,18,5,0.0
Russian NBC Protection Troops,0.8,0.8,29,5,0.0
Ruby character,0.6,0.6,89,5,0.0
Russian Armed Forces casualties in Syria,0.6,0.6,77,5,0.0
Anthelmintic,1.0,1.0,12,10,0.0
Rumen,0.6,0.6,3,5,0.0
Rules of Civility and Decent Behaviour In Company and Conversation,0.6,0.6,48,5,0.0
Rule of inference,1.0,1.0,75,5,0.0
Ruhrstahl X-4,0.6,0.6,73,5,0.0
Anthriscus sylvestris,0.6,0.6,59,5,0.0
Anthrozoology,0.8,0.8,55,5,0.0
Rilmenidine,0.8,0.8,60,15,0.0
Reverse genetics,0.6,0.6,0,5,0.0
Antileukotriene,0.8,0.8,46,20,0.0
Rheumatoid factor,0.8,0.8,58,10,0.0
Rhaphidophoridae,0.8,0.8,78,5,0.0
Rhabdophis,0.6,0.6,66,5,0.0
Revival of the woolly mammoth,0.6,0.6,82,70,0.0
Antimicrobial properties of copper,0.6,0.6,101,20,0.0
Reverse DNS lookup,0.6,0.6,35,15,0.0
Rhipicephalus,0.6,0.6,57,45,0.0
Retrotransposon,0.6,0.6,26,70,0.0
Retrogradation (starch),0.8,0.8,53,5,0.0
Retinoschisis,1.0,1.0,35,5,0.0
Reticuloendothelial system,0.6,0.6,82,40,0.0
Reticulocyte,0.6,0.6,59,5,0.0
Resveratrol,0.8,0.8,77,5,0.0
Antihypertensive,1.0,1.0,47,10,0.0
Antihistamine,1.0,1.0,67,5,0.0
Riftia,0.6,0.6,96,5,0.0
Ribose-5-phosphate isomerase deficiency,0.8,0.8,73,20,0.0
Antibiotic sensitivity testing,0.8,0.8,48,10,0.0
Antidote,0.6,0.6,38,5,0.0
Richardson–Lucy deconvolution,1.0,1.0,95,5,0.0
Ribozyme,1.0,1.0,20,60,0.0
Ribosome,0.8,0.8,3,95,0.0
Antifreeze protein,0.6,0.6,34,25,0.0
Ribonucleotide reductase,0.6,0.6,0,5,0.0
Rhizopogon,0.8,0.8,80,5,0.0
Ribonucleotide,1.0,1.0,44,35,0.0
Ribociclib,0.8,0.8,73,5,0.0
Antifungal resistance,0.8,0.8,0,5,0.0
Rhomphaia,0.6,0.6,64,5,0.0
Rhodopsin,0.8,0.8,76,5,0.0
Rhodococcus,0.6,0.6,81,80,0.0
Rattus,0.8,0.8,78,5,0.0
Rate–distortion theory,0.8,0.8,73,15,0.0
Rate equation,0.6,0.6,64,5,0.0
Putrefaction,0.8,0.8,42,15,0.0
Aroma compound,0.6,0.6,51,5,0.0
Psilocybin mushroom,0.6,0.6,71,5,0.0
Buthidae,0.6,0.6,97,15,0.0
Psilocybe allenii,0.6,0.6,77,5,0.0
Psidium cattleyanum,0.6,0.6,32,10,0.0
Psidium,0.6,0.6,92,5,0.0
Art of the AIDS Crisis,0.8,0.8,40,5,0.0
Pseudotsuga,0.8,0.8,91,5,0.0
Pseudonocardia,1.0,1.0,96,10,0.0
Pseudomonas denitrificans,0.6,0.6,87,20,0.0
Artemia salina,1.0,1.0,95,5,0.0
Pseudoephedrine/loratadine,0.6,0.6,29,15,0.0
Pseudoenzyme,1.0,1.0,7,55,0.0
Pseudocholinesterase deficiency,0.8,0.8,53,10,0.0
Pseudocerotidae,0.6,0.6,66,5,0.0
Psychoplastogen,0.6,0.6,80,5,0.0
Psychrometric constant,0.8,0.8,9,5,0.0
Pteridinium,0.6,0.6,71,5,0.0
Pulmonology,0.8,0.8,64,5,0.0
Purified water,0.6,0.6,76,5,0.0
Punnett square,0.8,0.8,71,40,0.0
Punch drunk (disambiguation),0.8,0.8,7,5,0.0
Pulsed laser,0.8,0.8,61,5,0.0
Pulsatilla,1.0,1.0,24,10,0.0
Pulpitis,0.8,0.8,18,5,0.0
Pulmonary infiltrate,1.0,1.0,84,15,0.0
Pterophyllum scalare,0.8,0.8,82,5,0.0
Argininosuccinate synthase,0.8,0.8,41,110,0.0
Pulmonary gas pressures,0.6,0.6,13,15,0.0
Argument (linguistics),0.6,0.6,67,10,0.0
Arm folding,1.0,1.0,58,15,0.0
Pulmonary agent,0.8,0.8,24,15,0.0
Pueo,0.6,0.6,48,5,0.0
Psalm 122,0.6,0.6,5,5,0.0
Prunus caroliniana,0.8,0.8,48,5,0.0
Prunus africana,1.0,1.0,77,10,0.0
Artificial life,0.6,0.6,52,20,0.0
Protein-protein interactions,0.5,0.5,0,4,0.0
Protein toxicity,1.0,1.0,0,5,0.0
Protein therapeutics,0.6,0.6,31,20,0.0
Protein tertiary structure,0.8,0.8,69,80,0.0
Artificial intelligence and copyright,0.8,0.8,77,10,0.0
Protein structure prediction,0.8,0.8,4,90,0.0
Protein secondary structure,0.8,0.8,31,30,0.0
Proteinopathy,0.8,0.8,14,10,0.0
Protein quaternary structure,0.6,0.6,72,155,0.0
Protein purification,0.6,0.6,0,5,0.0
Protein pH sensitivity,1.0,1.0,0,5,0.0
Artificial organ,0.8,0.8,98,5,0.0
Protein fusion,1.0,1.0,0,5,0.0
Protein expression,1.0,1.0,0,5,0.0
Proteinogenic amino acid,0.6,0.6,27,100,0.0
Article (publishing),0.8,0.8,43,5,0.0
Arterial occlusion,0.6,0.6,65,5,0.0
Proton-to-electron mass ratio,0.8,0.8,77,10,0.0
Proximal tubule,0.6,0.6,73,5,0.0
Proximal Origin,0.6,0.6,30,25,0.0
Arthropod mouthparts,1.0,1.0,40,5,0.0
Protozoa,1.0,1.0,92,5,0.0
Protospacer adjacent motif,1.0,1.0,39,110,0.0
Protoplasm,0.6,0.6,68,5,0.0
Arthrospira platensis,0.6,0.6,97,5,0.0
Proteomics,1.0,1.0,80,80,0.0
Protocell,0.8,0.8,90,10,0.0
Proto-Kra–Dai language,0.6,0.6,67,15,0.0
Proto-Indo-European verbs,0.6,0.6,92,5,0.0
Arthur Kornberg,0.8,0.8,74,5,0.0
Proterospongia,0.8,0.8,98,15,0.0
Proteostasis,0.6,0.6,34,70,0.0
Argentina and weapons of mass destruction,0.6,0.6,15,5,0.0
Pycnodysostosis,0.8,0.8,83,5,0.0
Rapunzel syndrome,1.0,1.0,87,5,0.0
Pyrethrin,0.8,0.8,46,15,0.0
Racecadotril,0.8,0.8,80,15,0.0
Applications of artificial intelligence,0.8,0.8,78,5,0.0
Rabies vaccine,0.6,0.6,10,35,0.0
Applications of nanotechnology,0.8,0.8,86,10,0.0
Approximation algorithm,1.0,1.0,23,10,0.0
Rab escort protein 1,0.6,0.6,25,15,0.0
Apraxia of speech,1.0,1.0,72,5,0.0
RT-21 Temp 2S,0.6,0.6,24,5,0.0
AquAdvantage salmon,0.6,0.6,69,20,0.0
Aquarium filter,0.8,0.8,82,5,0.0
RNA purification,0.8,0.8,0,5,0.0
Aqueous solution,1.0,1.0,56,5,0.0
Arabidopsis,0.6,0.6,65,70,0.0
RICTOR,0.8,0.8,19,25,0.0
RICE (medicine),1.0,1.0,25,5,0.0
Racemization,0.8,0.8,70,5,0.0
Racism in Africa,0.8,0.8,89,5,0.0
Racism in Japan,0.6,0.6,47,10,0.0
Raffia palm,0.8,0.8,49,5,0.0
Raphide,1.0,1.0,24,20,0.0
Ranunculales,1.0,1.0,49,5,0.0
Ranters,1.0,1.0,41,5,0.0
Random effects model,0.6,0.6,74,5,0.0
Rand index,1.0,1.0,42,10,0.0
Rajpal Singh Yadav,0.6,0.6,76,10,0.0
Radioresistance,1.0,1.0,83,45,0.0
Racism in Ukraine,0.6,0.6,83,5,0.0
Radical 85,0.8,0.8,72,5,0.0
Radical 115,0.6,0.6,97,5,0.0
Radical (chemistry),1.0,1.0,52,5,0.0
Radiation effects from the Fukushima Daiichi nuclear disaster,0.8,0.8,47,5,0.0
Radial nerve dysfunction,0.6,0.6,27,5,0.0
Radafaxine,0.6,0.6,17,5,0.0
RASSF1,0.6,0.6,81,35,0.0
RANK,1.0,1.0,88,5,0.0
R-12 Dvina,0.6,0.6,17,5,0.0
Pyrrhocoris apterus,0.6,0.6,98,15,0.0
Pyruvate dehydrogenase,0.6,0.6,32,5,0.0
Archelosauria,0.8,0.8,71,5,0.0
Pyruvate carboxylase,1.0,1.0,94,10,0.0
Pyrus communis,0.6,0.6,81,5,0.0
Pyrroloquinoline quinone,0.6,0.6,5,65,0.0
Pyrrole,0.6,0.6,56,10,0.0
Archimedes (1797),1.0,1.0,91,5,0.0
Pyuria,1.0,1.0,55,5,0.0
Pyroglutamic acid,1.0,1.0,45,5,0.0
Pyrilutamide,0.8,0.8,47,5,0.0
Pyridoxine/doxylamine,0.8,0.8,65,10,0.0
Pyridostigmine,0.8,0.8,12,15,0.0
Pyridinium chlorochromate,0.8,0.8,65,5,0.0
Pyridine,0.5,0.5,75,4,0.0
Pyruvate dehydrogenase complex,0.6,0.6,82,30,0.0
Q (programming language from Kx Systems),0.8,0.8,91,30,0.0
R-1 (missile),0.6,0.6,52,5,0.0
Question,0.8,0.8,41,10,0.0
R (programming language),0.6,0.6,82,5,0.0
Araguaian river dolphin,0.8,0.8,23,5,0.0
Aramaic original New Testament theory,0.6,0.6,42,5,0.0
Quine–McCluskey algorithm,0.8,0.8,83,15,0.0
Quicksort,0.6,0.6,42,10,0.0
Questioning (sexuality and gender),0.8,0.8,37,25,0.0
Archaeoraptor,0.8,0.8,35,5,0.0
Q-analog,0.6,0.6,68,5,0.0
Quaternions and spatial rotation,0.8,0.8,40,5,0.0
Quarterly Journal of the Royal Meteorological Society,0.6,0.6,45,5,0.0
Quantum suicide and immortality,0.6,0.6,92,5,0.0
Archaeplastida,0.8,0.8,57,5,0.0
QR algorithm,0.6,0.6,84,5,0.0
Q-exponential distribution,0.6,0.6,70,15,0.0
Ryukyuan religion,0.6,0.6,22,5,0.0
S-75 Dvina,0.6,0.6,91,5,0.0
Alcohols (medicine),0.8,0.8,85,5,0.0
Skeletal pneumaticity,0.8,0.8,16,5,0.0
Smoke inhalation,0.6,0.6,12,10,0.0
Smoke,1.0,1.0,64,4,0.0
Smith–Waterman algorithm,0.6,0.6,22,510,0.0
Alloy (specification language),1.0,1.0,57,5,0.0
Smit,0.6,0.6,53,5,0.0
Smilax,0.8,0.8,82,5,0.0
Alocasia odora,0.8,0.8,60,5,0.0
Small GTPase,0.8,0.8,58,10,0.0
Alpha-1-microglobulin,0.8,0.8,100,25,0.0
Sleep mode,0.6,0.6,44,5,0.0
Sleep inertia,1.0,1.0,68,5,0.0
Sleep and breathing,0.8,0.8,17,5,0.0
Slavic vocabulary,0.6,0.6,27,80,0.0
Skinnerhyus,0.8,0.8,53,5,0.0
Skin infection,0.8,0.8,45,5,0.0
Allotropes of sulfur,0.8,0.8,54,10,0.0
Snuppy,0.6,0.6,58,10,0.0
Allotropes of phosphorus,0.6,0.6,27,15,0.0
Solanum americanum,0.6,0.6,40,5,0.0
Sonic hedgehog protein,1.0,1.0,78,5,0.0
Soman,0.8,0.8,29,5,0.0
Allosteric enzyme,0.8,0.8,4,15,0.0
Solvation shell,1.0,1.0,69,25,0.0
Solvation,1.0,1.0,61,10,0.0
Solid-state nuclear magnetic resonance,1.0,1.0,89,25,0.0
Software bug,1.0,1.0,75,5,0.0
Sodium hyaluronate,0.8,0.8,28,5,0.0
Software agent,1.0,1.0,12,5,0.0
Softmax function,0.8,0.8,99,5,0.0
Allotropes of carbon,0.8,0.8,70,25,0.0
Allotropes of oxygen,0.8,0.8,44,5,0.0
Sodium/glucose cotransporter 2,0.6,0.6,32,5,0.0
Sodium-glucose transport proteins,0.5,0.5,44,20,0.0
Skewbald,0.6,0.6,39,5,0.0
Alpha-2A adrenergic receptor,0.6,0.6,16,10,0.0
S-layer,0.8,0.8,97,45,0.0
Sixth chord,0.6,0.6,87,5,0.0
Side effects of cyproterone acetate,0.6,0.6,40,5,0.0
Siamese neural network,0.8,0.8,20,30,0.0
Sialic acid receptors,0.8,0.8,0,5,0.0
Amanita regalis,0.6,0.6,25,5,0.0
Shva,0.6,0.6,29,5,0.0
Shuttlecraft,0.8,0.8,12,5,0.0
Shuttle-Centaur,0.6,0.6,13,5,0.0
Shuttle vector,1.0,1.0,0,5,0.0
Shotokuvirae,0.6,0.6,97,5,0.0
Shortness of breath,0.8,0.8,43,15,0.0
Amateur radio frequency allocations,1.0,1.0,68,5,0.0
Amatoxin,0.6666666666666666,0.6666666666666666,5,108,0.0
Shingles,0.6,0.6,100,50,0.0
Amaymon,0.6,0.6,42,5,0.0
Amazon S3 Glacier,0.6,0.6,68,10,0.0
Alveolar–arterial gradient,0.6,0.6,15,15,0.0
Alveolar soft part sarcoma,0.8,0.8,43,5,0.0
Alveolar osteitis,0.8,0.8,66,10,0.0
Single-cell transcriptomics,1.0,1.0,8,15,0.0
Six-dimensional space,0.6,0.6,57,5,0.0
Six Paths,0.6,0.6,61,5,0.0
Alström syndrome,0.8,0.8,57,5,0.0
Sitagliptin,0.8,0.8,87,5,0.0
Sinking of the Moskva,0.8,0.8,12,5,0.0
Alternative media (U.S. political left),0.6,0.6,55,5,0.0
Simufilam,0.6,0.6,91,45,0.0
Alveolar consonant,0.8,0.8,5,5,0.0
Simple continued fraction,0.6,0.6,81,5,0.0
Similarity measure,0.6,0.6,25,30,0.0
Silodosin,1.0,1.0,30,5,0.0
Silhouette (clustering),0.6,0.6,83,15,0.0
Silene stenophylla,0.6,0.6,74,5,0.0
Silene,0.6,0.6,22,10,0.0
Sorbus,0.8,0.8,56,5,0.0
Allodynia,0.8,0.8,93,5,0.0
Allison 1000 transmission,0.6,0.6,95,5,0.0
South African farm attacks,0.6,0.6,66,5,0.0
Alkaptonuria,0.6,0.6,77,15,0.0
Stable fly,0.6,0.6,43,15,0.0
Spy pixel,0.8,0.8,70,5,0.0
Allan–Herndon–Dudley syndrome,0.6,0.6,74,5,0.0
Allele,0.8,0.8,87,20,0.0
Sports broadcasting contracts in India,0.8,0.8,92,30,0.0
Allergen immunotherapy,1.0,1.0,44,10,0.0
Spontaneous combustion,0.8,0.8,54,5,0.0
Spontaneous bacterial peritonitis,0.6,0.6,89,5,0.0
Spliceosome,0.6,0.6,43,60,0.0
Allergic bronchopulmonary aspergillosis,0.8,0.8,49,45,0.0
Spirometry,0.6,0.6,30,5,0.0
Spin–lattice relaxation,1.0,1.0,93,15,0.0
Spinal disease,0.8,0.8,48,5,0.0
Allergic rhinitis,1.0,1.0,98,5,0.0
Stack-sortable permutation,0.6,0.6,51,5,0.0
Staining,1.0,1.0,99,15,0.0
Staling,0.8,0.8,62,5,0.0
Star Canopus diving accident,0.8,0.8,21,5,0.0
Statute of Labourers 1351,0.8,0.8,80,5,0.0
Statistical theory,0.6,0.6,89,5,0.0
Stations of the Exodus,0.8,0.8,50,5,0.0
Static site generator,1.0,1.0,42,5,0.0
Start codon,0.8,0.8,38,50,0.0
Aldehyde dehydrogenase,0.6,0.6,41,50,0.0
Aliivibrio fischeri,0.6,0.6,75,50,0.0
Standard Portable Intermediate Representation,0.8,0.8,87,5,0.0
Alkali–silica reaction,0.8,0.8,67,10,0.0
Alkaloid,0.6,0.6,28,5,0.0
Stanley B. Prusiner,0.6,0.6,47,5,0.0
Standard molar entropy,0.8,0.8,93,5,0.0
Standard enthalpy of reaction,0.8,0.8,24,5,0.0
Standard electrode potential (data page),0.8,0.8,68,5,0.0
Sphinx (documentation generator),0.8,0.8,42,10,0.0
Sphingomyelin,0.8,0.8,17,25,0.0
Sphingolipid,0.8,0.8,100,30,0.0
Southern United States literature,0.8,0.8,69,5,0.0
Soviet-type economic planning,1.0,1.0,100,5,0.0
Soviet space dogs,0.6,0.6,65,5,0.0
Soviet helicopter carrier Leningrad,0.6,0.6,25,10,0.0
Soviet famine of 1946–1947,0.6,0.6,75,5,0.0
Alligatoroidea,0.6,0.6,21,5,0.0
Soviet Border Troops,0.8,0.8,67,5,0.0
Southern United States,0.6,0.6,16,5,0.0
Space complexity,0.8,0.8,89,10,0.0
Southern Levant,0.8,0.8,14,5,0.0
Southern Jutland,0.6,0.6,50,5,0.0
Southern Dispersal,1.0,1.0,39,5,0.0
Alliin,0.6,0.6,80,10,0.0
Southern Arizona,0.8,0.8,10,5,0.0
Southern (Govia Thameslink Railway),0.8,0.8,71,5,0.0
Soy allergy,1.0,1.0,52,5,0.0
Spaced repetition,0.8,0.8,93,30,0.0
Sphenoid sinus,0.8,0.8,59,5,0.0
Allergy,1.0,1.0,48,25,0.0
Spermidine,0.6,0.6,88,60,0.0
Spermatogenesis,0.6,0.6,32,5,0.0
Spermatocele,0.8,0.8,44,5,0.0
Spermatid,0.8,0.8,83,20,0.0
Sperm washing,1.0,1.0,40,10,0.0
Spelt,1.0,1.0,74,5,0.0
"Special Herbs, Vol. 4",0.6,0.6,83,15,0.0
Spaceflight osteopenia,0.6,0.6,23,5,0.0
Spearman's rank correlation coefficient,0.8,0.8,52,5,0.0
Spatial memory,0.8,0.8,42,5,0.0
Spathiphyllum,0.8,0.8,47,5,0.0
Sparse identification of non-linear dynamics,0.6,0.6,45,15,0.0
Allethrins,0.6,0.6,77,5,0.0
Spacing effect,0.8,0.8,38,5,0.0
American Beer (album),0.6,0.6,21,5,0.0
Shiatsu,0.6,0.6,70,5,0.0
Shewanella oneidensis,0.6,0.6,14,35,0.0
Seal meat,0.8,0.8,39,60,0.0
Scalar (mathematics),0.8,0.8,82,5,0.0
Androgen-dependent condition,0.8,0.8,65,5,0.0
Saxitoxin,0.8,0.8,0,5,0.0
Saucer,1.0,1.0,94,5,0.0
Androstenone,1.0,1.0,76,30,0.0
Sarracenia purpurea,1.0,1.0,64,20,0.0
Sardine run,0.6,0.6,81,5,0.0
Sarcoscypha coccinea,0.6,0.6,63,5,0.0
Sarcoidosis,0.6,0.6,38,5,0.0
Anemone hepatica,0.6,0.6,12,5,0.0
Angioedema,1.0,1.0,32,15,0.0
Saponification value,0.6,0.6,9,10,0.0
Santolina chamaecyparissus,0.8,0.8,96,5,0.0
Santalales,0.6,0.6,28,10,0.0
Angiomyolipoma,0.8,0.8,45,5,0.0
Scalar (physics),0.8,0.8,49,5,0.0
Schema.org,0.8,0.8,98,15,0.0
Schild equation,1.0,1.0,74,5,0.0
Scopolamine,0.8,0.8,45,10,0.0
Sea Witch (container ship),0.6,0.6,28,5,0.0
Sd.Kfz. 265 Panzerbefehlswagen,0.6,0.6,72,5,0.0
Anabolism,0.8,0.8,44,20,0.0
Screening (medicine),1.0,1.0,4,5,0.0
Scrapie,1.0,1.0,81,105,0.0
Scottish red deer,0.6,0.6,99,5,0.0
Sclerotinia sclerotiorum,0.8,0.8,6,5,0.0
Schistocyte,0.8,0.8,58,10,0.0
Schlosser's base,0.6,0.6,83,10,0.0
Anal gland,0.8,0.8,86,5,0.0
Schistosoma mansoni,0.8,0.8,54,5,0.0
Anatomical plane,0.8,0.8,50,5,0.0
Anatomical terms of motion,0.6,0.6,39,5,0.0
Ancient Beringian,0.6,0.6,59,5,0.0
Sanction,0.6,0.6,81,5,0.0
Samuel H. Wood,0.6,0.6,98,5,0.0
Sampling bias,1.0,1.0,64,5,0.0
SIMILE,0.8,0.8,63,40,0.0
SSM-N-9 Regulus II,0.8,0.8,66,5,0.0
Animal psychopathology,1.0,1.0,24,10,0.0
SS Barlind,0.6,0.6,44,5,0.0
SM-65 Atlas,0.8,0.8,4,5,0.0
Animal suicide,1.0,1.0,59,30,0.0
SLC2A9,0.6,0.6,61,20,0.0
SET domain,1.0,1.0,87,210,0.0
Animal models,1.0,1.0,0,5,0.0
SBML,0.6,0.6,92,335,0.0
Animal trial,0.6,0.6,27,5,0.0
Anismus,0.8,0.8,83,15,0.0
Annals (Tacitus),1.0,1.0,56,5,0.0
SAE 304 stainless steel,1.0,1.0,52,5,0.0
SAD PERSONS scale,0.8,0.8,9,5,0.0
STDU Viewer,0.8,0.8,51,5,0.0
STRING,0.6,0.6,50,495,0.0
Samidorphan,0.6,0.6,68,25,0.0
Angiotensin II receptor type 1,1.0,1.0,96,20,0.0
Sambucus,0.8,0.8,95,5,0.0
Salvinorin,0.8,0.8,90,10,0.0
Salviniales,0.8,0.8,52,5,0.0
Salt bridge (protein and supramolecular),0.6,0.6,42,5,0.0
Angiosperm Phylogeny Group,0.8,0.8,29,10,0.0
Angiotensin,0.6,0.6,12,5,0.0
Salinity,0.8,0.8,55,5,0.0
SWI/SNF,0.8,0.8,48,10,0.0
Safinamide,0.6,0.6,99,5,0.0
Sacubitril/valsartan,1.0,1.0,16,15,0.0
Animal Cognition,0.8,0.8,7,5,0.0
Sacroiliitis,1.0,1.0,68,5,0.0
Animal culture,1.0,1.0,52,5,0.0
SYNTAX,0.8,0.8,49,10,0.0
Seafaring in the Pre-Columbian Caribbean,0.8,0.8,49,5,0.0
Search data structure,0.6,0.6,95,105,0.0
Shewanella,1.0,1.0,43,115,0.0
Search engine indexing,1.0,1.0,17,205,0.0
Aminoglutethimide,0.6,0.6,97,5,0.0
Serum protein electrophoresis,1.0,1.0,82,5,0.0
Aminophenazone,0.6,0.6,51,10,0.0
Serrated polyposis syndrome,0.6,0.6,94,10,0.0
Serotype,1.0,1.0,3,15,0.0
Serotonin–norepinephrine reuptake inhibitor,1.0,1.0,45,4,0.0
Serotonin transporter,0.8,0.8,67,10,0.0
Serotonin receptor agonist,0.8,0.8,75,5,0.0
Serialization,1.0,1.0,62,5,0.0
Septicemic plague,0.6,0.6,62,60,0.0
Sensory processing disorder,1.0,1.0,48,5,0.0
Sensory neuronopathy,1.0,1.0,101,5,0.0
Sensory memory,0.8,0.8,59,15,0.0
Sense of smell,0.8,0.8,28,40,0.0
Sense (molecular biology),0.8,0.8,29,175,0.0
Service Location Protocol,1.0,1.0,75,10,0.0
Sesquilinear form,0.8,0.8,51,5,0.0
Sessile serrated lesion,1.0,1.0,35,5,0.0
Sexual desire,1.0,1.0,56,5,0.0
Shellfish allergy,0.8,0.8,92,5,0.0
Amide,1.0,1.0,26,5,0.0
Shattered Steel,0.6,0.6,70,5,0.0
Shannon–Hartley theorem,1.0,1.0,100,5,0.0
Shadow biosphere,1.0,1.0,37,5,0.0
Sexually transmitted infection,0.6,0.6,11,20,0.0
Amine,0.8,0.8,96,5,0.0
Set cover problem,0.6,0.6,70,10,0.0
Sex chromosome anomalies,1.0,1.0,90,5,0.0
Sex chromosome,0.6,0.6,30,5,0.0
Sewer gas,0.8,0.8,69,10,0.0
Sewage farm,0.8,0.8,39,5,0.0
Amino acid replacement,1.0,1.0,32,135,0.0
Setosphaeria turcica,0.8,0.8,17,85,0.0
Ampelography,0.8,0.8,20,5,0.0
Sengstaken–Blakemore tube,0.6,0.6,72,5,0.0
Senecioneae,0.8,0.8,69,10,0.0
Secretary problem,0.6,0.6,19,5,0.0
Select (SQL),0.8,0.8,73,35,0.0
Segmental resection,1.0,1.0,68,5,0.0
Sedum morganianum,0.8,0.8,60,5,0.0
Sediment,0.8,0.8,54,5,0.0
Security question,0.6,0.6,94,5,0.0
Secretome,1.0,1.0,42,85,0.0
Secondary source,0.8,0.8,71,10,0.0
Select Agents,0.6,0.6,0,5,0.0
Secondary somatosensory cortex,0.6,0.6,87,5,0.0
Secondary plot (kinetics),0.8,0.8,92,30,0.0
Secondary metabolite,0.8,0.8,94,20,0.0
Amylose,0.6,0.6,98,20,0.0
Search neutrality,0.8,0.8,67,5,0.0
Search engine results page,1.0,1.0,36,25,0.0
Amyloidosis,1.0,1.0,42,15,0.0
Amyloid-related imaging abnormalities,0.8,0.8,87,5,0.0
Senecio,0.8,0.8,88,5,0.0
Selenium deficiency,0.8,0.8,90,10,0.0
Senary,0.6,0.6,93,5,0.0
Amphiregulin,0.8,0.8,99,20,0.0
Semantics,0.8,0.8,88,15,0.0
Semantic triple,0.6,0.6,34,75,0.0
Selumetinib,0.6,0.6,43,5,0.0
Self-supervised learning,0.8,0.8,80,5,0.0
Selenicereus grandiflorus,0.8,0.8,100,5,0.0
Selected reaction monitoring,0.8,0.8,68,230,0.0
Selegiline,0.6,0.6,38,10,0.0
Amy Rosenzweig,0.6,0.6,83,5,0.0
Selective norepinephrine reuptake inhibitor,0.8,0.8,20,5,0.0
Selective media,0.8,0.8,0,5,0.0
Selection algorithm,0.8,0.8,100,15,0.0
Selectin,0.6,0.6,31,75,0.0
List of text corpora,0.6,0.6,63,25,0.0
Lists of unusual deaths,0.8,0.8,84,10,0.0
Butovo firing range,0.6,0.6,63,5,0.0
Hexanitrodiphenylamine,0.6,0.6,66,5,0.0
Hexadecimal,0.8,0.8,14,5,0.0
Hexachloroethane,0.6,0.6,75,15,0.0
Hexaamminecobalt(III) chloride,0.6,0.6,80,5,0.0
Heteroplasmy,0.8,0.8,78,5,0.0
Heteronym (linguistics),1.0,1.0,71,5,0.0
Heterologous expression,0.6,0.6,0,5,0.0
Heterochromatin,0.8,0.8,0,5,0.0
Comparison of multi-paradigm programming languages,1.0,1.0,94,10,0.0
Herpetic gingivostomatitis,0.8,0.8,14,90,0.0
Comparison of reference management software,0.6,0.6,53,5,0.0
Comparison of remote desktop software,1.0,1.0,35,5,0.0
Comparison of text editors,0.8,0.8,99,70,0.0
Herpesvirus entry mediator,0.8,0.8,0,5,0.0
Comparison of vector graphics editors,0.6,0.6,47,150,0.0
Comparison of video container formats,0.8,0.8,84,35,0.0
Hexahydrocannabinol,0.6,0.6,65,15,0.0
Heyndrickxia coagulans,1.0,1.0,72,150,0.0
Histocompatibility,0.8,0.8,73,10,0.0
Hi-C (genomic analysis technique),1.0,1.0,36,190,0.0
Comparison of file systems,0.6,0.6,79,25,0.0
Histamine receptor,0.8,0.8,12,15,0.0
Comparison of hex editors,0.6,0.6,42,5,0.0
Hispanopithecus,0.6,0.6,48,15,0.0
Hiragana,0.8,0.8,95,5,0.0
Hill equation (biochemistry),0.8,0.8,51,20,0.0
Comparison of high-definition smartphone displays,0.6,0.6,47,5,0.0
High-altitude adaptation in humans,1.0,1.0,78,5,0.0
High altitude breathing apparatus,0.8,0.8,84,5,0.0
Hierofalcon,0.8,0.8,48,5,0.0
Hierarchical navigable small world,1.0,1.0,72,110,0.0
Comparison of image viewers,1.0,1.0,72,170,0.0
Hibernate (framework),0.8,0.8,66,30,0.0
Hibakusha,0.6,0.6,63,5,0.0
Comparison of mobile operating systems,0.8,0.8,14,20,0.0
Comparison of video player software,0.6,0.6,19,10,0.0
Herpes simplex virus,0.6,0.6,0,5,0.0
Complement receptor 2,0.8,0.8,85,165,0.0
Complement system,0.6,0.6,0,5,0.0
Computer terminal,0.6,0.6,47,5,0.0
Hepatic encephalopathy,0.8,0.8,73,15,0.0
Heparin,1.0,1.0,100,5,0.0
Concrete Ship,0.6,0.6,56,15,0.0
Henut Taui,0.6,0.6,95,5,0.0
Concurrency control,1.0,1.0,66,5,0.0
Hemosiderin,1.0,1.0,53,15,0.0
Hemorrhagic gastroenteritis,0.8,0.8,24,15,0.0
Condition number,0.8,0.8,31,5,0.0
Hemolytic anemia,0.6,0.6,92,5,0.0
Congenital muscular dystrophy,0.6,0.6,86,5,0.0
Hemolymph,1.0,1.0,58,5,0.0
Congestive hepatopathy,0.6,0.6,17,10,0.0
Hemoglobin subunit beta,0.8,0.8,95,80,0.0
Hemocyanin,1.0,1.0,99,30,0.0
Computer number format,0.6,0.6,35,5,0.0
Computer data storage,1.0,1.0,89,5,0.0
Computational model,1.0,1.0,73,5,0.0
Hereditary haemochromatosis,1.0,1.0,51,35,0.0
Herpes gladiatorum,0.6,0.6,70,80,0.0
Hermodice carunculata,0.6,0.6,58,5,0.0
Complementation test,0.8,0.8,0,5,0.0
Hermaphrodite,1.0,1.0,77,5,0.0
Heritability of autism,0.6,0.6,73,60,0.0
Composability,0.8,0.8,94,5,0.0
Hereditary cancer syndrome,0.8,0.8,40,10,0.0
Computational epigenetics,1.0,1.0,94,140,0.0
Hepcidin,0.8,0.8,95,90,0.0
Hepatotoxin,0.8,0.8,87,5,0.0
Composition of relations,0.6,0.6,85,5,0.0
Hepatosplenomegaly,0.8,0.8,62,20,0.0
Hepatomegaly,0.6,0.6,12,5,0.0
Hepatocellular carcinoma,0.8,0.8,70,5,0.0
Histiocytoma,0.8,0.8,45,10,0.0
Histone code,0.6,0.6,94,185,0.0
Cohort study,1.0,1.0,100,5,0.0
Hosta 'Undulata',0.6,0.6,37,10,0.0
Combatants of the war in Donbas,0.6,0.6,60,5,0.0
Combustibility and flammability,1.0,1.0,71,5,0.0
Host adapter,0.6,0.6,83,5,0.0
Host (network),1.0,1.0,11,5,0.0
Host (biology),0.8,0.8,4,5,0.0
Horses in Germanic paganism,0.6,0.6,79,5,0.0
Horner–Wadsworth–Emmons reaction,0.6,0.6,79,5,0.0
Comma operator,0.8,0.8,52,5,0.0
Comment (computer programming),1.0,1.0,75,5,0.0
Commodore 1540,1.0,1.0,44,5,0.0
Hordenine,0.6,0.6,76,5,0.0
Communication channel,1.0,1.0,56,5,0.0
Honor suicide,1.0,1.0,50,5,0.0
Honeydew (secretion),0.8,0.8,20,15,0.0
Homology modeling,0.8,0.8,39,405,0.0
Columella,0.6,0.6,75,5,0.0
Collation,0.8,0.8,25,45,0.0
Histone deacetylase inhibitor,1.0,1.0,0,5,0.0
Collagenous colitis,0.6,0.6,84,5,0.0
Human genetic clustering,1.0,1.0,74,20,0.0
Human food,0.8,0.8,58,5,0.0
Human feces,1.0,1.0,80,20,0.0
Human fat,0.6,0.6,24,5,0.0
Human disease network,1.0,1.0,93,65,0.0
Human disease modifier gene,1.0,1.0,13,40,0.0
Cold-stimulus headache,0.8,0.8,52,5,0.0
Collagen,1.0,1.0,71,55,0.0
Human blood group systems,1.0,1.0,49,10,0.0
Human Genome Project,0.8,0.8,68,50,0.0
Human Brain Project,0.6,0.6,53,5,0.0
Huimin Zhao,0.6,0.6,32,5,0.0
Hugo López-Gatell Ramírez,1.0,1.0,71,5,0.0
Hud (surah),0.6,0.6,68,5,0.0
Hox gene,0.8,0.8,80,10,0.0
Homology (biology),1.0,1.0,15,5,0.0
Comparative officer ranks of World War II,0.6,0.6,76,5,0.0
Homologous chromosome,0.8,0.8,8,15,0.0
Homocystinuria,0.8,0.8,84,5,0.0
History of the web browser,0.6,0.6,33,5,0.0
History of the potato,0.6,0.6,67,5,0.0
History of the Catholic Church in Japan,0.8,0.8,77,5,0.0
Comparison of ICBMs,0.8,0.8,1,5,0.0
Comparison of anti-ballistic missile systems,0.6,0.6,8,5,0.0
Comparison of cryptographic hash functions,0.6,0.6,70,10,0.0
History of military technology,0.8,0.8,71,5,0.0
History of magnetic resonance imaging,0.8,0.8,55,5,0.0
History of life,1.0,1.0,51,5,0.0
History of computing hardware (1960s–present),1.0,1.0,56,5,0.0
Comparison of executable file formats,1.0,1.0,89,5,0.0
History of biological warfare,0.6,0.6,12,50,0.0
History of animal testing,1.0,1.0,89,5,0.0
Comparison of file managers,0.8,0.8,92,20,0.0
Histopathology,1.0,1.0,26,5,0.0
History of trigonometry,0.6,0.6,89,5,0.0
Hittite cuneiform,0.8,0.8,66,5,0.0
Hittite inscriptions,0.6,0.6,86,5,0.0
Homages,0.8,0.8,6,550,0.0
Comparison of CalDAV and CardDAV implementations,0.6,0.6,69,5,0.0
Hominy,0.8,0.8,88,5,0.0
Homeotic gene,1.0,1.0,80,10,0.0
Homeostatic model assessment,0.8,0.8,40,10,0.0
Homeosis,1.0,1.0,65,15,0.0
Home media,0.8,0.8,22,5,0.0
Holozoa,0.6,0.6,94,15,0.0
Hive (ransomware),0.6,0.6,66,5,0.0
Comparison of Fujifilm X series cameras,0.6,0.6,84,15,0.0
Hokan languages,0.8,0.8,35,15,0.0
Hoffmann syndrome,1.0,1.0,99,5,0.0
Hodgkin lymphoma,0.6,0.6,75,5,0.0
Hodges–Lehmann estimator,0.6,0.6,35,5,0.0
Hmong writing,0.6,0.6,92,15,0.0
Hemiptera,0.8,0.8,7,5,0.0
Hemidactylus flaviviridis,0.6,0.6,56,5,0.0
Heme,0.6,0.6,78,10,0.0
Gs alpha subunit,0.6,0.6,61,10,0.0
Group representation,1.0,1.0,49,30,0.0
Group identifier,0.6,0.6,43,5,0.0
Group homomorphism,0.8,0.8,56,5,0.0
Grossfuss Sturmgewehr,0.6,0.6,27,5,0.0
Grimspound,0.8,0.8,98,5,0.0
Grifola frondosa,1.0,1.0,99,5,0.0
Grief,1.0,1.0,85,15,0.0
Greeny (guitar),0.8,0.8,45,5,0.0
Greenberg's linguistic universals,0.6,0.6,93,5,0.0
Green waste,0.6,0.6,63,5,0.0
Corn gluten meal,0.6,0.6,4,10,0.0
Corn kernel,0.8,0.8,14,5,0.0
Gray baby syndrome,0.8,0.8,91,5,0.0
Graph isomorphism,0.8,0.8,50,5,0.0
Graph drawing,0.8,0.8,75,10,0.0
Gruiformes,0.6,0.6,67,5,0.0
Guano,1.0,1.0,62,5,0.0
Hematospermia,0.8,0.8,31,5,0.0
Guanosine monophosphate,0.6,0.6,92,45,0.0
Coprinus comatus,0.8,0.8,58,5,0.0
Copula (linguistics),0.6,0.6,61,5,0.0
Copyright aspects of hyperlinking and framing,1.0,1.0,87,5,0.0
Corchorus olitorius,0.8,0.8,48,10,0.0
Cordylobia anthropophaga,0.8,0.8,57,5,0.0
H1 antagonist,0.6,0.6,16,20,0.0
Gyrus,0.6,0.6,38,10,0.0
Gymnosporangium juniperi-virginianae,0.6,0.6,58,35,0.0
Gymnopilus,0.6,0.6,86,30,0.0
Gymnemic acid,0.8,0.8,47,10,0.0
Gut microbiota,0.8,0.8,87,40,0.0
Coreidae,0.6,0.6,33,5,0.0
Gun serial number,0.6,0.6,68,5,0.0
Gummy smile,0.8,0.8,66,5,0.0
Coriander,0.8,0.8,78,5,0.0
Graph (abstract data type),0.8,0.8,55,20,0.0
Granulocyte,0.6,0.6,25,15,0.0
Grandmother hypothesis,0.8,0.8,38,10,0.0
Gramps (software),0.8,0.8,82,5,0.0
"Gluten-free, casein-free diet",0.8,0.8,98,5,0.0
Gluten,0.6,0.6,79,70,0.0
Cortisone,1.0,1.0,85,5,0.0
Glutamate receptor,0.6,0.6,26,15,0.0
Glutamate (neurotransmitter),0.8,0.8,93,5,0.0
Glucose uptake,1.0,1.0,91,10,0.0
Glucosamine,0.8,0.8,53,5,0.0
Glucocorticoid receptor,0.6,0.6,50,40,0.0
Glucan,0.6,0.6,97,30,0.0
Gloxinia (genus),0.6,0.6,66,10,0.0
Glossary of wine terms,0.8,0.8,79,5,0.0
Corvalol,0.6,0.6,91,5,0.0
Glossary of quantum computing,0.6,0.6,94,10,0.0
Glossary of music terminology,0.8,0.8,96,5,0.0
Glossary of military abbreviations,0.8,0.8,72,20,0.0
Cortical homunculus,0.6,0.6,64,10,0.0
Glutenin,0.6,0.6,99,5,0.0
Glyceraldehyde,0.6,0.6,72,20,0.0
Gonadal dysgenesis,0.6,0.6,92,5,0.0
Governmental lists of cults and sects,0.6,0.6,53,5,0.0
Gothic runic inscriptions,0.6,0.6,42,20,0.0
Gossypium barbadense,0.6,0.6,67,15,0.0
Cornish cuisine,1.0,1.0,65,5,0.0
Cornus kousa,0.6,0.6,67,5,0.0
Google Hummingbird,0.6,0.6,64,30,0.0
Goliathus,0.8,0.8,68,5,0.0
Glycolysis,0.6,0.6,7,10,0.0
Gold nanoparticles in chemotherapy,1.0,1.0,55,40,0.0
Gnetophyta,0.6,0.6,95,5,0.0
Coronavirus Job Retention Scheme,0.6,0.6,70,5,0.0
Corpus cavernosum penis,0.6,0.6,16,5,0.0
Glycosylation,1.0,1.0,70,20,0.0
Glycosaminoglycan,0.6,0.6,94,55,0.0
Coprinellus micaceus,0.6,0.6,21,5,0.0
HITS algorithm,0.6,0.6,14,135,0.0
Copper peptide GHK-Cu,0.6,0.6,83,45,0.0
Haplogroup G-M285,0.6,0.6,86,10,0.0
Hazmat diving,1.0,1.0,52,5,0.0
Hazari Lane violence,0.6,0.6,90,15,0.0
Hazardous materials apparatus,0.8,0.8,17,5,0.0
Conserved sequence,1.0,1.0,84,80,0.0
"Harris County, Georgia",0.6,0.6,76,5,0.0
Harmaline,0.6,0.6,84,5,0.0
Harlequin syndrome,1.0,1.0,94,5,0.0
Hardy–Weinberg principle,0.8,0.8,12,5,0.0
Hard spheres,0.6,0.6,50,5,0.0
Haramiyida,0.8,0.8,93,5,0.0
Haptic communication,1.0,1.0,83,10,0.0
Haplotype,0.8,0.8,70,25,0.0
Haplorhini,0.8,0.8,98,15,0.0
Haploinsufficiency,0.6,0.6,52,30,0.0
Haplogroup Q-M242,0.8,0.8,11,65,0.0
Head and neck anatomy,0.8,0.8,41,15,0.0
Health among the Amish,0.6,0.6,8,20,0.0
Health and safety hazards of 3D printing,0.6,0.6,83,10,0.0
Heliox,0.6,0.6,52,20,0.0
Hematophagy,0.8,0.8,92,25,0.0
Hemangiosarcoma,1.0,1.0,94,5,0.0
Conjugate (acid-base theory),0.8,0.8,57,10,0.0
Conjugate prior,0.8,0.8,87,5,0.0
Conjugative plasmids,0.8,0.8,0,5,0.0
Helix (multimedia project),0.6,0.6,59,15,0.0
Heliotropism,0.6,0.6,20,5,0.0
Health and safety hazards of nanomaterials,0.6,0.6,49,20,0.0
Helichrysum,0.8,0.8,48,10,0.0
Heinz body,0.8,0.8,67,20,0.0
Hebomoia glaucippe,0.6,0.6,75,5,0.0
Heating element,0.8,0.8,35,5,0.0
Heated tobacco product,1.0,1.0,65,5,0.0
Health effects of salt,0.6,0.6,63,5,0.0
Haplogroup L2,0.6,0.6,81,40,0.0
Haplogroup E-Z827,0.8,0.8,95,65,0.0
Coordination sphere,0.8,0.8,34,5,0.0
Constituent (linguistics),0.8,0.8,9,5,0.0
Hadamar killing centre,0.6,0.6,92,5,0.0
Hachiman,1.0,1.0,93,5,0.0
Habitability of K-type main-sequence star systems,0.8,0.8,63,5,0.0
Convex polytope,0.6,0.6,83,5,0.0
HTTP/3,0.6,0.6,81,5,0.0
HTTP ETag,0.8,0.8,82,35,0.0
Convolvulaceae,0.8,0.8,73,15,0.0
Cook–Levin theorem,0.6,0.6,49,5,0.0
Cooperativity,0.6,0.6,60,25,0.0
HPV-positive oropharyngeal cancer,1.0,1.0,92,35,0.0
HMS Coventry (D118),1.0,1.0,80,5,0.0
HMGB1,0.6,0.6,30,25,0.0
HIV/AIDS in the United States,0.6,0.6,97,5,0.0
HIV/AIDS in the Philippines,0.6,0.6,23,10,0.0
Coordinate vector,0.8,0.8,23,50,0.0
Convex hull algorithms,0.8,0.8,49,5,0.0
Haematopoietic system,0.8,0.8,58,10,0.0
Haenel MK 556,0.6,0.6,89,5,0.0
Hamilton Rating Scale for Depression,0.8,0.8,50,10,0.0
Haplogroup A (Y-DNA),0.8,0.8,93,5,0.0
Haplogroup,1.0,1.0,96,5,0.0
Contaminated land,0.8,0.8,22,5,0.0
Content format,1.0,1.0,95,15,0.0
Hanifi Rohingya script,0.8,0.8,98,5,0.0
Contrast agent,1.0,1.0,64,5,0.0
Halton sequence,1.0,1.0,32,5,0.0
Conventional weapon,0.8,0.8,92,5,0.0
Halotolerance,1.0,1.0,21,5,0.0
Controlled vocabulary,0.8,0.8,34,165,0.0
HaloTag,0.8,0.8,16,165,0.0
Hallermann–Streiff syndrome,0.6,0.6,66,5,0.0
Halakha,0.6,0.6,88,5,0.0
Hair cloning,0.6,0.6,75,5,0.0
Human genetic enhancement,0.8,0.8,68,45,0.0
Human information interaction,1.0,1.0,74,5,0.0
Glossary of leaf morphology,1.0,1.0,91,20,0.0
Index of DOS games (W),1.0,1.0,13,12,0.0
Index of DOS games (M),0.8,0.8,53,30,0.0
Chytridiomycota,0.8,0.8,39,5,0.0
Index of DOS games (G),0.6,0.6,54,30,0.0
Index of DOS games (C),0.6,0.6,14,30,0.0
Index of DOS games,1.0,1.0,91,10,0.0
Index notation,0.8,0.8,26,20,0.0
Cicuta,0.6,0.6,81,5,0.0
Index (publishing),1.0,1.0,64,5,0.0
Independence of clones criterion,0.8,0.8,34,15,0.0
Indapamide,0.6,0.6,29,5,0.0
Incubator (culture),0.6,0.6,61,10,0.0
Incomplete lineage sorting,1.0,1.0,64,30,0.0
Incomplete Cholesky factorization,0.8,0.8,62,5,0.0
Inclusion–exclusion principle,0.8,0.8,30,5,0.0
Inclusion map,1.0,1.0,99,10,0.0
Index of DOS games (V),0.5,0.5,99,28,0.0
Index of Greenland-related articles,1.0,1.0,95,10,0.0
Indicator bacteria,0.8,0.8,11,60,0.0
Index of Windows games,0.8,0.8,27,30,0.0
Indexed file,1.0,1.0,72,40,0.0
Indexed Database API,0.6,0.6,98,5,0.0
Index of physics articles (C),1.0,1.0,50,90,0.0
Index of physics articles (A),1.0,1.0,83,34,0.0
Index of physics articles (!$@),0.8,0.8,21,60,0.0
Index of gardening articles,0.6,0.6,51,5,0.0
Index of fashion articles,0.8,0.8,89,30,0.0
List of television formats and genres,0.8,0.8,66,15,0.0
Index of Windows games (W),0.6666666666666666,0.6666666666666666,65,51,0.0
Index of Windows games (T),0.6,0.6,75,85,0.0
Index of Windows games (P),1.0,1.0,66,51,0.0
Chymotrypsin,1.0,1.0,23,55,0.0
Index of Windows games (I),0.8,0.8,23,50,0.0
Index of Windows games (H),0.8,0.8,22,50,0.0
Index of Windows games (B),0.8,0.8,67,85,0.0
Ciguatera fish poisoning,1.0,1.0,67,20,0.0
Inclusion (mineral),1.0,1.0,7,5,0.0
Incisivosaurus,0.8,0.8,65,5,0.0
Ciliary neurotrophic factor,0.8,0.8,84,30,0.0
Impact of Agent Orange in Vietnam,0.6,0.6,79,35,0.0
Immunotransplant,0.8,0.8,64,90,0.0
Immunoscreening,0.6,0.6,98,80,0.0
Immunoprecipitation,1.0,1.0,98,30,0.0
Immunomodulation,0.8,0.8,32,5,0.0
Circumscription (taxonomy),1.0,1.0,36,50,0.0
Cis AB,0.6,0.6,19,65,0.0
Immunohistochemistry,0.6,0.6,100,5,0.0
Immunoglobulin therapy,1.0,1.0,16,10,0.0
Immunoglobulin light chain,0.8,0.8,68,10,0.0
Cisapride,0.6,0.6,94,5,0.0
Immunoglobulin class switching,0.6,0.6,24,40,0.0
Cis–trans isomerism,0.6,0.6,10,5,0.0
Immunofluorescence,1.0,1.0,0,5,0.0
Immunoelectrophoresis,1.0,1.0,15,20,0.0
Impact of the COVID-19 pandemic on American sports broadcasting,0.6,0.6,17,15,0.0
Impact of the COVID-19 pandemic on cinema,0.8,0.8,41,10,0.0
Impact of the COVID-19 pandemic on international relations,1.0,1.0,21,15,0.0
In vitro to in vivo extrapolation,1.0,1.0,49,35,0.0
Incidence (epidemiology),0.6,0.6,51,15,0.0
Incentive spirometer,0.8,0.8,55,5,0.0
Ciliopathy,0.8,0.8,88,5,0.0
Inborn errors of metabolism,1.0,1.0,57,5,0.0
Cimetidine,0.8,0.8,61,5,0.0
In-place matrix transposition,0.8,0.8,70,10,0.0
In vitro (disambiguation),0.6,0.6,93,5,0.0
Impact of the COVID-19 pandemic on journalism,1.0,1.0,2,5,0.0
Imperforate anus,0.8,0.8,72,5,0.0
Impact of the COVID-19 pandemic on the video game industry,0.8,0.8,87,5,0.0
Cimex lectularius,1.0,1.0,86,130,0.0
Impact of the COVID-19 pandemic on the cannabis industry,0.6,0.6,69,15,0.0
Impact of the COVID-19 pandemic on the arts and cultural heritage,1.0,1.0,58,5,0.0
Impact of the COVID-19 pandemic on sports,0.6,0.6,61,5,0.0
Church encoding,0.8,0.8,63,5,0.0
Indicator organism,0.6,0.6,7,30,0.0
Cognitive dimensions of notations,0.8,0.8,72,5,0.0
Inhaler,0.8,0.8,98,5,0.0
Ingredients of cosmetics,1.0,1.0,52,5,0.0
Infusion pump,0.6,0.6,69,5,0.0
Infrared window,1.0,1.0,24,5,0.0
Infrared thermometer,0.8,0.8,92,5,0.0
Information seeking,0.6,0.6,89,85,0.0
Information science,1.0,1.0,64,5,0.0
Information history,0.6,0.6,55,20,0.0
Chondroitin sulfate,0.6,0.6,68,30,0.0
Information gain (decision tree),0.6,0.6,2,10,0.0
Information bottleneck method,0.8,0.8,85,20,0.0
Information (disambiguation),0.8,0.8,20,50,0.0
Christian views on sin,1.0,1.0,15,5,0.0
Chromatin,0.6,0.6,28,15,0.0
Chromatin remodeling,0.8,0.8,72,15,0.0
Chromite,0.6,0.6,40,5,0.0
Inhalant,0.8,0.8,48,5,0.0
Initiation factor,0.8,0.8,69,10,0.0
Indigenous people of New Guinea,0.6,0.6,30,5,0.0
Initiative for Open Citations,0.8,0.8,76,55,0.0
Inotrope,0.6,0.6,38,5,0.0
Inositol trisphosphate,1.0,1.0,98,10,0.0
Inosine,0.8,0.8,31,95,0.0
Inosinate nucleosidase,0.8,0.8,25,5,0.0
Chloropicrin,0.8,0.8,98,5,0.0
Chloropyramine,0.8,0.8,31,10,0.0
Chlorosis,1.0,1.0,11,5,0.0
Inoculation,0.8,0.8,32,20,0.0
Choanal atresia,0.6,0.6,90,5,0.0
Innate lymphoid cell,0.8,0.8,22,40,0.0
Chocolate bloom,0.8,0.8,100,5,0.0
Inland salt marsh,0.8,0.8,26,5,0.0
Cholesterol,0.8,0.8,47,5,0.0
Cholinergic,0.8,0.8,3,25,0.0
Chondroblastoma,0.8,0.8,98,5,0.0
Chromosomal crossover,0.6,0.6,17,20,0.0
Chromosome 10,0.6666666666666666,0.6666666666666666,16,51,0.0
Influenza genome,0.6,0.6,0,5,0.0
Chromosome 11,0.6,0.6,59,140,0.0
Chrysops,0.8,0.8,41,10,0.0
Industrial revolutions,1.0,1.0,63,15,0.0
Industrial fermentation,0.6,0.6,48,10,0.0
Industrial applications of nanotechnology,0.6,0.6,87,5,0.0
Industrial Internet Consortium,0.8,0.8,91,5,0.0
Induced gamma emission,0.6,0.6,100,5,0.0
Indoxyl sulfate,0.8,0.8,45,5,0.0
Indoor mold,0.8,0.8,2,5,0.0
Indolent lymphoma,0.8,0.8,77,10,0.0
Indole test,0.6,0.6,73,10,0.0
Indole alkaloid,1.0,1.0,72,5,0.0
Chrysotile,0.6,0.6,43,5,0.0
Indigofera,0.8,0.8,59,15,0.0
Indigitamenta,1.0,1.0,21,5,0.0
Indigenous peoples of the Southeastern Woodlands,0.8,0.8,58,5,0.0
Inertial confinement fusion,0.6,0.6,45,5,0.0
Infant,0.8,0.8,11,5,0.0
Chrysochus auratus,0.6,0.6,41,5,0.0
Infinitive,0.8,0.8,74,5,0.0
Chromosome 20,0.8,0.8,81,100,0.0
Chromosome 3,0.6,0.6,6,95,0.0
Chromosome 7,1.0,1.0,60,90,0.0
Influenza A virus subtype H1N1,0.75,0.75,91,92,0.0
Influenza A virus,0.8,0.8,0,5,0.0
Inflammasome,0.8,0.8,77,50,0.0
Infinitesimal rotation matrix,0.8,0.8,74,5,0.0
Chronology of computation of π,0.8,0.8,27,5,0.0
Infiltration (medical),1.0,1.0,89,5,0.0
Inferring horizontal gene transfer,0.8,0.8,83,280,0.0
Inferno Crater Lake,0.8,0.8,92,5,0.0
Inferior frontal gyrus,0.8,0.8,63,5,0.0
Chronic obstructive pulmonary disease,1.0,1.0,47,10,0.0
Infectious diseases (medical specialty),0.6,0.6,86,10,0.0
Immunoediting,0.8,0.8,44,45,0.0
Immunoassay,1.0,1.0,71,5,0.0
Citation,1.0,1.0,92,5,0.0
Hyperthecosis,1.0,1.0,100,5,0.0
Hyperplasia,1.0,1.0,57,5,0.0
Hypernymy and hyponymy,1.0,1.0,76,5,0.0
Hypermethioninemia,0.8,0.8,90,10,0.0
Hypermetabolism,1.0,1.0,91,20,0.0
Hyperintensity,0.8,0.8,90,10,0.0
Hyperhomology,0.8,0.8,67,5,0.0
Hypergolic propellant,0.8,0.8,62,5,0.0
Hypergammaglobulinemia,0.8,0.8,84,20,0.0
Hyperekplexia,1.0,1.0,31,15,0.0
Hypercholesterolemia,0.8,0.8,22,5,0.0
Clonus,0.8,0.8,32,5,0.0
Hyperammonemia,0.6,0.6,83,15,0.0
Hyoscyamine/hexamethylenetetramine/phenyl salicylate/methylene blue/benzoic acid,0.6,0.6,30,10,0.0
Hymenophore,1.0,1.0,72,5,0.0
Clostridioides difficile,0.6,0.6,68,25,0.0
Hyperspectral imaging,0.8,0.8,10,30,0.0
Cloning vector,1.0,1.0,14,145,0.0
Immune tolerance in pregnancy,0.6,0.6,80,35,0.0
Hypertrophic scar,0.8,0.8,37,5,0.0
Hypothetical species,0.8,0.8,57,5,0.0
Hypothenemus hampei,0.6,0.6,73,15,0.0
Hypotelorism,0.6,0.6,67,5,0.0
Hypomyces lactifluorum,1.0,1.0,31,5,0.0
Hypomimia,1.0,1.0,33,10,0.0
Clonaid,0.6,0.6,55,5,0.0
Clonal selection,0.8,0.8,27,25,0.0
Clonazolam,0.8,0.8,94,10,0.0
Clone (Java method),0.8,0.8,66,5,0.0
Hypholoma lateritium,1.0,1.0,39,10,0.0
Hypholoma fasciculare,0.6,0.6,100,10,0.0
Hyphema,0.6,0.6,20,5,0.0
Cloning,0.8,0.8,83,20,0.0
Hyperviscosity syndrome,0.6,0.6,23,5,0.0
Hypervalent organoiodine compounds,0.8,0.8,90,5,0.0
Clostridium,0.6,0.6,0,5,0.0
Hygiene hypothesis,0.8,0.8,34,45,0.0
Hydroxytyrosol,0.6,0.6,97,10,0.0
Hydrostatic test,0.6,0.6,72,5,0.0
Human-based evolutionary computation,1.0,1.0,55,25,0.0
Coarse-grained modeling,0.6,0.6,81,25,0.0
Human thermoregulation,0.6,0.6,49,5,0.0
Human somatic variation,0.8,0.8,67,40,0.0
Cocaethylene,0.6,0.6,69,10,0.0
Human skeletal changes due to bipedalism,0.6,0.6,68,5,0.0
Human sex pheromones,0.8,0.8,76,5,0.0
Human polyomavirus 2,0.6,0.6,28,105,0.0
Cocaine intoxication,0.6,0.6,35,5,0.0
Coccidioides,0.6,0.6,27,25,0.0
Human papillomavirus infection,1.0,1.0,62,140,0.0
Human nose,1.0,1.0,94,20,0.0
Human mouth,0.8,0.8,57,5,0.0
Codon usage bias,0.8,0.8,0,5,0.0
Coenobita cavipes,0.8,0.8,39,5,0.0
Human-readable medium and data,0.8,0.8,32,10,0.0
Human–animal hybrid,0.6,0.6,50,30,0.0
Humic substance,1.0,1.0,99,5,0.0
Hydrodynamic radius,0.6,0.6,22,10,0.0
Cloud feedback,0.6,0.6,33,5,0.0
Hydroperoxyl,0.8,0.8,97,5,0.0
Hydrolysable tannin,0.6,0.6,62,15,0.0
Hydrogenase,0.6,0.6,18,25,0.0
Hydrogen isocyanide,1.0,1.0,77,5,0.0
Hydrodynamic reception,0.6,0.6,80,10,0.0
Hydrocodone/paracetamol,0.6,0.6,79,5,0.0
Hungarian nobility,0.8,0.8,69,5,0.0
Cnidocyte,0.6,0.6,29,5,0.0
Hydrachnidia,0.8,0.8,80,5,0.0
Hybridogenesis in water frogs,0.6,0.6,97,5,0.0
Hybrid automaton,0.8,0.8,59,5,0.0
Hyaluronic acid,0.8,0.8,49,5,0.0
Huntingtin,0.6,0.6,85,220,0.0
Hypothetical types of biochemistry,0.8,0.8,84,120,0.0
Hypothiocyanite,0.8,0.8,42,45,0.0
Hypoventilation,0.8,0.8,72,10,0.0
IT-1,0.6,0.6,64,5,0.0
Illumina dye sequencing,0.8,0.8,41,145,0.0
Civil Support Team,0.6,0.6,25,5,0.0
Civilian casualties from the United States drone strikes,0.8,0.8,27,15,0.0
Cladogram,1.0,1.0,54,50,0.0
Idiotype,1.0,1.0,56,4,0.0
Cladonia rangiferina,0.6,0.6,93,5,0.0
Ideology of the SS,0.8,0.8,29,5,0.0
Identity by type,0.8,0.8,89,5,0.0
Identification key,0.6,0.6,55,10,0.0
Ichthyosis,0.6,0.6,59,10,0.0
Cladosporium sphaerospermum,0.6,0.6,33,5,0.0
Ibudilast,0.8,0.8,58,5,0.0
Ibrexafungerp,0.8,0.8,37,5,0.0
IUPAC/IUPAP Joint Working Party,1.0,1.0,41,10,0.0
IUPAC nomenclature of inorganic chemistry 2005,0.6,0.6,78,15,0.0
Citrus taxonomy,0.8,0.8,24,5,0.0
ImKTX58,0.6,0.6,85,10,0.0
Image editing,1.0,1.0,66,10,0.0
Imipenem,0.8,0.8,80,5,0.0
Citrulline,0.6,0.6,96,15,0.0
Citrullus,0.8,0.8,19,30,0.0
Immune disorder,1.0,1.0,88,15,0.0
Immune complex,1.0,1.0,5,70,0.0
Immortalised cell line,1.0,1.0,44,10,0.0
Immanant,0.8,0.8,84,5,0.0
Imidazole-4-acetaldehyde,1.0,1.0,93,25,0.0
Image file format,1.0,1.0,60,5,0.0
Imidapril,0.8,0.8,100,5,0.0
Imerslund–Gräsbeck syndrome,0.6,0.6,50,25,0.0
Imazapyr,0.8,0.8,79,5,0.0
Image spam,0.8,0.8,52,30,0.0
Image scanner,0.6,0.6,63,5,0.0
Image hosting service,1.0,1.0,44,5,0.0
ITCH,0.6,0.6,17,5,0.0
IT disaster recovery,0.6,0.6,68,5,0.0
Hypoventilation training,0.6,0.6,100,10,0.0
ISO/IEC JTC 1/SC 29,0.6,0.6,86,5,0.0
ILF2,0.6,0.6,28,30,0.0
IL1RAP,0.8,0.8,94,55,0.0
IL13RA2,0.8,0.8,27,5,0.0
Clausius–Clapeyron relation,1.0,1.0,87,5,0.0
IGFBP1,0.6,0.6,33,10,0.0
IETF language tag,0.8,0.8,81,15,0.0
IDN homograph attack,1.0,1.0,97,5,0.0
ICMPv6,0.8,0.8,15,10,0.0
ICMP Router Discovery Protocol,0.6,0.6,37,5,0.0
IBM Blue Gene,1.0,1.0,39,10,0.0
Clinical trial,1.0,1.0,41,15,0.0
I-motif DNA,0.6,0.6,80,90,0.0
Clitoral enlargement methods,0.8,0.8,67,5,0.0
I (Mongolic),0.6,0.6,36,5,0.0
Hōjō clan,0.8,0.8,10,5,0.0
IMG (file format),0.6,0.6,14,10,0.0
IMOD (software),0.8,0.8,98,125,0.0
IMRAD,0.8,0.8,38,25,0.0
ISO 13406-2,0.8,0.8,25,10,0.0
ISO/IEC 7812,0.6,0.6,86,5,0.0
ISO/IEC 27006,0.6,0.6,93,5,0.0
ISO 704,0.6,0.6,39,15,0.0
Classic Six,0.8,0.8,55,5,0.0
ISO 15924,0.6,0.6,87,10,0.0
ISO 14971,0.6,0.6,98,10,0.0
ISO 10303-21,0.6,0.6,59,5,0.0
INHBA,0.6,0.6,99,5,0.0
ISO 10006,0.6,0.6,71,5,0.0
ISAD(G),0.6,0.6,21,5,0.0
IRIG timecode,0.6,0.6,42,5,0.0
IPEX syndrome,0.8,0.8,71,5,0.0
IPA consonant chart with audio,0.8,0.8,43,5,0.0
Classification of demons,0.6,0.6,100,5,0.0
Glossary of meteorology,1.0,1.0,19,15,0.0
Glossary of geology,1.0,1.0,87,5,0.0
Insect migration,1.0,1.0,91,5,0.0
Entity–relationship model,1.0,1.0,64,5,0.0
Daflon,0.6,0.6,51,5,0.0
Enterobacteriaceae,0.6,0.6,56,155,0.0
Dafny,0.8,0.8,81,10,0.0
Daily life of the Etruscans,0.8,0.8,32,5,0.0
Enteric coating,0.6,0.6,34,5,0.0
Dalton (unit),1.0,1.0,97,5,0.0
Damerau–Levenshtein distance,0.8,0.8,90,45,0.0
Daratumumab,0.6,0.6,20,10,0.0
Engram (neuropsychology),0.8,0.8,54,5,0.0
English interrogative words,0.8,0.8,89,5,0.0
English Water Spaniel,0.6,0.6,92,5,0.0
Engineering tolerance,1.0,1.0,31,5,0.0
Endothelin receptor antagonist,0.6,0.6,29,10,0.0
Data access layer,1.0,1.0,93,5,0.0
Endospore staining,0.6,0.6,71,15,0.0
Dabigatran,0.6,0.6,96,5,0.0
Entomophily,0.8,0.8,99,5,0.0
Epidermis (botany),0.6,0.6,98,5,0.0
Entropion,0.8,0.8,93,5,0.0
DNA mismatch repair,0.8,0.8,64,260,0.0
Epidemiology,0.8,0.8,75,35,0.0
Epidemic model,0.8,0.8,0,5,0.0
Epibatidine,0.6,0.6,93,35,0.0
Ephedrine,0.8,0.8,55,10,0.0
Eosinophilic fasciitis,1.0,1.0,44,10,0.0
DNA sequencing,0.6,0.6,0,5,0.0
DNA synthesis screening,0.8,0.8,0,5,0.0
Enzyme kinetics,0.6,0.6,0,5,0.0
Enzyme inhibition,1.0,1.0,0,5,0.0
DNA-PKcs,0.8,0.8,51,25,0.0
Enzyme,1.0,1.0,42,25,0.0
Environmental impacts of beavers,0.8,0.8,94,5,0.0
Environmental impact of the Russian invasion of Ukraine,0.6,0.6,48,15,0.0
DPPH,0.6,0.6,35,20,0.0
Endospore,1.0,1.0,22,20,0.0
Endosperm,0.6,0.6,85,5,0.0
Endosome,0.8,0.8,35,15,0.0
Data and information visualization,1.0,1.0,83,5,0.0
Empty nose syndrome,1.0,1.0,1,5,0.0
Emperor Yūryaku,0.8,0.8,88,5,0.0
Emperor Jimmu,0.6,0.6,58,5,0.0
Emotion and memory,1.0,1.0,35,5,0.0
De novo synthesis,1.0,1.0,0,5,0.0
Emergency service response codes,1.0,1.0,34,5,0.0
Emergency procedure,1.0,1.0,19,5,0.0
Emergency Action Message,0.8,0.8,78,5,0.0
Death receptor 3,0.6,0.6,69,65,0.0
Deaths in January 2007,0.8,0.8,79,5,0.0
Elution,1.0,1.0,27,5,0.0
Deaths in June 2003,0.6,0.6,68,5,0.0
Electroporation,0.8,0.8,0,5,0.0
Electronic harassment,0.6,0.6,83,5,0.0
Electronegativities of the elements (data page),0.8,0.8,9,180,0.0
De novo mutation,0.6,0.6,77,20,0.0
Enalapril,0.8,0.8,87,5,0.0
Enamine,1.0,1.0,87,5,0.0
Endocannabinoid reuptake inhibitor,0.6,0.6,43,5,0.0
Data augmentation,1.0,1.0,55,5,0.0
Endomorphin,0.6,0.6,51,30,0.0
Endogeny (biology),1.0,1.0,9,5,0.0
Data dredging,0.8,0.8,74,5,0.0
Data fusion,1.0,1.0,28,5,0.0
Data remanence,1.0,1.0,59,5,0.0
Endobronchial valve,1.0,1.0,15,10,0.0
Enantiomer,1.0,1.0,23,5,0.0
Data wrangling,0.6,0.6,40,5,0.0
Encoded Archival Description,0.8,0.8,59,15,0.0
Enclosed Alphanumeric Supplement,0.8,0.8,49,5,0.0
Encephalomyelitis,0.8,0.8,53,15,0.0
Davson–Danielli model,0.8,0.8,33,5,0.0
Ddrescue,0.6,0.6,47,5,0.0
Epidemiology of suicide,0.6,0.6,19,10,0.0
Epigenetic clock,0.6,0.6,91,5,0.0
Evolutionary aesthetics,0.8,0.8,45,5,0.0
Eukaryote,0.6,0.6,49,5,0.0
Eugenol,1.0,1.0,69,10,0.0
Euclidean vector,0.8,0.8,13,15,0.0
Euclid's Data,0.8,0.8,73,50,0.0
Eucalyptus recurva,0.8,0.8,53,5,0.0
Cystinuria,1.0,1.0,56,10,0.0
Ethylmalonic encephalopathy,0.6,0.6,75,5,0.0
Ethylene glycol poisoning,0.8,0.8,33,15,0.0
Ethnolect,0.6,0.6,38,5,0.0
Ethnicity,0.6,0.6,41,5,0.0
Ethnic groups in Latin America,0.8,0.8,46,5,0.0
Ethnic groups in Indonesia,0.6,0.6,48,5,0.0
Cytochrome P450,1.0,1.0,0,5,0.0
Ethmoid sinus,0.6,0.6,35,5,0.0
Ethidium bromide,0.8,0.8,97,5,0.0
Ethical omnivorism,1.0,1.0,35,5,0.0
Euglena,0.8,0.8,67,5,0.0
Euler tour technique,0.6,0.6,75,15,0.0
Epigenetics,1.0,1.0,58,5,0.0
Euphorbia,0.6,0.6,81,15,0.0
Cysteine,1.0,1.0,27,20,0.0
Evolution of insects,0.8,0.8,43,5,0.0
Evolution of human intelligence,0.8,0.8,56,5,0.0
Evolution of birds,0.8,0.8,77,10,0.0
Evolution as fact and theory,1.0,1.0,39,10,0.0
Evolocumab,0.8,0.8,77,10,0.0
Evidence under Bayes' theorem,0.8,0.8,76,5,0.0
Evidence of common descent,1.0,1.0,94,10,0.0
Evidence of absence,0.8,0.8,50,10,0.0
Evaluation of binary classifiers,1.0,1.0,69,5,0.0
Cystic fibrosis and race,1.0,1.0,84,10,0.0
Evaluation Assurance Level,0.8,0.8,37,5,0.0
European wild ass,0.6,0.6,54,5,0.0
Eurasian backflow,0.8,0.8,27,5,0.0
Euphorbia resinifera,0.6,0.6,75,5,0.0
Etanercept,0.6,0.6,58,15,0.0
Etamsylate,1.0,1.0,65,5,0.0
Estrogen receptor alpha,1.0,1.0,24,10,0.0
Cytochrome P450 (individual enzymes),0.8,0.8,1,15,0.0
Equivalent concentration,0.6,0.6,32,10,0.0
Equivalent (chemistry),0.8,0.8,45,5,0.0
Equipment of an American combat medic,1.0,1.0,79,5,0.0
Equinophobia,0.6,0.6,80,5,0.0
DAVID,1.0,1.0,67,635,0.0
Epitope masking,0.6,0.6,0,5,0.0
Epitope,0.5,0.5,46,48,0.0
DEA list of chemicals,0.8,0.8,47,5,0.0
DHX36,0.6,0.6,16,35,0.0
Epithelial polarity,0.6,0.6,59,80,0.0
DNA barcoding,1.0,1.0,14,100,0.0
Episome,0.6,0.6,0,5,0.0
Epipolar geometry,1.0,1.0,13,5,0.0
Epigraph (literature),1.0,1.0,20,5,0.0
Epiglottitis,0.6,0.6,57,30,0.0
Equus (genus),0.6,0.6,21,10,0.0
Equus stenonis,0.8,0.8,75,5,0.0
Cytoskeletal drugs,1.0,1.0,50,15,0.0
Erythranthe,0.6,0.6,54,5,0.0
Estragole,0.8,0.8,47,5,0.0
Estimand,1.0,1.0,62,5,0.0
Ester hydrolysis,0.6,0.6,68,5,0.0
Cytokine receptor,1.0,1.0,0,5,0.0
Esophageal intramural pseudodiverticulosis,0.6,0.6,87,10,0.0
Esmirtazapine,0.8,0.8,65,5,0.0
Erythema multiforme,0.6,0.6,13,45,0.0
Erenumab,0.6,0.6,63,5,0.0
Eruv,0.6,0.6,44,5,0.0
Erlotinib,0.6,0.6,90,5,0.0
Eriosomatinae,0.8,0.8,44,10,0.0
Erich Bauer,0.6,0.6,81,5,0.0
Ericales,0.8,0.8,32,15,0.0
Erethism,1.0,1.0,81,5,0.0
Electron configurations of the elements (data page),0.6,0.6,78,5,0.0
Electromagnetic theories of consciousness,0.8,0.8,20,5,0.0
Electrology,0.8,0.8,17,5,0.0
Disinhibition,0.8,0.8,83,5,0.0
Descemet's membrane,0.8,0.8,39,5,0.0
Desiccated thyroid extract,0.8,0.8,39,5,0.0
Disease of despair,0.6,0.6,49,10,0.0
Disease X,0.6,0.6,51,135,0.0
Design effect,0.8,0.8,56,5,0.0
Discrimination against people with HIV/AIDS,0.6,0.6,17,20,0.0
Designer drug,0.8,0.8,48,15,0.0
Desloratadine,0.8,0.8,74,15,0.0
Disaccharide,0.6,0.6,93,5,0.0
Dirt,0.8,0.8,13,5,0.0
Desmanthus illinoensis,0.6,0.6,66,10,0.0
Destrier,1.0,1.0,60,5,0.0
Directed evolution,1.0,1.0,0,5,0.0
Direct factor Xa inhibitors,1.0,1.0,62,5,0.0
Detection theory,1.0,1.0,85,5,0.0
Dermatitis herpetiformis,0.8,0.8,12,10,0.0
Disjoint union,0.6,0.6,91,5,0.0
Electrocution,1.0,1.0,11,5,0.0
Disorders of calcium metabolism,0.8,0.8,88,5,0.0
Depression and immune function,1.0,1.0,14,15,0.0
Dominance (genetics),0.6,0.6,91,15,0.0
Domestication of the cat,0.6,0.6,58,50,0.0
Dogū,0.8,0.8,71,5,0.0
Dog intelligence,1.0,1.0,30,5,0.0
Derby plague of 1665,1.0,1.0,8,10,0.0
Doenjang,1.0,1.0,92,5,0.0
Document,0.8,0.8,39,150,0.0
Docosahexaenoic acid,0.8,0.8,79,5,0.0
Doce de gila,0.6,0.6,64,5,0.0
Divisibility rule,0.6,0.6,66,5,0.0
Diving reflex,0.6,0.6,45,5,0.0
Div and span,0.6,0.6,30,55,0.0
Dissection,0.8,0.8,30,5,0.0
Displacement (linguistics),0.6,0.6,80,5,0.0
Dipivefrine,0.8,0.8,41,5,0.0
Detector (radio),1.0,1.0,69,5,0.0
Deterrence theory,0.8,0.8,63,5,0.0
Detoxification foot pads,0.6,0.6,81,30,0.0
Differential evolution,0.6,0.6,5,5,0.0
Dietary Reference Value,0.6,0.6,17,15,0.0
Dielectric heating,0.6,0.6,8,5,0.0
Dielectric,1.0,1.0,51,5,0.0
Development and discovery of SSRI drugs,1.0,1.0,28,5,0.0
Developmental bioelectricity,1.0,1.0,71,5,0.0
Diaphoretickes,0.8,0.8,67,5,0.0
Dialysis disequilibrium syndrome,1.0,1.0,31,5,0.0
Dialysis (chemistry),0.8,0.8,28,5,0.0
Diabetes insipidus,0.8,0.8,37,5,0.0
Dezful (missile),0.6,0.6,53,5,0.0
Dextromethorphan/quinidine,0.6,0.6,52,5,0.0
Dextroamphetamine,0.6,0.6,84,15,0.0
Dexlansoprazole,0.8,0.8,98,5,0.0
Dexketoprofen,0.6,0.6,54,10,0.0
Diffuse esophageal spasm,1.0,1.0,89,5,0.0
Diffusion-weighted magnetic resonance imaging,1.0,1.0,8,10,0.0
Digestive enzyme,1.0,1.0,20,10,0.0
Dinoflagellate,0.6,0.6,70,5,0.0
Diphenoxylate,0.8,0.8,54,25,0.0
Diphenhydramine,0.6,0.6,61,5,0.0
Dipeptide,0.6,0.6,15,25,0.0
Dioxygenase,0.8,0.8,88,10,0.0
Dioxins and dioxin-like compounds,0.8,0.8,12,35,0.0
Diorhabda sublineata,0.6,0.6,93,5,0.0
Deuterated chloroform,0.6,0.6,32,10,0.0
Deutsche Biographie,0.6,0.6,38,20,0.0
Dinic's algorithm,0.6,0.6,74,10,0.0
Dikaryon,1.0,1.0,65,5,0.0
Deuterated drug,0.6,0.6,56,10,0.0
Digitoxin,0.6,0.6,64,5,0.0
Digital polymerase chain reaction,0.8,0.8,39,165,0.0
Digital library,0.6,0.6,17,60,0.0
Dopamine antagonist,1.0,1.0,15,10,0.0
Depolarization,0.8,0.8,79,5,0.0
Dopamine reuptake inhibitor,1.0,1.0,36,5,0.0
Delandistrogene moxeparvovec,0.6,0.6,42,45,0.0
Effects of Hurricane Beryl in Texas,0.6,0.6,91,5,0.0
Effect of psychoactive drugs on animals,0.8,0.8,79,35,0.0
Edman degradation,1.0,1.0,44,25,0.0
Decimal representation,0.8,0.8,46,5,0.0
Edge enhancement,0.6,0.6,98,5,0.0
Eczema herpeticum,0.8,0.8,57,20,0.0
Decipherment of rongorongo,1.0,1.0,69,75,0.0
Decline in insect populations,0.6,0.6,31,5,0.0
Decompression practice,1.0,1.0,41,5,0.0
Decontamination foam,0.6,0.6,30,5,0.0
Echinocandin,0.6,0.6,83,5,0.0
Ecdysone,1.0,1.0,69,5,0.0
Deimatic behaviour,1.0,1.0,99,5,0.0
Del in cylindrical and spherical coordinates,0.8,0.8,53,10,0.0
DelPhi,0.6,0.6,78,100,0.0
Deception in animals,0.6,0.6,69,5,0.0
Efficacy,0.8,0.8,32,20,0.0
Efficient XML Interchange,0.8,0.8,98,10,0.0
Eigenvalue algorithm,0.6,0.6,59,10,0.0
Electrochemical cell,0.8,0.8,29,5,0.0
Electrical injury,0.6,0.6,2,5,0.0
Electrical impedance,1.0,1.0,97,10,0.0
Electrical energy,1.0,1.0,88,5,0.0
Election recount,0.8,0.8,91,5,0.0
Elastration,0.8,0.8,95,5,0.0
Deaths in May 2009,0.6,0.6,42,5,0.0
Efgartigimod alfa,0.8,0.8,46,5,0.0
Deaths in November 1988,0.6,0.6,68,5,0.0
Decamethylcyclopentasiloxane,0.6,0.6,16,10,0.0
Egyptian Hieroglyphs (Unicode block),0.6,0.6,86,5,0.0
Egophony,0.8,0.8,32,10,0.0
Ego eimi,0.8,0.8,97,5,0.0
Eflornithine,0.6,0.6,98,10,0.0
EXPORT,0.8,0.8,87,5,0.0
EMF measurement,0.8,0.8,89,5,0.0
Doping in East Germany,0.8,0.8,28,5,0.0
ELMo,1.0,1.0,47,5,0.0
Dual lattice,1.0,1.0,90,10,0.0
Drug-induced amnesia,1.0,1.0,86,20,0.0
Drug tolerance,0.8,0.8,34,5,0.0
Drug repositioning,1.0,1.0,15,30,0.0
Deoxyadenosine,0.8,0.8,86,5,0.0
Drug interaction,0.8,0.8,44,15,0.0
Drug delivery,0.8,0.8,0,5,0.0
Deoxyribose,0.8,0.8,56,75,0.0
Droperidol,0.6,0.6,76,10,0.0
Drizzle,1.0,1.0,62,5,0.0
Doxygen,0.75,0.75,21,20,0.0
Douchi,1.0,1.0,28,5,0.0
Double-muscled cattle,0.6,0.6,79,5,0.0
Dose–response relationship,1.0,1.0,23,20,0.0
Dorset Biological Warfare Experiments,0.6,0.6,20,25,0.0
Dual-route hypothesis to reading aloud,0.8,0.8,93,5,0.0
Dual-use technology,0.8,0.8,0,5,0.0
Duality gap,0.6,0.6,72,5,0.0
Dynorphin,0.8,0.8,3,30,0.0
EBNA1,0.8,0.8,0,5,0.0
Dystonia,0.8,0.8,30,5,0.0
Dysfunctional family,0.8,0.8,69,5,0.0
Dysferlin,0.6,0.6,85,45,0.0
Deltamethrin,0.6,0.6,77,30,0.0
Dysautonomia,0.8,0.8,5,5,0.0
Demographics of sexual orientation,0.8,0.8,75,5,0.0
Denotation,1.0,1.0,58,5,0.0
Demyelinating disease,1.0,1.0,42,30,0.0
Dust,0.6,0.6,86,5,0.0
Dural venous sinuses,0.6,0.6,12,5,0.0
Durability (database systems),1.0,1.0,82,5,0.0
Denormalization,0.8,0.8,78,5,0.0
Duodenum,0.6,0.6,97,5,0.0
Evolution of the brain,1.0,1.0,17,5,0.0
Evolutionary arms race,0.8,0.8,61,15,0.0
Glossary of geography terms (N–Z),0.6,0.6,65,10,0.0
Crayon,0.8,0.8,37,5,0.0
Cre-lox recombination,0.6,0.6,0,5,0.0
Gelfand–Naimark–Segal construction,0.8,0.8,69,10,0.0
Gel electrophoresis of proteins,0.8,0.8,35,100,0.0
Gefitinib,1.0,1.0,45,5,0.0
Gazpromavia Flight 9608,0.8,0.8,71,5,0.0
Gaza Strip famine,0.6,0.6,95,15,0.0
"Create, read, update and delete",1.0,1.0,81,10,0.0
Crew of the Titanic,0.8,0.8,80,5,0.0
Gaussian binomial coefficient,1.0,1.0,27,5,0.0
Gauss's law for magnetism,0.8,0.8,71,5,0.0
Gated recurrent unit,1.0,1.0,94,5,0.0
Gastrointestinal stromal tumor,0.8,0.8,95,5,0.0
Gastrointestinal physiology,1.0,1.0,41,5,0.0
Gastrointestinal disease,1.0,1.0,26,5,0.0
Gastrocolic reflex,0.8,0.8,42,5,0.0
Gelsemium,1.0,1.0,80,5,0.0
Gene,1.0,1.0,24,85,0.0
Genetic engineering,1.0,1.0,0,5,0.0
Gene conversion,0.8,0.8,57,35,0.0
Genetic code,0.8,0.8,0,5,0.0
Genetic and anthropometric studies on Japanese people,0.8,0.8,86,5,0.0
Genetic analysis,0.8,0.8,82,5,0.0
Generative model,1.0,1.0,88,5,0.0
Generation effect,1.0,1.0,74,25,0.0
Generalized minimal residual method,0.6,0.6,58,10,0.0
Generalized eigenvector,0.8,0.8,100,20,0.0
Genealogy of musical genres,0.8,0.8,65,5,0.0
Gene transfer format,0.6,0.6,20,120,0.0
Gene targeting,1.0,1.0,0,5,0.0
Cowsay,1.0,1.0,90,5,0.0
Gene regulatory network,1.0,1.0,92,60,0.0
Coxiella burnetii,0.6,0.6,0,5,0.0
Gene duplication,0.8,0.8,3,120,0.0
Coyote attack,0.6,0.6,75,5,0.0
Gastric lavage,0.6,0.6,77,10,0.0
Gastric inhibitory polypeptide,0.6,0.6,21,10,0.0
Gas leak,1.0,1.0,9,5,0.0
Crime in the Soviet Union,1.0,1.0,41,5,0.0
GLP-1 receptor agonist,1.0,1.0,43,5,0.0
GHS hazard pictograms,0.8,0.8,70,5,0.0
GBU-44/B Viper Strike,0.6,0.6,67,5,0.0
GAVI,1.0,1.0,32,15,0.0
GALNT2,0.6,0.6,90,10,0.0
G1 phase,0.8,0.8,100,5,0.0
Further research is needed,0.6,0.6,90,10,0.0
Furin,0.6,0.6,0,5,0.0
Fungivore,0.8,0.8,59,10,0.0
Fungicide resistance,0.6,0.6,0,5,0.0
Cross-race effect,0.8,0.8,30,5,0.0
Functional neurologic disorder,1.0,1.0,81,5,0.0
Functional gastrointestinal disorder,0.6,0.6,75,5,0.0
Function (biology),0.8,0.8,77,10,0.0
Fumarase deficiency,0.8,0.8,92,5,0.0
GPS animal tracking,0.6,0.6,67,5,0.0
Gabapentinoid,1.0,1.0,75,5,0.0
Cross (disambiguation),0.6,0.6,94,5,0.0
Gambling mathematics,0.6,0.6,55,5,0.0
Gas chromatography–mass spectrometry,1.0,1.0,99,5,0.0
Criminal possession of a weapon,0.6,0.6,87,5,0.0
Critical frequency,0.6,0.6,60,5,0.0
Gardasil,0.8,0.8,43,10,0.0
Gamma-glutamyl hydrolase,0.6,0.6,6,10,0.0
Gamma delta T cell,1.0,1.0,91,35,0.0
Gaman (term),0.6,0.6,57,5,0.0
Galactose,0.8,0.8,60,15,0.0
Crocodyliformes,0.6,0.6,92,5,0.0
Galves–Löcherbach model,0.75,0.75,52,12,0.0
Galton–Watson process,0.8,0.8,89,5,0.0
Galliformes,0.6,0.6,0,5,0.0
Galaxy color–magnitude diagram,0.8,0.8,27,5,0.0
Galantamine,0.8,0.8,95,5,0.0
Genetic code expansion,0.6,0.6,0,5,0.0
Genetic history of Africa,0.8,0.8,69,5,0.0
Cyrtophora citricola,0.8,0.8,75,5,0.0
Gliadin,0.8,0.8,44,110,0.0
Corynebacterium striatum,0.6,0.6,65,90,0.0
Glanzmann's thrombasthenia,1.0,1.0,72,5,0.0
Giraffatitan,0.8,0.8,98,5,0.0
Cosine similarity,0.6,0.6,10,65,0.0
Ginkgoales,0.6,0.6,99,5,0.0
Gingivitis,0.8,0.8,45,15,0.0
Gilliflower,0.8,0.8,80,5,0.0
Gill plate trade,0.8,0.8,101,5,0.0
Gibson Les Paul Junior,1.0,1.0,11,5,0.0
Gibson Les Paul Custom,0.8,0.8,6,5,0.0
Gibson Les Paul,0.6,0.6,7,5,0.0
Gibson J-45,0.6,0.6,2,5,0.0
Gibson (guitar company),0.8,0.8,5,5,0.0
Giblets,0.8,0.8,88,5,0.0
Gibbs–Donnan effect,1.0,1.0,69,5,0.0
Gleaning,0.8,0.8,90,5,0.0
Glioblastoma,0.6,0.6,101,5,0.0
Covariance matrix,0.8,0.8,48,5,0.0
GloVe,0.6,0.6,15,110,0.0
Glossary of geography terms (A–M),1.0,1.0,75,15,0.0
Glossary of entomology terms,0.8,0.8,96,15,0.0
Glossary of computer hardware terms,1.0,1.0,9,5,0.0
Glossary of bird terms,0.8,0.8,49,5,0.0
Glossary of biology,0.8,0.8,82,10,0.0
Glossary of ancient Roman religion,0.6,0.6,80,5,0.0
Glossary of Sudoku,0.6,0.6,98,5,0.0
Corynebacterium glutamicum,0.8,0.8,29,90,0.0
Glossary of German military terms,0.6,0.6,10,5,0.0
Glossary of Buddhism,1.0,1.0,12,15,0.0
Glossary of British ordnance terms,0.6,0.6,89,5,0.0
Glomerulus (kidney),0.6,0.6,24,5,0.0
Glomerulonephritis,0.6,0.6,100,5,0.0
Globulin,1.0,1.0,37,10,0.0
Global Biodiversity Information Facility,0.6,0.6,94,10,0.0
Gibberellin,0.6,0.6,88,15,0.0
Gibberella zeae,0.6,0.6,79,25,0.0
Giardia,0.6,0.6,44,25,0.0
Gi alpha subunit,0.6,0.6,59,15,0.0
Genome editing,0.8,0.8,0,5,0.0
Genome browser,0.6,0.6,94,280,0.0
Genome,0.6,0.6,15,90,0.0
Genocides in history (before World War I),0.8,0.8,52,15,0.0
Counter-IED equipment,0.6,0.6,67,5,0.0
Gene–environment interaction,1.0,1.0,81,10,0.0
Counterimmunoelectrophoresis,0.8,0.8,34,10,0.0
Counting sort,1.0,1.0,81,5,0.0
Count–min sketch,0.6,0.6,41,5,0.0
Genetic studies on Bulgarians,0.6,0.6,50,10,0.0
Genetic screen,0.6,0.6,58,35,0.0
Genetic predisposition,1.0,1.0,100,20,0.0
Genetic memory (psychology),1.0,1.0,82,30,0.0
Genetic history of Italy,0.6,0.6,83,15,0.0
Genetic history of Egypt,0.6,0.6,60,10,0.0
Genome instability,1.0,1.0,100,20,0.0
Genome size,0.8,0.8,46,30,0.0
Genome-wide association study,0.8,0.8,0,5,0.0
Geophagia,1.0,1.0,13,10,0.0
Ghost characters,0.8,0.8,101,10,0.0
German prisoner-of-war camps in World War II,0.8,0.8,63,5,0.0
German military technology during World War II,0.6,0.6,47,5,0.0
German biological warfare program,0.8,0.8,0,5,0.0
German Taurus leak,0.6,0.6,50,5,0.0
Georg Bachmayer,0.6,0.6,31,5,0.0
Geometric hashing,1.0,1.0,60,190,0.0
Cough,0.6,0.6,89,10,0.0
Geography Markup Language,0.8,0.8,52,10,0.0
GeoJSON,0.8,0.8,74,5,0.0
Cotinine,0.6,0.6,40,5,0.0
Gensim,1.0,1.0,31,155,0.0
Genotype,0.8,0.8,24,35,0.0
Genotoxicity,1.0,1.0,46,60,0.0
Fulu,0.6,0.6,18,5,0.0
"Fukushima Daiichi units 4, 5 and 6",0.6,0.6,57,5,0.0
Fujifilm X-Trans sensor,0.8,0.8,83,5,0.0
Feature scaling,1.0,1.0,28,5,0.0
Fear of mice and rats,0.8,0.8,68,5,0.0
Cyber kill chain,0.6,0.6,90,5,0.0
Fat necrosis,0.8,0.8,56,5,0.0
Cyberwarfare and the United States,0.8,0.8,53,5,0.0
Cycle detection,0.8,0.8,99,5,0.0
Fasciculation,0.6,0.6,41,10,0.0
Faroese orthography,0.6,0.6,65,5,0.0
Cyclic guanosine monophosphate,1.0,1.0,7,5,0.0
Famotidine,0.8,0.8,52,5,0.0
Familial hypercholesterolemia,1.0,1.0,58,10,0.0
Familial hemiplegic migraine,0.8,0.8,71,15,0.0
False neurotransmitter,1.0,1.0,46,5,0.0
Falcarinol,0.6,0.6,30,5,0.0
Fairchild C-82 Packet,0.6,0.6,87,5,0.0
Cyclic neutropenia,0.6,0.6,67,10,0.0
Feature learning,1.0,1.0,39,15,0.0
February 2018 Israel–Syria incident,0.8,0.8,95,5,0.0
Fucus vesiculosus,0.6,0.6,77,5,0.0
February 2024 United States airstrikes in Iraq and Syria,0.6,0.6,12,15,0.0
Curare,0.6,0.6,25,5,0.0
Fetal bovine serum,0.6,0.6,53,10,0.0
Ferritin,0.8,0.8,30,140,0.0
Curonian language,0.6,0.6,100,5,0.0
Fenfluramine,0.8,0.8,38,5,0.0
"Cut, copy, and paste",1.0,1.0,75,20,0.0
Felis,0.8,0.8,69,5,0.0
Feline vaccination,1.0,1.0,94,40,0.0
Cutibacterium acnes,0.6,0.6,35,40,0.0
Feline idiopathic cystitis,0.6,0.6,85,25,0.0
Feliformia,0.6,0.6,86,20,0.0
Fediverse,0.8,0.8,50,5,0.0
Cyanotoxin,0.6,0.6,22,30,0.0
Cyanuric acid,0.8,0.8,67,5,0.0
Fecal coliform,0.6,0.6,96,10,0.0
Factorization of polynomials over finite fields,1.0,1.0,64,5,0.0
Cyclin,0.8,0.8,82,5,0.0
Facial rejuvenation,1.0,1.0,6,5,0.0
Facial,0.6,0.6,78,5,0.0
Cyclosarin,1.0,1.0,18,5,0.0
Exosome (vesicle),0.8,0.8,60,90,0.0
Exhaled nitric oxide,1.0,1.0,34,15,0.0
Executive President,1.0,1.0,74,105,0.0
Execution model,0.6,0.6,85,20,0.0
Excitotoxicity,0.8,0.8,99,10,0.0
Excipient,1.0,1.0,52,20,0.0
Excess post-exercise oxygen consumption,0.6,0.6,98,20,0.0
Cypermethrin,0.6,0.6,10,30,0.0
Cyril Cleverdon,0.8,0.8,41,115,0.0
Examorelin,0.6,0.6,87,10,0.0
Exagamglogene autotemcel,0.8,0.8,95,10,0.0
Exact sequence,0.6,0.6,87,5,0.0
Evolutionary robotics,0.8,0.8,15,5,0.0
Evolutionary radiation,1.0,1.0,73,5,0.0
Expectation–maximization algorithm,0.6,0.6,56,5,0.0
Expected linear time MST algorithm,0.8,0.8,72,10,0.0
Exponential time hypothesis,0.6,0.6,82,5,0.0
Cyclopentenone prostaglandins,0.6,0.6,70,5,0.0
Cyclin-dependent kinase 1,0.8,0.8,95,70,0.0
Face perception,1.0,1.0,37,5,0.0
Cycloastragenol,0.8,0.8,29,85,0.0
Fabry disease,0.8,0.8,97,5,0.0
Fabales,0.6,0.6,76,5,0.0
FFV1,0.6,0.6,85,10,0.0
FAIRE-Seq,0.6,0.6,25,85,0.0
Expulsion of Germans from Czechoslovakia,1.0,1.0,36,5,0.0
F1 hybrid,0.6,0.6,79,5,0.0
E–Z notation,0.8,0.8,20,25,0.0
"Extranodal NK/T-cell lymphoma, nasal type",1.0,1.0,53,30,0.0
Extraction (chemistry),0.8,0.8,65,5,0.0
Extracellular RNA,0.6,0.6,55,50,0.0
External storage,1.0,1.0,32,5,0.0
Fibrinogen,0.8,0.8,84,10,0.0
Fibrinoid necrosis,0.8,0.8,1,35,0.0
Fibrinolysis,1.0,1.0,22,10,0.0
Flower microbiology,0.8,0.8,0,5,0.0
Food history,0.8,0.8,26,5,0.0
Cryoprecipitate,0.8,0.8,72,5,0.0
Food dehydrator,0.6,0.6,24,5,0.0
Food and drink prohibitions,0.8,0.8,75,5,0.0
Food and biological process engineering,0.8,0.8,66,35,0.0
Cryptobiosis,1.0,1.0,99,5,0.0
Cryptochrome,1.0,1.0,57,15,0.0
Cryptococcus neoformans,0.6,0.6,7,15,0.0
Follicular lymphoma,0.6,0.6,26,25,0.0
Focke-Wulf Volksjäger,0.6,0.6,26,5,0.0
Cucumis melo,0.8,0.8,63,5,0.0
Cucurbita argyrosperma,0.6,0.6,24,5,0.0
Cucurbita ficifolia,0.6,0.6,78,10,0.0
Fluorescence microscope,0.8,0.8,6,5,0.0
Fluid compartments,0.8,0.8,49,15,0.0
Food irradiation,0.6,0.6,16,5,0.0
Force field (chemistry),0.8,0.8,88,5,0.0
Ford–Fulkerson algorithm,1.0,1.0,39,5,0.0
Fractal burning,0.6,0.6,50,5,0.0
Frumenty,0.6,0.6,32,5,0.0
Frontonasal dysplasia,0.6,0.6,61,5,0.0
Friulian language,1.0,1.0,68,5,0.0
Free-space path loss,0.6,0.6,16,5,0.0
Crotalus scutulatus,1.0,1.0,58,5,0.0
Crotalus viridis,0.8,0.8,77,10,0.0
Fountain code,0.6,0.6,45,5,0.0
Cryonics,0.8,0.8,41,5,0.0
Cryogenic electron tomography,0.8,0.8,72,5,0.0
Fort Lauderdale airport shooting,0.8,0.8,32,5,0.0
Formula editor,1.0,1.0,26,5,0.0
Formamide,0.8,0.8,34,5,0.0
Forest plot,0.8,0.8,80,10,0.0
Forensic palynology,0.8,0.8,77,15,0.0
Floyd–Warshall algorithm,0.8,0.8,80,5,0.0
Flow-based generative model,0.6,0.6,40,5,0.0
Fibroblast growth factor,0.6,0.6,30,5,0.0
Flow cytometry,0.8,0.8,92,20,0.0
Fire class,1.0,1.0,58,5,0.0
Finite difference coefficient,1.0,1.0,97,5,0.0
Fingerprint (computing),0.6,0.6,89,5,0.0
Film preservation,0.6,0.6,79,5,0.0
Cumbric,0.6,0.6,86,5,0.0
File format,0.6,0.6,98,10,0.0
Cumulus mediocris cloud,0.6,0.6,89,5,0.0
Filariasis,0.6,0.6,49,40,0.0
Field propulsion,1.0,1.0,62,5,0.0
Fidelity of quantum states,0.6,0.6,95,5,0.0
Ficoll,0.6,0.6,14,15,0.0
Fibrous protein,0.8,0.8,41,25,0.0
Fibrosarcoma,1.0,1.0,7,5,0.0
Fibrolamellar hepatocellular carcinoma,0.8,0.8,52,35,0.0
Fibroblast growth factor 2,0.8,0.8,37,20,0.0
First normal form,0.6,0.6,95,5,0.0
First universal common ancestor,0.8,0.8,73,30,0.0
Fis,0.8,0.8,18,245,0.0
Cucurbitacin,0.6,0.6,23,145,0.0
Flour beetle,1.0,1.0,31,5,0.0
Cucurbita moschata,0.8,0.8,86,5,0.0
Flmodafinil,1.0,1.0,50,10,0.0
Flint corn,0.6,0.6,11,5,0.0
Cucurbitaceae,0.6,0.6,48,20,0.0
Flavonols,0.6,0.6,28,25,0.0
Flammability limit,0.6,0.6,22,5,0.0
Cultured pearl,0.6,0.6,80,5,0.0
Culicinae,0.6,0.6,3,15,0.0
Five prime untranslated region,0.6,0.6,99,40,0.0
Fitness (biology),1.0,1.0,48,5,0.0
Fishing expedition,1.0,1.0,67,5,0.0
Fisher kernel,1.0,1.0,9,110,0.0
Cultural depictions of tuberculosis,0.8,0.8,10,5,0.0
Input lag,0.8,0.8,33,5,0.0
Index of criminology articles,1.0,1.0,39,10,0.0
Chlorophyll,0.8,0.8,38,5,0.0
List of Roman nomina,1.0,1.0,49,5,0.0
List of RTMP software,0.8,0.8,25,5,0.0
List of RNLB lifeboats,0.6,0.6,31,5,0.0
List of RNA-Seq bioinformatics tools,0.6,0.6,44,175,0.0
List of RFCs,0.6,0.6,82,15,0.0
List of Quercus species,0.8,0.8,89,10,0.0
List of PowerPC processors,0.6,0.6,69,5,0.0
List of Portuguese food and drink products with protected status,0.8,0.8,66,5,0.0
List of PlayStation VR games,0.8,0.8,99,30,0.0
List of Phoenix Suns players by number,0.6,0.6,87,25,0.0
List of Pakistani spices,0.8,0.8,49,5,0.0
Cannabinoid receptor,0.8,0.8,12,15,0.0
List of PDF software,1.0,1.0,37,60,0.0
List of Orsolobidae species,0.8,0.8,41,15,0.0
List of OMIM disorder codes,0.6,0.6,87,55,0.0
List of Nissan engines,0.8,0.8,70,5,0.0
List of Rollins College alumni,0.8,0.8,34,140,0.0
List of SIP response codes,0.8,0.8,54,5,0.0
Casuariiformes,1.0,1.0,94,5,0.0
Cannabinoid,0.8,0.8,89,5,0.0
List of UN numbers 3401 to 3500,0.6,0.6,1,20,0.0
List of U.S. Army rocket launchers,0.6,0.6,98,35,0.0
List of Tom and Jerry Tales episodes,0.8,0.8,63,40,0.0
List of The Roy Rogers Show episodes,0.6,0.6,49,190,0.0
List of TCP and UDP port numbers,0.6,0.6,71,5,0.0
Cannabigerol,1.0,1.0,38,15,0.0
List of Space Launch System launches,0.6,0.6,97,5,0.0
List of Soviet tank factories,0.8,0.8,78,5,0.0
List of Soviet military units that lost their standards in World War II,0.6,0.6,87,5,0.0
List of Soviet assassinations,0.6,0.6,23,5,0.0
List of Southern African indigenous trees and woody lianes,0.6,0.6,85,35,0.0
List of Sephardic Jews,1.0,1.0,46,5,0.0
List of Schedule 3 substances (CWC),0.6,0.6,27,15,0.0
List of Schedule 1 substances (CWC),0.6,0.6,68,25,0.0
List of Sapindaceae genera,0.6,0.6,19,75,0.0
List of Nepenthes literature,0.6,0.6,77,5,0.0
List of NGC objects (1–1000),0.8,0.8,91,35,0.0
List of NATO reporting names for surface-to-surface missiles,1.0,1.0,98,5,0.0
List of NATO reporting names for miscellaneous aircraft,1.0,1.0,85,5,0.0
Cannon.js,0.6,0.6,99,5,0.0
List of Kaypro games,0.8,0.8,27,10,0.0
List of Joe Biden 2020 presidential campaign endorsements,0.8,0.8,92,30,0.0
List of Jewish prayers and blessings,0.6,0.6,21,5,0.0
List of Japanese operations during World War II,0.8,0.8,38,5,0.0
List of Japanese ingredients,1.0,1.0,54,5,0.0
List of Israeli inventions and discoveries,1.0,1.0,55,5,0.0
List of Intel Xeon chipsets,0.6,0.6,53,5,0.0
List of Indonesian Indos,1.0,1.0,59,10,0.0
List of Indo-European languages,0.6,0.6,76,20,0.0
List of Ice Age species preserved as permafrost mummies,1.0,1.0,73,35,0.0
List of IOMMU-supporting hardware,0.6,0.6,95,5,0.0
List of Howard University people,0.8,0.8,60,25,0.0
List of HABS documentation of Wendover Air Force Base,0.6,0.6,98,10,0.0
Canntaireachd,0.8,0.8,60,5,0.0
List of Korean War flying aces,0.6,0.6,99,5,0.0
List of Kriegsmarine ships,0.8,0.8,77,5,0.0
List of LIMS software packages,0.8,0.8,3,5,0.0
List of Masters of the Horse,0.8,0.8,66,5,0.0
List of NATO Supply Classification Groups,1.0,1.0,88,10,0.0
List of MythBusters special episodes,0.6,0.6,93,5,0.0
List of Miss Supranational titleholders,0.6,0.6,65,10,0.0
List of Mesozoic birds,0.8,0.8,58,150,0.0
List of MeSH codes (M01),0.8,0.8,95,15,0.0
Cannabis tea,0.8,0.8,81,5,0.0
List of LucasArts games,0.8,0.8,34,15,0.0
List of Latin phrases (full),0.6,0.6,55,20,0.0
List of Logitech products,0.6,0.6,63,10,0.0
List of Lindenwood Lions men's ice hockey seasons,0.8,0.8,55,15,0.0
List of Latino Republicans,0.8,0.8,87,45,0.0
List of Latin-script letters,0.6,0.6,56,15,0.0
Canned fish,1.0,1.0,11,5,0.0
List of Latin place names in Britain,1.0,1.0,83,5,0.0
List of United States Coast Guard enlisted ranks,0.6,0.6,50,5,0.0
List of United States Navy ships,0.6,0.6,94,5,0.0
List of United States political families (J),0.6,0.6,100,5,0.0
List of authors of South African animal taxa,1.0,1.0,80,20,0.0
List of birds of Guatemala,0.6,0.6,55,15,0.0
List of birds of Florida,0.8,0.8,18,5,0.0
Calvin cycle,0.8,0.8,81,20,0.0
List of birds of Ceará,0.8,0.8,54,5,0.0
List of birds of Arizona,0.6,0.6,65,40,0.0
List of birds of Antarctica,0.6,0.6,64,5,0.0
List of birds of Africa,0.6,0.6,28,25,0.0
List of birds displaying homosexual behavior,0.6,0.6,75,5,0.0
"Cameron Station (Alexandria, Virginia)",0.6,0.6,99,5,0.0
List of bioinformatics software,1.0,1.0,89,155,0.0
List of biochemists,0.6,0.6,57,70,0.0
Camp Speicher massacre,0.6,0.6,88,20,0.0
List of battles by casualties,0.6,0.6,19,5,0.0
List of battles 1901–2000,0.8,0.8,28,5,0.0
List of banana cultivars,0.6,0.6,84,5,0.0
Calvatia craniiformis,0.8,0.8,93,5,0.0
Calmodulin,0.6,0.6,49,120,0.0
List of birds of Kentucky,0.8,0.8,92,5,0.0
California Proposition 65 list of chemicals,0.6,0.6,46,10,0.0
List of books bound in human skin,0.8,0.8,68,5,0.0
List of bombings during the Iraq War,0.8,0.8,17,10,0.0
List of birds of the Maldives,0.6,0.6,27,5,0.0
Caldesmon,0.8,0.8,98,5,0.0
Calgary–Cambridge model,0.6,0.6,61,5,0.0
List of birds of Sri Lanka,0.8,0.8,52,5,0.0
List of birds of Samoa,0.6,0.6,65,10,0.0
List of birds of Laos,0.6,0.6,61,10,0.0
List of birds of Saint Kitts and Nevis,0.6,0.6,71,10,0.0
List of birds of Rhode Island,0.8,0.8,28,5,0.0
List of birds of Ohio,0.6,0.6,89,10,0.0
List of birds of Norfolk Island,0.8,0.8,61,5,0.0
Calliphora vomitoria,0.6,0.6,39,5,0.0
List of birds of Louisiana,0.6,0.6,7,5,0.0
List of automotive superlatives,0.6,0.6,11,5,0.0
List of atheists (surnames R to S),0.6,0.6,53,10,0.0
List of Upper Middle Bogan episodes,0.6,0.6,84,5,0.0
List of archive formats,0.6,0.6,31,10,0.0
List of aircraft losses of the Vietnam War,0.5,0.5,53,4,0.0
List of aircraft by tail number,0.6,0.6,19,5,0.0
List of aircraft (Br–Bz),0.6,0.6,23,5,0.0
List of acts of the Parliament of England from 1491,0.8,0.8,41,5,0.0
List of active ships of the Colombian Navy,0.6,0.6,15,5,0.0
List of active Russian military aircraft,0.6,0.6,19,25,0.0
List of accidents and incidents involving the Boeing B-52 Stratofortress,0.75,0.75,18,4,0.0
List of academic databases and search engines,1.0,1.0,84,515,0.0
Candidiasis,0.6,0.6,0,5,0.0
List of abbreviations for diseases and disorders,0.8,0.8,63,195,0.0
List of Yu-Gi-Oh! video games,0.6,0.6,67,5,0.0
List of World War II weapons,1.0,1.0,82,5,0.0
List of West Coast Eagles players,0.8,0.8,98,45,0.0
Canine degenerative myelopathy,1.0,1.0,63,10,0.0
List of Utah artists,0.8,0.8,99,20,0.0
List of aircraft of the Malaysian Armed Forces,1.0,1.0,96,5,0.0
List of airline codes,0.8,0.8,86,10,0.0
List of airline codes (A),0.8,0.8,4,460,0.0
List of anatomical variations,0.6,0.6,2,5,0.0
List of apple dishes,0.8,0.8,38,5,0.0
List of antiretroviral fixed-dose combinations,1.0,1.0,77,5,0.0
List of antioxidants in food,1.0,1.0,29,25,0.0
Cancer,0.6,0.6,85,40,0.0
List of animals displaying homosexual behavior,0.8,0.8,20,10,0.0
List of animals by number of legs,0.6,0.6,100,5,0.0
List of ambassadors of Italy to Israel,0.6,0.6,75,75,0.0
List of airline codes (S),0.6,0.6,39,480,0.0
List of alternative country names,0.8,0.8,85,5,0.0
List of allergens,0.8,0.8,76,5,0.0
List of alleged extraterrestrial beings,0.8,0.8,48,10,0.0
List of alchemical substances,0.8,0.8,66,5,0.0
List of airlines of Venezuela,1.0,1.0,94,10,0.0
List of airlines of Burkina Faso,0.8,0.8,72,165,0.0
List of Greek and Latin roots in English/H–O,1.0,1.0,87,10,0.0
List of Greek and Latin roots in English/A–G,0.6,0.6,37,5,0.0
List of Go terms,0.6,0.6,23,5,0.0
Levosalbutamol,0.6,0.6,31,5,0.0
Cardiotoxicity,1.0,1.0,80,5,0.0
Ligand (biochemistry),1.0,1.0,92,25,0.0
Ligamenta flava,0.8,0.8,92,5,0.0
Lifestyle causes of type 2 diabetes,0.8,0.8,22,35,0.0
Life Sciences Institute,0.6,0.6,62,5,0.0
Lie algebra representation,0.6,0.6,87,15,0.0
Library classification,1.0,1.0,19,5,0.0
Library (computing),0.6,0.6,64,10,0.0
Library,1.0,1.0,68,5,0.0
Libjpeg,0.6,0.6,32,5,0.0
Liberation of Kherson,0.6,0.6,56,5,0.0
Libellula depressa,0.6,0.6,76,5,0.0
Lexical–gustatory synesthesia,0.8,0.8,25,50,0.0
Lexical semantics,1.0,1.0,70,40,0.0
Lexical density,1.0,1.0,76,10,0.0
Ligelizumab,0.6,0.6,87,5,0.0
Light's associativity test,0.6,0.6,62,5,0.0
Lightweight markup language,1.0,1.0,60,5,0.0
Lineage (evolution),1.0,1.0,78,30,0.0
Linear model,0.6,0.6,37,5,0.0
Linear hashing,0.8,0.8,90,35,0.0
Linear epitope,0.8,0.8,11,10,0.0
Linear classifier,1.0,1.0,64,5,0.0
Insect toxin,0.6,0.6,63,40,0.0
Linear A (Unicode block),0.8,0.8,41,10,0.0
Line (heraldry),1.0,1.0,66,5,0.0
Lignophagia,1.0,1.0,30,5,0.0
Cardiac physiology,0.6,0.6,46,5,0.0
Linaria,0.6,0.6,67,15,0.0
Limited-memory BFGS,1.0,1.0,73,15,0.0
Lim1 transcription factor,0.6,0.6,58,10,0.0
Liliaceae,0.6,0.6,4,5,0.0
Likelihood ratios in diagnostic testing,0.8,0.8,84,5,0.0
Lexical chain,1.0,1.0,29,35,0.0
Levorphanol,1.0,1.0,62,5,0.0
Linear-nonlinear-Poisson cascade model,1.0,1.0,64,20,0.0
Caret (proofreading),0.8,0.8,48,5,0.0
Carpathian Campaign,0.6,0.6,73,5,0.0
Carpatho-Ukraine,0.8,0.8,63,5,0.0
Leptin,1.0,1.0,25,20,0.0
Carprofen,0.6,0.6,94,5,0.0
Carrageenan,0.8,0.8,86,5,0.0
Leonurine,0.8,0.8,22,30,0.0
Case–control study,0.6,0.6,22,5,0.0
Casimir element,0.8,0.8,53,5,0.0
Lentil soup,0.8,0.8,77,5,0.0
Castilians,0.8,0.8,51,5,0.0
Length constant,0.6,0.6,61,5,0.0
Lemuridae,0.8,0.8,52,5,0.0
Lempel–Ziv–Markov chain algorithm,0.8,0.8,64,5,0.0
Lemna,0.8,0.8,94,30,0.0
Lemke–Howson algorithm,0.6,0.6,59,15,0.0
Leptuca thayeri,0.6,0.6,48,5,0.0
Lethal Company,0.6,0.6,33,5,0.0
Carnitine,0.8,0.8,66,50,0.0
Leukoedema,1.0,1.0,99,5,0.0
Caret notation,0.6,0.6,73,10,0.0
Levomefolic acid,0.8,0.8,65,50,0.0
Leukotriene,1.0,1.0,28,15,0.0
Leukostasis,0.8,0.8,28,5,0.0
Cariamiformes,1.0,1.0,78,5,0.0
Carlos D. Bustamante,0.8,0.8,70,5,0.0
Leukodystrophy,0.6,0.6,79,15,0.0
Letter of 5000,0.6,0.6,43,5,0.0
Leukocyte immunoglobulin-like receptors,0.6,0.6,3,45,0.0
Leukocyte extravasation,1.0,1.0,19,5,0.0
Leukocyte esterase,0.8,0.8,67,20,0.0
Leukoaraiosis,1.0,1.0,101,5,0.0
Leucocyanidin,0.8,0.8,54,70,0.0
Leucoanthocyanidin,0.6,0.6,95,5,0.0
Linear search,0.6,0.6,72,15,0.0
Lineweaver–Burk plot,0.8,0.8,12,20,0.0
List of Glagolitic manuscripts (1900–present),0.6,0.6,90,5,0.0
Carbocisteine,1.0,1.0,71,10,0.0
List of Charlie's Angels episodes,0.6,0.6,30,35,0.0
List of CIL instructions,0.8,0.8,79,5,0.0
List of CAS numbers by chemical compound,1.0,1.0,95,20,0.0
List of British firefighters killed in the line of duty,0.6,0.6,100,5,0.0
List of British films of 1973,0.8,0.8,57,5,0.0
List of British Columbia senators,0.6,0.6,82,5,0.0
Capsicum pubescens,0.8,0.8,46,5,0.0
List of Bantu languages,0.6,0.6,87,5,0.0
List of BMP-1 variants,0.8,0.8,90,5,0.0
List of B-52 Units of the United States Air Force,0.6,0.6,62,5,0.0
List of Australian artists,0.8,0.8,80,25,0.0
List of Atlantic hurricane records,0.6,0.6,86,5,0.0
List of Arleigh Burke-class destroyers,0.8,0.8,95,10,0.0
List of Archie Bunker's Place episodes,0.8,0.8,65,10,0.0
Capsule neural network,1.0,1.0,20,5,0.0
List of Chinese classifiers,0.8,0.8,64,15,0.0
List of Chinese martial arts,0.8,0.8,40,5,0.0
List of Commodore 64 games,0.6,0.6,88,5,0.0
List of Euphorbia species (P–Z),0.6,0.6,58,10,0.0
List of Germans who resisted Nazism,1.0,1.0,97,5,0.0
List of Germanic and Latinate equivalents in English,1.0,1.0,96,15,0.0
List of German exonyms for places in Croatia,0.6,0.6,85,5,0.0
List of French peerages,0.8,0.8,35,5,0.0
List of Franklin episodes,0.6,0.6,82,5,0.0
List of Falcon 9 and Falcon Heavy launches (2010–2019),0.6,0.6,45,5,0.0
List of English words of Gaulish origin,0.6,0.6,46,200,0.0
List of Corydoras species,0.6,0.6,15,10,0.0
List of English palindromic phrases,0.6,0.6,25,5,0.0
List of Drew University people,0.6,0.6,90,10,0.0
List of DNS record types,1.0,1.0,31,30,0.0
List of Croatian NBA players,0.8,0.8,58,10,0.0
List of Croatian Americans,0.6,0.6,72,210,0.0
List of Costa Rican monkey species,0.6,0.6,93,5,0.0
List of Anthrax members,1.0,1.0,85,10,0.0
List of American libertarians,0.6,0.6,73,20,0.0
Linguistic description,1.0,1.0,55,5,0.0
List of Amanita species,0.8,0.8,72,180,0.0
Lipid storage disorder,0.8,0.8,29,5,0.0
Lipid signaling,0.8,0.8,100,10,0.0
Lipid bilayer,1.0,1.0,13,60,0.0
Lipid A,0.6,0.6,28,260,0.0
Carcinoma,1.0,1.0,49,5,0.0
Liphistiidae,0.8,0.8,71,10,0.0
Lipase inhibitors,0.8,0.8,2,10,0.0
Lipase,1.0,1.0,84,15,0.0
Cardiac amyloidosis,1.0,1.0,27,10,0.0
Lion algorithm,0.8,0.8,75,5,0.0
Lin–Kernighan heuristic,0.8,0.8,89,5,0.0
Linked Data Notifications,0.8,0.8,93,20,0.0
Linkage disequilibrium score regression,0.8,0.8,3,10,0.0
Linkage disequilibrium,0.6,0.6,0,5,0.0
Linguistic reconstruction,1.0,1.0,51,10,0.0
Carboxyhemoglobin,1.0,1.0,56,20,0.0
Lipid-gated ion channels,0.8,0.8,77,15,0.0
Lipid-laden alveolar macrophage,0.6,0.6,75,15,0.0
Lipoprotein lipase,1.0,1.0,31,5,0.0
List of ARM processors,0.6,0.6,37,5,0.0
List of 5α-reductase inhibitors,1.0,1.0,84,10,0.0
List (abstract data type),1.0,1.0,77,15,0.0
List,0.8,0.8,95,15,0.0
Lipoxin,0.6,0.6,57,35,0.0
Liposarcoma,0.6,0.6,20,15,0.0
Lipoprotein,0.8,0.8,95,20,0.0
Lipoarabinomannan,0.8,0.8,79,95,0.0
Carbohydrate,0.8,0.8,95,5,0.0
Lipolysis,0.6,0.6,43,10,0.0
Carbonic anhydrase,0.8,0.8,82,5,0.0
Lipofection,1.0,1.0,0,5,0.0
Carbonyl sulfide,0.6,0.6,71,5,0.0
Lipodermatosclerosis,0.6,0.6,59,5,0.0
Calcium in biology,0.6,0.6,67,10,0.0
List of bridges in Egypt,0.6,0.6,72,5,0.0
List of bullpup firearms,1.0,1.0,90,5,0.0
List of monotremes and marsupials of Australia,0.6,0.6,56,5,0.0
List of nobles and magnates of France in the 13th century,0.6,0.6,22,5,0.0
List of newspaper archives,0.6,0.6,69,20,0.0
List of news media APIs,1.0,1.0,38,10,0.0
List of neuroscience databases,1.0,1.0,32,455,0.0
List of neuromuscular disorders,0.8,0.8,13,5,0.0
List of neurological conditions and disorders,1.0,1.0,16,20,0.0
List of network protocols (OSI model),0.8,0.8,36,5,0.0
C-terminal telopeptide,0.6,0.6,58,5,0.0
List of navies,0.6,0.6,16,5,0.0
List of mythology books and sources,0.8,0.8,73,5,0.0
List of mythological objects,0.8,0.8,45,5,0.0
List of musical instruments,0.8,0.8,81,5,0.0
List of mushroom dishes,1.0,1.0,78,5,0.0
C3 carbon fixation,0.6,0.6,69,5,0.0
List of mummies,0.8,0.8,28,10,0.0
List of nonlinear partial differential equations,0.6,0.6,30,10,0.0
List of nuclear and radiation fatalities by country,0.6,0.6,73,5,0.0
List of number fields with class number one,1.0,1.0,100,5,0.0
List of owners of English football clubs,0.6,0.6,47,10,0.0
List of people with synesthesia,0.6,0.6,43,60,0.0
List of people with epilepsy,0.8,0.8,76,20,0.0
List of people with bipolar disorder,1.0,1.0,17,5,0.0
List of people who were executed,0.6,0.6,72,15,0.0
List of people claimed to possess an eidetic memory,1.0,1.0,49,5,0.0
List of people associated with the French Revolution,0.6,0.6,61,5,0.0
List of optimization software,0.6,0.6,59,10,0.0
List of numbers in Hindu scriptures,0.8,0.8,24,5,0.0
List of opioids,1.0,1.0,88,5,0.0
List of open file formats,1.0,1.0,90,5,0.0
List of onomatopoeias,0.8,0.8,18,5,0.0
List of omics topics in biology,1.0,1.0,42,75,0.0
List of oldest trees,1.0,1.0,36,115,0.0
List of numeral system topics,0.8,0.8,95,70,0.0
List of multivariable calculus topics,1.0,1.0,37,20,0.0
List of monastic houses in Scotland,0.8,0.8,13,5,0.0
List of phobias,0.6,0.6,83,10,0.0
List of monastic houses in County Louth,0.8,0.8,51,5,0.0
List of massacres in the Croatian War of Independence,0.8,0.8,37,5,0.0
List of massacres in Ottoman Bulgaria,0.8,0.8,27,5,0.0
List of martial arts weapons,1.0,1.0,32,15,0.0
List of marine mammal species,0.6,0.6,20,5,0.0
List of mammals of the Central African Republic,0.6,0.6,80,5,0.0
List of mammals of the Canary Islands,0.6,0.6,77,5,0.0
List of mammals of Wyoming,0.6,0.6,63,5,0.0
List of mammals of Wisconsin,0.6,0.6,61,5,0.0
List of mammals of South Africa,0.6,0.6,43,5,0.0
CAMEO3D,0.6,0.6,38,135,0.0
List of mammals of Grenada,0.6,0.6,96,5,0.0
List of mammals of Grand Teton National Park,0.8,0.8,86,5,0.0
List of mammals of Angola,0.6,0.6,15,5,0.0
List of mammals of Alaska,0.6,0.6,39,10,0.0
List of mammals described in the 2000s,0.8,0.8,63,5,0.0
List of mathematical knots and links,0.6,0.6,37,30,0.0
List of mathematical logic topics,1.0,1.0,71,5,0.0
"List of medical roots, suffixes and prefixes",0.6,0.6,39,5,0.0
List of military operations in the West European Theater during World War II by year,1.0,1.0,35,10,0.0
List of model organisms,0.6,0.6,63,275,0.0
List of missiles,0.8,0.8,15,5,0.0
List of minor planets and comets visited by spacecraft,0.6,0.6,74,5,0.0
List of minerals named after people,1.0,1.0,43,10,0.0
List of military transport aircraft,0.6,0.6,82,10,0.0
List of military operations in the war in Afghanistan (2001–2021),0.8,0.8,23,5,0.0
List of military aircraft of Japan,0.6,0.6,9,5,0.0
List of medically significant spider bites,0.6,0.6,65,55,0.0
List of military aircraft of Germany,1.0,1.0,75,5,0.0
List of military aid to Ukraine during the Russo-Ukrainian War,0.8,0.8,90,5,0.0
List of microphone manufacturers,0.6,0.6,81,5,0.0
List of methanol poisoning incidents,0.6,0.6,26,40,0.0
List of meteor showers,0.6,0.6,98,5,0.0
C3b,0.8,0.8,27,30,0.0
List of pest-repelling plants,1.0,1.0,10,5,0.0
List of photographic equipment makers,0.8,0.8,21,5,0.0
List of lochs of Scotland,0.8,0.8,48,5,0.0
List of regional county municipalities and equivalent territories in Quebec,0.6,0.6,17,5,0.0
List of ships of Russia by project number,0.8,0.8,51,5,0.0
List of ships damaged by kamikaze attack,0.8,0.8,22,5,0.0
Byssinosis,0.6,0.6,33,5,0.0
List of sequence alignment software,1.0,1.0,14,90,0.0
List of secular humanists,0.6,0.6,87,5,0.0
Byte pair encoding,1.0,1.0,37,35,0.0
List of scientific journals,0.6,0.6,49,50,0.0
List of school massacres by death toll,0.8,0.8,25,10,0.0
List of rules of inference,0.8,0.8,56,15,0.0
List of rivers of the United States,0.6,0.6,36,10,0.0
Bélády's anomaly,0.8,0.8,65,5,0.0
List of retailers affected by the retail apocalypse,0.6,0.6,48,5,0.0
List of reptiles of Lesotho,0.6,0.6,40,5,0.0
List of reptiles,0.8,0.8,99,5,0.0
List of reported UFO sightings,0.6,0.6,58,5,0.0
List of short titles,0.6,0.6,33,5,0.0
List of side effects of buspirone,0.6,0.6,29,5,0.0
List of signs and symptoms of diving disorders,0.8,0.8,70,5,0.0
List of suicides in Nazi Germany,0.6,0.6,44,5,0.0
List of technology terms,0.6,0.6,99,5,0.0
List of tanker aircraft,1.0,1.0,8,5,0.0
List of systems of plant taxonomy,0.6,0.6,75,10,0.0
List of systems biology modeling software,0.6,0.6,79,95,0.0
List of symbols designated by the Anti-Defamation League as hate symbols,0.8,0.8,84,5,0.0
List of sunbirds,0.8,0.8,85,5,0.0
List of substances used in rituals,0.6,0.6,86,15,0.0
List of skeletal muscles of the human body,1.0,1.0,93,15,0.0
List of string figures,0.8,0.8,95,70,0.0
List of strawberry cultivars,0.8,0.8,67,5,0.0
List of stationery topics,0.8,0.8,45,5,0.0
List of sovereign states in the 1850s,0.6,0.6,65,10,0.0
List of software development philosophies,1.0,1.0,45,10,0.0
List of smoked foods,1.0,1.0,13,5,0.0
List of religious texts,0.8,0.8,31,5,0.0
List of regiments and corps of the Indian Army,0.8,0.8,99,5,0.0
List of photographs considered the most important,0.6,0.6,70,5,0.0
List of refugees,0.6,0.6,95,5,0.0
List of primates described in the 2020s,0.6,0.6,85,5,0.0
List of previously missing aircraft,0.8,0.8,50,10,0.0
C file input/output,0.8,0.8,47,5,0.0
List of postal entities,0.6,0.6,100,15,0.0
List of political parties in Southern Europe,0.6,0.6,63,5,0.0
List of political parties in Catalonia,0.6,0.6,44,5,0.0
List of polio survivors,0.8,0.8,77,180,0.0
List of poisonous plants,0.8,0.8,10,60,0.0
List of poisonous fungus species,0.6,0.6,6,25,0.0
List of playwrights by nationality and year of birth,0.8,0.8,12,40,0.0
List of plant family names with etymologies,0.6,0.6,50,25,0.0
List of pines by region,0.8,0.8,44,15,0.0
List of physical quantities,0.6,0.6,34,25,0.0
List of physical constants,0.8,0.8,88,5,0.0
C syntax,0.8,0.8,100,5,0.0
List of prime ministers of Belgium by time in office,0.6,0.6,59,5,0.0
List of programming languages by type,1.0,1.0,76,5,0.0
List of proposed language families,1.0,1.0,29,20,0.0
List of real-time tactics video games,1.0,1.0,56,35,0.0
List of rediscovered film footage,0.8,0.8,86,15,0.0
List of reconstructed Dacian words,0.6,0.6,69,5,0.0
List of recombinant proteins,0.6,0.6,70,145,0.0
List of recipients of the Bravery Medal (Australia),0.6,0.6,75,5,0.0
List of recently extinct insects,0.8,0.8,91,20,0.0
List of recently extinct arthropods,0.6,0.6,84,25,0.0
List of real-time strategy video games,0.8,0.8,62,10,0.0
List of psychoactive drugs used by militaries,0.6,0.6,47,5,0.0
List of reagent testing color charts,1.0,1.0,75,30,0.0
List of rail accidents (2000–2009),0.6,0.6,36,5,0.0
List of raids,0.8,0.8,58,5,0.0
C data types,0.6,0.6,34,10,0.0
"List of psychoactive plants, fungi, and animals",1.0,1.0,59,20,0.0
List of psychoactive plants,0.8,0.8,63,20,0.0
List of lymph nodes of the human body,0.8,0.8,94,5,0.0
List of lists of lists,0.6,0.6,60,60,0.0
Calcareous,0.8,0.8,100,5,0.0
List of deadly fungus species,1.0,1.0,65,5,0.0
List of echinoderm orders,0.8,0.8,82,10,0.0
List of doping cases in sport (D),0.6,0.6,24,5,0.0
List of doping cases in sport (A),0.8,0.8,34,5,0.0
COVID-19 pandemic in New York (state),0.6,0.6,64,5,0.0
List of diseases (H),0.6,0.6,35,60,0.0
COVID-19 protests in the United Kingdom,0.8,0.8,97,5,0.0
List of dinosaurs and other Mesozoic reptiles of New Zealand,0.6,0.6,86,5,0.0
List of dinosaur specimens with preserved soft tissue,0.6,0.6,12,15,0.0
List of dinosaur specimens with nicknames,0.8,0.8,82,5,0.0
List of digital preservation initiatives,0.6,0.6,67,15,0.0
List of designer drugs,1.0,1.0,99,5,0.0
List of designated terrorist groups,0.6,0.6,46,5,0.0
List of dental abnormalities associated with cutaneous conditions,1.0,1.0,8,10,0.0
COVID-19 vaccination in Canada,0.6,0.6,14,5,0.0
List of deaths from drug overdose and intoxication,0.6,0.6,24,5,0.0
List of electric aircraft,0.6,0.6,93,5,0.0
List of electromagnetism equations,0.8,0.8,34,5,0.0
List of electronics brands,1.0,1.0,38,5,0.0
List of equipment of the Republic of Singapore Navy,0.6,0.6,47,5,0.0
List of estrogen esters,0.8,0.8,21,5,0.0
List of equipment used by Russian people's militias in Ukraine,0.8,0.8,65,5,0.0
List of equipment of the United States Coast Guard,0.6,0.6,24,5,0.0
List of equipment of the Turkish Land Forces,0.6,0.6,42,10,0.0
List of equipment of the Russian Ground Forces,0.6,0.6,28,15,0.0
List of equipment of the Royal Malaysian Air Force,0.8,0.8,74,5,0.0
List of equipment of the Republic of Korea Armed Forces,0.6,0.6,39,30,0.0
List of encyclopedias by date,0.8,0.8,22,25,0.0
List of equipment of the Mongolian Armed Forces,0.8,0.8,83,5,0.0
List of equipment of the Armenian Armed Forces,1.0,1.0,72,15,0.0
List of environmental websites,0.6,0.6,24,5,0.0
List of environmental issues,1.0,1.0,21,5,0.0
List of endemic mammals of Sri Lanka,0.6,0.6,62,5,0.0
List of endemic birds of Hawaii,0.6,0.6,59,5,0.0
CRISPR gene editing,0.8,0.8,0,5,0.0
List of days of the year,0.8,0.8,14,5,0.0
List of examples of convergent evolution,0.8,0.8,62,15,0.0
List of data structures,1.0,1.0,30,10,0.0
List of common household pests,0.6,0.6,75,5,0.0
List of combat shotguns,1.0,1.0,7,5,0.0
List of collectables,1.0,1.0,15,5,0.0
List of coasts of Florida,0.6,0.6,27,5,0.0
List of cloud types,0.8,0.8,32,5,0.0
List of classical abbreviations,1.0,1.0,20,175,0.0
List of chemical compounds in coffee,0.8,0.8,17,65,0.0
List of chairs,1.0,1.0,20,30,0.0
List of causes of death by rate,0.6,0.6,84,5,0.0
List of cathedrals in Japan,0.8,0.8,17,5,0.0
List of cat body-type mutations,0.8,0.8,73,15,0.0
List of carnivorous plants,0.6,0.6,97,10,0.0
Cal (command),0.6,0.6,82,10,0.0
List of cannabis seizures,1.0,1.0,66,15,0.0
List of cameras which provide geotagging,0.8,0.8,78,5,0.0
List of common physics notations,1.0,1.0,14,55,0.0
List of commonly misused English words,0.8,0.8,59,5,0.0
List of commonly used taxonomic affixes,0.8,0.8,39,20,0.0
List of crewed spacecraft,0.8,0.8,80,5,0.0
List of daimyōs from the Sengoku period,0.6,0.6,49,5,0.0
List of current equipment of the Chilean Army,0.8,0.8,26,5,0.0
List of culinary nuts,0.8,0.8,8,115,0.0
List of critically endangered birds,0.8,0.8,74,10,0.0
CSRP3,0.6,0.6,70,20,0.0
List of crimes involving a silicone mask,0.6,0.6,34,5,0.0
List of countries that have gained independence from the United Kingdom,0.8,0.8,75,5,0.0
List of complexity classes,0.8,0.8,17,10,0.0
List of countries by ethnic groups,0.8,0.8,10,5,0.0
CYP1A2,0.8,0.8,97,20,0.0
List of cooking techniques,1.0,1.0,48,5,0.0
List of concept- and mind-mapping software,0.8,0.8,94,15,0.0
List of computer magazines,0.6,0.6,66,5,0.0
List of compositions by Mikhail Glinka,0.6,0.6,84,5,0.0
List of ethnic cleansing campaigns,0.8,0.8,20,5,0.0
List of experimental errors and frauds in physics,0.6,0.6,37,25,0.0
CDKL5,0.8,0.8,53,10,0.0
List of home computers,0.8,0.8,32,5,0.0
CLOCK,1.0,1.0,62,30,0.0
List of interface bit rates,0.8,0.8,89,5,0.0
List of integrals of inverse hyperbolic functions,0.8,0.8,37,5,0.0
List of integer sequences,0.8,0.8,80,40,0.0
List of inhabited islands of Croatia,1.0,1.0,30,15,0.0
List of industrial music labels,0.6,0.6,62,5,0.0
List of incomplete or partially lost films,0.8,0.8,80,5,0.0
List of immune cells,1.0,1.0,20,10,0.0
List of ideological symbols,1.0,1.0,41,5,0.0
List of hypothetical technologies,1.0,1.0,60,5,0.0
List of hydrogen internal combustion engine vehicles,0.8,0.8,16,10,0.0
List of humorous units of measurement,1.0,1.0,42,5,0.0
CORE (research service),0.6,0.6,99,25,0.0
List of human evolution fossils,0.8,0.8,89,20,0.0
List of human anatomical regions,0.6,0.6,99,5,0.0
CJK Unified Ideographs Extension H,0.6,0.6,39,30,0.0
List of inventions named after people,0.6,0.6,99,5,0.0
List of islands in the Indian Ocean,0.8,0.8,92,10,0.0
List of laws,0.6,0.6,86,5,0.0
List of light novels,0.6,0.6,62,5,0.0
List of libraries in the ancient world,0.6,0.6,81,20,0.0
List of legal abbreviations,0.6,0.6,87,10,0.0
List of least concern mammals,0.6,0.6,32,5,0.0
List of least concern birds,0.6,0.6,23,5,0.0
List of least concern arthropods,0.8,0.8,60,5,0.0
List of largest libraries,0.6,0.6,90,5,0.0
List of kanji radicals by frequency,0.6,0.6,29,120,0.0
List of language names,1.0,1.0,77,5,0.0
List of lands at Universal theme parks,0.6,0.6,54,5,0.0
List of land vehicles of the United States Armed Forces,0.8,0.8,96,20,0.0
CHEK1,0.6,0.6,41,30,0.0
List of known legal cases involving super-injunctions,0.8,0.8,18,5,0.0
List of kanji radicals by stroke count,0.6,0.6,67,15,0.0
List of hospitals in Germany,1.0,1.0,59,5,0.0
List of highways numbered 1,0.8,0.8,77,5,0.0
List of extinct baronetcies,0.6,0.6,67,10,0.0
List of highly toxic gases,0.6,0.6,48,5,0.0
List of food contamination incidents,0.6,0.6,16,40,0.0
List of food and beverage museums,0.8,0.8,15,5,0.0
List of flying mythological creatures,0.6,0.6,23,15,0.0
COVID-19 lockdown in the United Kingdom,0.6,0.6,26,10,0.0
List of firefighting films,0.8,0.8,82,5,0.0
List of fictional spacecraft,1.0,1.0,86,5,0.0
"List of fictional elements, materials, isotopes and subatomic particles",0.8,0.8,31,5,0.0
List of fictional dogs in animated television,0.8,0.8,88,5,0.0
List of fictional child prodigies,1.0,1.0,58,5,0.0
List of fern families,1.0,1.0,65,5,0.0
List of fen plants,0.8,0.8,39,5,0.0
List of fatal dog attacks,0.6,0.6,91,15,0.0
List of family seats of English nobility,0.8,0.8,89,5,0.0
List of extinct languages and dialects of Europe,0.6,0.6,19,5,0.0
List of extinct bird species since 1500,0.6,0.6,41,5,0.0
List of food safety organisations,0.8,0.8,94,5,0.0
List of foods by protein content,0.6,0.6,63,10,0.0
List of football clubs in England and Wales by year formed,0.8,0.8,40,5,0.0
List of future military aircraft of the United States,1.0,1.0,97,5,0.0
List of hexagrams of the I Ching,0.6,0.6,69,5,0.0
List of herbs with known adverse effects,1.0,1.0,15,5,0.0
List of hematologic conditions,0.6,0.6,51,5,0.0
List of god games,0.6,0.6,75,15,0.0
List of genetic disorders,0.8,0.8,63,15,0.0
List of garage rock bands,1.0,1.0,55,5,0.0
List of fossil pinnipedimorphs,0.6,0.6,22,60,0.0
List of forageable plants,0.8,0.8,27,10,0.0
List of fossil bird genera,0.6,0.6,47,5,0.0
List of former mosques in Spain,1.0,1.0,57,5,0.0
List of former equipment of the Iraqi Ground Forces,0.6,0.6,30,40,0.0
List of former equipment of the Finnish Army,0.6,0.6,93,5,0.0
List of former equipment of the Austrian Army,0.8,0.8,65,20,0.0
List of foramina of the human body,0.8,0.8,48,5,0.0
Castoreum,0.6,0.6,85,10,0.0
0.0.0.0,0.8,0.8,63,5,0.0
Interstitium,0.6,0.6,61,5,0.0
Child-resistant packaging,1.0,1.0,80,5,0.0
Kaguya (mouse),0.6,0.6,96,40,0.0
Kahr PM series,0.8,0.8,95,5,0.0
Cereulide,1.0,1.0,1,35,0.0
Kainate receptor,0.6,0.6,10,10,0.0
Intravenous sugar solution,0.8,0.8,89,5,0.0
Kaiten,0.6,0.6,8,10,0.0
Cheyne–Stokes respiration,1.0,1.0,24,5,0.0
Kalapuyan languages,0.6,0.6,89,5,0.0
Intrapleural pressure,0.8,0.8,61,10,0.0
Kamiyonanayo,0.8,0.8,76,5,0.0
Kampfgruppe,1.0,1.0,91,5,0.0
Intraosseous infusion,0.8,0.8,19,5,0.0
Chicago Tylenol murders,0.6,0.6,86,15,0.0
Intraocular hemorrhage,0.8,0.8,63,5,0.0
Cerebral perfusion pressure,0.6,0.6,22,5,0.0
Intradermal injection,1.0,1.0,94,5,0.0
Cerebral hemisphere,1.0,1.0,41,10,0.0
Kappa number,0.6,0.6,30,5,0.0
Cerebral circulation,0.8,0.8,2,5,0.0
Karplus equation,0.8,0.8,76,25,0.0
Kashin–Beck disease,0.6,0.6,38,5,0.0
Intracrine,0.6,0.6,50,10,0.0
Katakana (Unicode block),0.8,0.8,38,5,0.0
Katyn massacre,0.6,0.6,88,5,0.0
Intracranial hemorrhage,0.6,0.6,76,5,0.0
Intracerebroventricular injection,1.0,1.0,96,35,0.0
Cerebral atrophy,0.6,0.6,55,10,0.0
Ka/Ks ratio,0.6,0.6,26,175,0.0
KSTAM,0.8,0.8,94,5,0.0
Ceruloplasmin,1.0,1.0,45,35,0.0
Justinus Kerner,1.0,1.0,50,5,0.0
Journal,1.0,1.0,73,5,0.0
Journal club,0.8,0.8,29,5,0.0
Journal of Medical Virology,0.6,0.6,86,10,0.0
Judge Rotenberg Center,0.6,0.6,89,10,0.0
Juice vesicles,0.6,0.6,72,5,0.0
Julidochromis,0.8,0.8,86,30,0.0
June 2013 Shanshan riots,0.8,0.8,79,15,0.0
June 2017 Jerusalem attack,0.8,0.8,41,5,0.0
June 2024 Second Thomas Shoal incident,0.6,0.6,20,5,0.0
Introgression,0.6,0.6,49,30,0.0
Juniperus virginiana,0.8,0.8,11,5,0.0
Junk fax,1.0,1.0,12,5,0.0
Cf.,0.6,0.6,85,10,0.0
Cetirizine,0.6,0.6,65,5,0.0
K-1000 battleship,0.6,0.6,27,10,0.0
K-152 Nerpa accident,0.8,0.8,55,10,0.0
K-factor (marketing),0.8,0.8,31,25,0.0
Lek paradox,0.6,0.6,81,5,0.0
Chevron plot,0.6,0.6,59,65,0.0
Intrinsic viscosity,0.8,0.8,60,5,0.0
K-medoids,0.6,0.6,43,30,0.0
K-mer,0.8,0.8,0,5,0.0
KAON,0.6,0.6,28,5,0.0
KDEL (amino acid sequence),1.0,1.0,61,230,0.0
KHAD-KGB campaign in Pakistan,0.8,0.8,58,5,0.0
KIT (gene),0.8,0.8,89,30,0.0
Intracellular receptor,0.8,0.8,23,5,0.0
Kavka's toxin puzzle,0.6,0.6,62,5,0.0
International identifier,0.6,0.6,16,5,0.0
Cerebral atherosclerosis,0.8,0.8,19,10,0.0
Cercozoa,0.8,0.8,96,25,0.0
Kil'ayim (tractate),0.6,0.6,74,5,0.0
Kill Switch (The X-Files),0.6,0.6,7,5,0.0
Internet safety,1.0,1.0,61,5,0.0
Kill game,0.8,0.8,6,5,0.0
Kill switch (synthetic biology),0.8,0.8,0,5,0.0
Kille (card game),0.6,0.6,89,5,0.0
Internet checksum,0.6,0.6,27,10,0.0
Internet censorship circumvention,1.0,1.0,9,15,0.0
Killer application,0.6,0.6,59,5,0.0
Killer robot,0.8,0.8,74,5,0.0
Killian documents authenticity issues,0.6,0.6,52,10,0.0
Killing jar,0.8,0.8,30,15,0.0
Internet censorship and surveillance in Europe,0.6,0.6,26,5,0.0
Internet Printing Protocol,0.6,0.6,29,5,0.0
Ceratopogonidae,0.6,0.6,30,5,0.0
Kinase,0.8,0.8,6,5,0.0
Kinetic proofreading,0.6,0.6,100,90,0.0
Ceratobasidium,0.6,0.6,74,20,0.0
Kinetoplast,0.6,0.6,40,20,0.0
Kingella kingae,0.6,0.6,52,30,0.0
Kipp's apparatus,0.8,0.8,91,5,0.0
Kite control systems,0.8,0.8,81,5,0.0
Kiwa (crustacean),1.0,1.0,74,10,0.0
Internet Group Management Protocol,0.8,0.8,32,5,0.0
Klarisa Rikova,0.6,0.6,71,10,0.0
Klazomania,0.6,0.6,79,10,0.0
Kikoe-ōgimi,1.0,1.0,25,5,0.0
Interrogative,0.6,0.6,30,20,0.0
Kidney disease,1.0,1.0,101,5,0.0
Kernel embedding of distributions,1.0,1.0,45,20,0.0
Keloid,0.8,0.8,75,5,0.0
Kemron,1.0,1.0,19,5,0.0
Intestinal permeability,1.0,1.0,18,5,0.0
Kendall's notation,1.0,1.0,68,5,0.0
Cerebral arteriovenous malformation,0.8,0.8,89,10,0.0
Chimera (genetics),0.8,0.8,67,20,0.0
Keratin,0.8,0.8,25,15,0.0
Chimera (paleontology),0.6,0.6,4,10,0.0
Keratin 6A,0.6,0.6,62,40,0.0
Keratoconus,0.6,0.6,9,5,0.0
Interval tree,0.8,0.8,43,5,0.0
Kermit (protocol),0.6,0.6,28,5,0.0
Ketene cycloaddition,0.8,0.8,16,5,0.0
KiSAO,0.8,0.8,77,25,0.0
Ketolysis,0.8,0.8,80,5,0.0
Cerebellar ataxia,1.0,1.0,97,5,0.0
Ketotifen,0.8,0.8,66,10,0.0
Isoarborinol,0.6,0.6,83,35,0.0
Chimera virus,0.5,0.5,0,4,0.0
Key–value database,1.0,1.0,65,40,0.0
Khalaj language,0.6,0.6,62,10,0.0
Cercus,0.8,0.8,57,5,0.0
Interrupt vector table,0.6,0.6,52,5,0.0
Khintchine inequality,0.8,0.8,42,5,0.0
Khiva,0.8,0.8,30,5,0.0
Ki-67 (protein),0.6,0.6,77,20,0.0
Jour J (comics),0.8,0.8,39,5,0.0
Joubert syndrome,0.8,0.8,83,5,0.0
Jordi Casals i Ariet,0.6,0.6,81,5,0.0
Chancre,1.0,1.0,31,5,0.0
Chemical burn,1.0,1.0,60,5,0.0
JAK-STAT pathway,0.6,0.6,0,5,0.0
JAMRS,0.8,0.8,70,15,0.0
Chemoreceptor,1.0,1.0,71,15,0.0
Chemotaxis,0.8,0.8,81,5,0.0
JASP,1.0,1.0,9,10,0.0
Chemotherapy-induced nausea and vomiting,1.0,1.0,20,30,0.0
JCUKEN,0.8,0.8,45,10,0.0
Iran and the Russian invasion of Ukraine,0.6,0.6,65,10,0.0
JJC8-016,0.6,0.6,37,45,0.0
JME Molecule Editor,0.6,0.6,92,10,0.0
JNR Class ED75,0.6,0.6,49,5,0.0
JPEG File Interchange Format,0.6,0.6,96,15,0.0
JS Bungo,0.6,0.6,83,5,0.0
Ira Mellman,0.8,0.8,87,5,0.0
Ionotropic glutamate receptor,1.0,1.0,62,10,0.0
JSON Feed,0.8,0.8,90,5,0.0
JUPITER trial,0.6,0.6,66,5,0.0
Jabiru codorensis,0.6,0.6,70,5,0.0
Jacalin,0.6,0.6,31,220,0.0
Jaccard index,0.6,0.6,93,5,0.0
Jack H. Harris,0.8,0.8,14,5,0.0
Jaffa Road bus bombings,0.6,0.6,51,5,0.0
Jahwist,1.0,1.0,95,5,0.0
Jakobid,0.6,0.6,57,5,0.0
James Phipps,0.6,0.6,17,10,0.0
James Robins,0.6,0.6,96,5,0.0
Iris subg. Iris,0.8,0.8,65,10,0.0
Chemical equation,1.0,1.0,98,5,0.0
Chemical nomenclature,0.6,0.6,51,10,0.0
Isopeptide bond,0.8,0.8,59,5,0.0
Isocyanide,0.8,0.8,50,15,0.0
Isoelectric focusing,1.0,1.0,85,20,0.0
Isoflavone,0.6,0.6,59,10,0.0
Ischemic colitis,0.8,0.8,73,5,0.0
Isoleucine,0.6,0.6,15,5,0.0
Isabella Psalter,1.0,1.0,95,5,0.0
Irreversible electroporation,1.0,1.0,1,15,0.0
Isomap,0.8,0.8,59,15,0.0
Isomorphous replacement,0.8,0.8,81,105,0.0
Isopentenyl pyrophosphate,0.6,0.6,79,10,0.0
Iron supplement,0.8,0.8,85,5,0.0
Iron preparation,0.8,0.8,37,5,0.0
Chemical weapon,0.6,0.6,27,15,0.0
Ivan Sirko,0.8,0.8,26,5,0.0
Isostere,0.6,0.6,92,5,0.0
Iron polymaltose,0.6,0.6,53,5,0.0
Isotopes of tennessine,0.6,0.6,64,10,0.0
Chemophobia,0.6,0.6,35,40,0.0
Iron oxide nanoparticle,0.6,0.6,96,5,0.0
Chemical similarity,0.8,0.8,12,245,0.0
Iron in biology,0.8,0.8,82,40,0.0
Iron Guard death squads,0.6,0.6,90,5,0.0
Israel and weapons of mass destruction,0.6,0.6,72,5,0.0
Israeli razing of cemeteries and necroviolence against Palestinians,0.6,0.6,32,45,0.0
Issues relating to social networking services,0.6,0.6,41,5,0.0
Ivan Harris,0.8,0.8,61,5,0.0
Ion transporter,0.6,0.6,100,20,0.0
Janssen Vaccines,0.6,0.6,62,5,0.0
Ion speciation,1.0,1.0,92,10,0.0
Joad,0.8,0.8,47,5,0.0
Jehoiachin's Rations Tablets,0.6,0.6,36,10,0.0
Jehovah's Witnesses congregational discipline,1.0,1.0,66,5,0.0
Jejunoileal bypass,0.8,0.8,50,5,0.0
Jennifer Doudna,0.6,0.6,44,5,0.0
Jess (programming language),0.8,0.8,38,5,0.0
Jesse Gelsinger,0.8,0.8,12,10,0.0
Jewish deportees from Norway during World War II,0.8,0.8,34,10,0.0
Inverted pyramid (journalism),1.0,1.0,11,5,0.0
Jewish ghettos established by Nazi Germany,1.0,1.0,69,5,0.0
Jewish skull collection,0.6,0.6,57,5,0.0
Jewish views on suicide,0.8,0.8,46,10,0.0
Inverted index,0.8,0.8,19,350,0.0
Chart pattern,1.0,1.0,71,5,0.0
Inverted terminal repeat,0.6,0.6,0,5,0.0
Jod-Basedow phenomenon,0.8,0.8,36,5,0.0
Cherry eye,0.8,0.8,93,5,0.0
Invertase,0.8,0.8,57,15,0.0
Joe Frank Harris,0.8,0.8,47,5,0.0
Joel Chandler Harris,0.6,0.6,82,5,0.0
Charcot–Wilbrand syndrome,0.6,0.6,47,10,0.0
Chantelise – A Tale of Two Sisters,0.8,0.8,62,5,0.0
Johnson (given name),0.8,0.8,64,5,0.0
Johnson's algorithm,0.8,0.8,93,5,0.0
Joint Polarization Experiment,0.6,0.6,73,5,0.0
Inulin,1.0,1.0,79,5,0.0
Joint Tactical Radio System,0.6,0.6,19,5,0.0
Jean Beguin,0.6,0.6,22,5,0.0
Cheating in online games,0.6,0.6,36,5,0.0
Ion semiconductor sequencing,0.6,0.6,24,125,0.0
Japanese clans,0.8,0.8,40,5,0.0
Ion channel hypothesis of Alzheimer's disease,1.0,1.0,83,10,0.0
Chemoton,0.8,0.8,101,15,0.0
January 2015 Île-de-France attacks,0.6,0.6,77,5,0.0
Janus kinase 2,0.8,0.8,39,90,0.0
Janus kinase inhibitor,0.8,0.8,3,20,0.0
Japan Heritage,0.6,0.6,39,25,0.0
Iodomethane,0.6,0.6,18,15,0.0
Japan Trench,0.6,0.6,87,5,0.0
Japan and the Holocaust,0.8,0.8,60,5,0.0
Japanese Village (Dugway Proving Ground),0.6,0.6,20,5,0.0
Japanese battleship Tosa,0.6,0.6,100,5,0.0
Japanese biological warfare,0.8,0.8,0,5,0.0
Iodoform,0.6,0.6,89,5,0.0
Invitrogen,0.8,0.8,59,15,0.0
Iodine in biology,0.6,0.6,80,25,0.0
Japanese input method,0.6,0.6,41,5,0.0
Japanese language in EBCDIC,0.8,0.8,79,35,0.0
Japanese people in Hong Kong,0.8,0.8,93,5,0.0
Cherimoya,0.6,0.6,88,5,0.0
Japanese prisoners of war in World War II,0.6,0.6,55,5,0.0
Japanese swordsmithing,0.6,0.6,76,5,0.0
Jargon File,0.6,0.6,56,15,0.0
Chelev,0.8,0.8,37,5,0.0
Cheese fly,0.8,0.8,83,5,0.0
Java arquebus,0.6,0.6,62,5,0.0
Javan spitting cobra,0.6,0.6,19,10,0.0
Centronuclear myopathy,0.8,0.8,61,10,0.0
Isocitric acid,0.6,0.6,78,5,0.0
Interbreeding between archaic and modern humans,1.0,1.0,84,5,0.0
Lactoylglutathione lyase,1.0,1.0,82,20,0.0
Interleukin 23 subunit alpha,1.0,1.0,28,50,0.0
Lactobacillus gasseri,0.8,0.8,88,10,0.0
Chinese character encoding,0.6,0.6,99,5,0.0
Lead mining in Scotland,0.6,0.6,91,5,0.0
Laxative,1.0,1.0,95,5,0.0
Lawrence Weed,0.8,0.8,94,5,0.0
Law of thought,1.0,1.0,19,5,0.0
Law of primacy in persuasion,0.6,0.6,87,5,0.0
Lactococcus virus P008,0.8,0.8,74,65,0.0
Categorical logic,0.6,0.6,50,10,0.0
Lactuca serriola,1.0,1.0,101,5,0.0
Laboratory equipment,0.8,0.8,0,5,0.0
Launch window,0.8,0.8,13,5,0.0
Lag (video games),0.8,0.8,23,5,0.0
Chironomidae,0.6,0.6,65,5,0.0
Lattice problem,1.0,1.0,98,5,0.0
Intergovernmental Science-Policy Platform on Biodiversity and Ecosystem Services,0.8,0.8,63,5,0.0
Interferon type I,0.8,0.8,88,240,0.0
Integrated Taxonomic Information System,0.6,0.6,69,5,0.0
Lagerstätte,0.8,0.8,61,10,0.0
Lattice degeneration,0.8,0.8,26,5,0.0
Lake ecosystem,0.8,0.8,90,5,0.0
Leakage (machine learning),1.0,1.0,61,5,0.0
Lactobacillus delbrueckii subsp. bulgaricus,0.6,0.6,45,30,0.0
Lactobacillus crispatus,0.6,0.6,71,120,0.0
Cefuroxime,1.0,1.0,98,5,0.0
Lacrimal apparatus,0.8,0.8,64,5,0.0
Lacrimal punctum,0.8,0.8,63,5,0.0
International Commission on Stratigraphy,0.6,0.6,47,10,0.0
Lactarius,0.8,0.8,60,5,0.0
Catecholamine,0.8,0.8,50,5,0.0
Lactarius deterrimus,0.6,0.6,57,5,0.0
Lactase,0.75,0.75,73,12,0.0
Lebrikizumab,0.6,0.6,20,10,0.0
ChinaAngVirus disinformation campaign,0.6,0.6,65,15,0.0
Lactase persistence,0.6,0.6,85,120,0.0
Cell damage,0.6,0.6,35,15,0.0
Laser coagulation,1.0,1.0,50,5,0.0
Learning to rank,0.8,0.8,32,125,0.0
Lacticaseibacillus casei,0.6,0.6,12,40,0.0
Internal capsule,0.8,0.8,72,10,0.0
Lacticaseibacillus paracasei,0.6,0.6,52,45,0.0
Integrated Automated Fingerprint Identification System,0.6,0.6,77,5,0.0
Cell culture,1.0,1.0,0,5,0.0
Interlocus sexual conflict,0.8,0.8,91,5,0.0
Lactiplantibacillus plantarum,0.6,0.6,27,205,0.0
Integrated Guided Missile Development Programme,0.6,0.6,43,5,0.0
Lakenheath-Bentwaters incident,0.6,0.6,45,5,0.0
Lamb-Shaffer syndrome,0.6,0.6,62,5,0.0
Lamellar bodies,0.8,0.8,23,5,0.0
Language shift,0.6,0.6,36,5,0.0
Lanonia,0.6,0.6,58,5,0.0
Chlorate,0.6,0.6,49,5,0.0
Caviomorpha,0.6,0.6,66,5,0.0
Laplace expansion,0.6,0.6,94,10,0.0
Laplace's approximation,0.6,0.6,100,5,0.0
Latent homosexuality,0.8,0.8,30,5,0.0
Large numbers,0.6,0.6,88,5,0.0
Causes of cancer,0.8,0.8,55,10,0.0
Latency (engineering),0.6,0.6,8,5,0.0
Latency (audio),0.6,0.6,16,10,0.0
Last of the Curlews,0.8,0.8,93,30,0.0
Largest prehistoric animals,0.6,0.6,87,5,0.0
Intelligent Platform Management Interface,1.0,1.0,76,5,0.0
Larry Griffin,0.6,0.6,41,5,0.0
Intepirdine,0.6,0.6,53,5,0.0
Interactive evolutionary computation,0.8,0.8,18,5,0.0
Larry Levine,0.8,0.8,36,5,0.0
Cave of septum pellucidum,0.8,0.8,100,5,0.0
Interaction (statistics),1.0,1.0,22,10,0.0
Causes of schizophrenia,0.8,0.8,34,30,0.0
Interaction information,0.6,0.6,34,25,0.0
Languages of Japan,0.6,0.6,86,5,0.0
Langmuir adsorption model,1.0,1.0,59,10,0.0
Lamin,0.8,0.8,49,30,0.0
Latent space,1.0,1.0,84,35,0.0
Integrin,1.0,1.0,61,70,0.0
Integrin alpha M,0.8,0.8,36,25,0.0
Intercalation (biochemistry),0.8,0.8,81,10,0.0
Category (mathematics),1.0,1.0,77,5,0.0
Laminin,0.6,0.6,94,45,0.0
Catholic Church in Japan,1.0,1.0,67,5,0.0
Centrifugation,0.8,0.8,48,5,0.0
"Laminin, beta 1",0.8,0.8,86,40,0.0
"Laminin, beta 2",0.8,0.8,66,35,0.0
Latin hypercube sampling,0.6,0.6,90,5,0.0
Chloride,0.8,0.8,63,10,0.0
Lathyrism,0.8,0.8,62,10,0.0
Cattle feeding,0.8,0.8,1,5,0.0
Lateral earth pressure,0.6,0.6,75,5,0.0
Cefazolin,0.8,0.8,64,5,0.0
Chives,0.8,0.8,59,5,0.0
Lampbrush chromosome,0.8,0.8,12,80,0.0
Lancelet,0.6,0.6,37,20,0.0
Lancet MMR autism fraud,0.8,0.8,66,65,0.0
Land cover maps,0.6,0.6,62,10,0.0
Cefadroxil,0.6,0.6,71,5,0.0
Lacosamide,0.6,0.6,74,10,0.0
Lactic acid fermentation,0.8,0.8,97,10,0.0
Lector (software),0.6,0.6,97,10,0.0
Cell transfection,0.8,0.8,0,5,0.0
International Standard Recording Code,0.6,0.6,62,5,0.0
International Standard Name Identifier,0.6,0.6,53,15,0.0
Kosaraju's algorithm,0.8,0.8,43,10,0.0
Kosher animals,0.6,0.6,19,5,0.0
Cell-mediated immunity,0.8,0.8,30,10,0.0
Insertion (genetics),0.8,0.8,39,40,0.0
International Standard Bibliographic Description,0.8,0.8,74,10,0.0
Kramatorsk railway station attack,0.6,0.6,64,15,0.0
Krill fishery,0.6,0.6,47,15,0.0
Catalysis,0.8,0.8,16,5,0.0
Kwashiorkor,0.8,0.8,30,20,0.0
LD 350-1,0.6,0.6,97,80,0.0
Kytococcus sedentarius,0.6,0.6,98,35,0.0
International Society for Computational Biology,0.8,0.8,98,15,0.0
Laboratory centrifuge,1.0,1.0,47,10,0.0
L. Sprague de Camp bibliography,0.6,0.6,60,30,0.0
LAMP1,0.6,0.6,99,95,0.0
Legume lectin,1.0,1.0,76,160,0.0
Inside–outside–beginning (tagging),0.6,0.6,42,120,0.0
Cell growth,0.8,0.8,72,5,0.0
Institutional Animal Care and Use Committee,0.8,0.8,45,10,0.0
International Plant Names Index,1.0,1.0,88,60,0.0
International Survivors of Suicide Loss Day,0.6,0.6,69,5,0.0
Koriukivka massacre,0.6,0.6,92,5,0.0
Cellular adoptive immunotherapy,0.8,0.8,81,45,0.0
Leishmania,0.8,0.8,31,55,0.0
Cat genetics,0.6,0.6,55,80,0.0
Central sleep apnea,1.0,1.0,82,10,0.0
Klipper,0.8,0.8,49,5,0.0
Catabolism,1.0,1.0,71,20,0.0
Knoevenagel condensation,0.6,0.6,94,5,0.0
Knowledge building,0.8,0.8,91,5,0.0
Knowledge extraction,1.0,1.0,32,20,0.0
Chloronitramide anion,0.6,0.6,100,40,0.0
Kocuria,0.8,0.8,15,10,0.0
Koenen's tumor,0.6,0.6,19,5,0.0
Koha (software),0.8,0.8,83,5,0.0
Insects in Japanese culture,1.0,1.0,89,5,0.0
Central Index Key,0.8,0.8,85,5,0.0
Kolmogorov–Smirnov test,1.0,1.0,43,5,0.0
010 Editor,0.8,0.8,46,5,0.0
Censorship by country,0.8,0.8,53,15,0.0
Catalase,1.0,1.0,15,70,0.0
Komagataella,0.8,0.8,30,105,0.0
Kommando Spezialkräfte Marine,0.8,0.8,76,5,0.0
Cellular senescence,0.6,0.6,53,5,0.0
International Union of Biochemistry and Molecular Biology,0.6,0.6,45,5,0.0
LCP1,0.6,0.6,41,5,0.0
Lehman's laws of software evolution,1.0,1.0,14,5,0.0
Laryngeal paralysis,0.6,0.6,38,5,0.0
LOOP (programming language),0.8,0.8,90,10,0.0
LIN9,0.6,0.6,40,5,0.0
Legal status of Salvia divinorum in the United States,0.6,0.6,36,10,0.0
Insulin index,0.8,0.8,53,45,0.0
International Dunhuang Project,0.6,0.6,10,5,0.0
International Gene Synthesis Consortium,0.8,0.8,0,5,0.0
Left Ginza,0.8,0.8,45,5,0.0
LRP2,0.6,0.6,45,15,0.0
Insular cortex,0.8,0.8,64,5,0.0
LRRK2,0.6,0.6,32,5,0.0
LUX,0.6,0.6,20,30,0.0
Lee Harris (politician),0.6,0.6,8,5,0.0
Integer (computer science),0.6,0.6,71,10,0.0
LYME (software bundle),0.6,0.6,85,5,0.0
Integer sequence,0.6,0.6,14,5,0.0
Legal terminology textbook,0.6,0.6,68,5,0.0
Chlorogenic acid,1.0,1.0,21,10,0.0
Instructional materials,0.8,0.8,79,5,0.0
Catechol oxidase,0.6,0.6,39,30,0.0
La domain,0.8,0.8,74,5,0.0
Cell fusion,0.8,0.8,45,5,0.0
LGM-118 Peacekeeper,0.6,0.6,2,5,0.0
International Personality Item Pool,0.8,0.8,63,25,0.0
LED display,0.6,0.6,37,5,0.0
Labeled data,0.8,0.8,93,5,0.0
International Comparison Program,0.6666666666666666,0.6666666666666666,24,3,0.0
International Components for Unicode,1.0,1.0,67,50,0.0
LZ77 and LZ78,0.8,0.8,75,5,0.0
Environmental monitoring,0.8,1.0,95,5,-0.19999999999999996
List of mammals of Armenia,0.8,1.0,50,5,-0.19999999999999996
List of feeding behaviours,0.8,1.0,9,5,-0.19999999999999996
Haplogroup G-M201,0.8,1.0,72,10,-0.19999999999999996
Health impacts of sawdust,0.8,1.0,79,15,-0.19999999999999996
Electromagnetic shielding,0.8,1.0,39,5,-0.19999999999999996
Reconstituted meat,0.8,1.0,41,5,-0.19999999999999996
Macrophage polarization,0.8,1.0,0,5,-0.19999999999999996
List of types of equilibrium,0.8,1.0,26,20,-0.19999999999999996
Environmental factor,0.8,1.0,40,5,-0.19999999999999996
Database index,0.8,1.0,78,55,-0.19999999999999996
Glycoside hydrolase,0.8,1.0,61,15,-0.19999999999999996
Primase,0.8,1.0,36,50,-0.19999999999999996
Limbic encephalitis,0.8,1.0,66,55,-0.19999999999999996
List of songs subject to plagiarism disputes,0.8,1.0,61,15,-0.19999999999999996
List of software patents,0.8,1.0,97,5,-0.19999999999999996
Glycine encephalopathy,0.8,1.0,71,5,-0.19999999999999996
Tumor-infiltrating lymphocytes,0.8,1.0,70,60,-0.19999999999999996
Allergic conjunctivitis,0.8,1.0,11,5,-0.19999999999999996
Darwinius,0.8,1.0,49,10,-0.19999999999999996
Cytokine release syndrome,0.8,1.0,23,15,-0.19999999999999996
MRI contrast agent,0.8,1.0,3,5,-0.19999999999999996
Idiopathic postprandial syndrome,0.8,1.0,8,10,-0.19999999999999996
Pressure measurement,0.8,1.0,48,5,-0.19999999999999996
List of language families,0.8,1.0,70,10,-0.19999999999999996
Brevicoryne brassicae,0.8,1.0,15,5,-0.19999999999999996
Isotype (immunology),0.8,1.0,2,35,-0.19999999999999996
Southern rust,0.8,1.0,0,5,-0.19999999999999996
Vasopressin,0.8,1.0,55,15,-0.19999999999999996
Vasopressin receptor,0.8,1.0,60,5,-0.19999999999999996
Aporphine,0.8,1.0,60,5,-0.19999999999999996
Sitosterolemia,0.8,1.0,91,5,-0.19999999999999996
Integrin alpha 4,0.8,1.0,10,5,-0.19999999999999996
Ureaplasma urealyticum,0.8,1.0,90,165,-0.19999999999999996
List of fish families,0.8,1.0,78,5,-0.19999999999999996
Siliceous ooze,0.8,1.0,47,10,-0.19999999999999996
Corn (pathology),0.8,1.0,41,5,-0.19999999999999996
DNA insertion,0.8,1.0,0,5,-0.19999999999999996
Immunodeficiency,0.8,1.0,58,35,-0.19999999999999996
Life with PlayStation,0.8,1.0,66,5,-0.19999999999999996
Isomerase,0.8,1.0,49,30,-0.19999999999999996
2024–25 Hong Kong Second Division League,0.8,1.0,55,15,-0.19999999999999996
Group polarization,0.8,1.0,7,5,-0.19999999999999996
Lymphocytopenia,0.8,1.0,57,5,-0.19999999999999996
Lei Stanley Qi,0.8,1.0,60,10,-0.19999999999999996
Chemical restraint,0.8,1.0,55,5,-0.19999999999999996
Inborn errors of carbohydrate metabolism,0.8,1.0,44,20,-0.19999999999999996
Immunophysics,0.8,1.0,92,10,-0.19999999999999996
Tōkai earthquakes,0.8,1.0,50,5,-0.19999999999999996
Hoeffding's inequality,0.8,1.0,82,5,-0.19999999999999996
Onesimus (Bostonian),0.8,1.0,52,10,-0.19999999999999996
Fermented sausage,0.8,1.0,73,10,-0.19999999999999996
Trypan blue,0.8,1.0,3,5,-0.19999999999999996
Dirichlet distribution,0.8,1.0,80,15,-0.19999999999999996
Pleistocene wolf,0.8,1.0,69,10,-0.19999999999999996
Retinoic acid receptor,0.8,1.0,86,5,-0.19999999999999996
Paraganglioma,0.8,1.0,65,5,-0.19999999999999996
Tobacco-specific nitrosamines,0.8,1.0,22,30,-0.19999999999999996
Liquid chromatography–mass spectrometry,0.8,1.0,73,5,-0.19999999999999996
Favipiravir,0.8,1.0,60,10,-0.19999999999999996
Hydroxycarboxylic acid receptor 2,0.8,1.0,29,30,-0.19999999999999996
List of years in comics,0.8,1.0,87,5,-0.19999999999999996
K-nearest neighbors algorithm,0.8,1.0,23,5,-0.19999999999999996
Pseudomonas,0.8,1.0,26,40,-0.19999999999999996
Cefotaxime,0.8,1.0,96,5,-0.19999999999999996
"Interleukin 13 receptor, alpha 1",0.8,1.0,1,30,-0.19999999999999996
Respiratory quotient,0.8,1.0,57,30,-0.19999999999999996
NIH Public Access Policy,0.8,1.0,68,10,-0.19999999999999996
Attention (machine learning),0.8,1.0,41,110,-0.19999999999999996
Mermithidae,0.8,1.0,26,10,-0.19999999999999996
Key escrow,0.8,1.0,69,5,-0.19999999999999996
List of city-building video games,0.8,1.0,49,10,-0.19999999999999996
Index of biology articles,0.8,1.0,21,5,-0.19999999999999996
Descriptive research,0.8,1.0,83,10,-0.19999999999999996
Thiomersal and vaccines,0.8,1.0,99,35,-0.19999999999999996
Bispecific monoclonal antibody,0.8,1.0,14,35,-0.19999999999999996
Microsoft Office 2004 for Mac,0.8,1.0,95,5,-0.19999999999999996
Palestinian rocket attacks on Israel,0.8,1.0,71,5,-0.19999999999999996
Culex pipiens,0.8,1.0,33,40,-0.19999999999999996
Adenine,0.8,1.0,46,95,-0.19999999999999996
Chromosome conformation capture,0.8,1.0,38,125,-0.19999999999999996
Cockayne syndrome,0.8,1.0,24,10,-0.19999999999999996
Chromothripsis,0.8,1.0,95,10,-0.19999999999999996
Human poisoning,0.8,1.0,0,5,-0.19999999999999996
Black hairy tongue,0.8,1.0,71,10,-0.19999999999999996
Ribose,0.8,1.0,92,10,-0.19999999999999996
List of Book of Mormon places,0.8,1.0,10,75,-0.19999999999999996
Platypus venom,0.8,1.0,20,35,-0.19999999999999996
PLK2,0.8,1.0,10,5,-0.19999999999999996
Cerebral venous sinus thrombosis,0.8,1.0,99,5,-0.19999999999999996
Hypergeometric distribution,0.8,1.0,89,5,-0.19999999999999996
Parkin (protein),0.8,1.0,36,30,-0.19999999999999996
Junk DNA,0.8,1.0,50,125,-0.19999999999999996
Model selection,0.8,1.0,91,20,-0.19999999999999996
Pectin,0.8,1.0,69,15,-0.19999999999999996
Big O in probability notation,0.8,1.0,75,10,-0.19999999999999996
Sesamoiditis,0.8,1.0,57,5,-0.19999999999999996
Chronic pancreatitis,0.8,1.0,79,5,-0.19999999999999996
Hematologic disease,0.8,1.0,92,10,-0.19999999999999996
Hematochezia,0.8,1.0,36,5,-0.19999999999999996
Kinamycin,0.8,1.0,64,15,-0.19999999999999996
List of dopaminergic drugs,0.8,1.0,54,10,-0.19999999999999996
Trinitarianism in the Church Fathers,0.8,1.0,82,5,-0.19999999999999996
Angiotensin II receptor blocker,0.8,1.0,5,10,-0.19999999999999996
Glucokinase,0.8,1.0,20,15,-0.19999999999999996
Saddleback caterpillar,0.8,1.0,42,15,-0.19999999999999996
Klebsiella variicola,0.8,1.0,72,15,-0.19999999999999996
List of doping cases in sport (Z),0.8,1.0,38,5,-0.19999999999999996
Object–relational database,0.8,1.0,33,10,-0.19999999999999996
Attested language,0.8,1.0,15,10,-0.19999999999999996
Rectal discharge,0.8,1.0,12,5,-0.19999999999999996
Dermatan sulfate,0.8,1.0,98,5,-0.19999999999999996
Barometric formula,0.8,1.0,71,5,-0.19999999999999996
Sequence alignment,0.8,1.0,80,315,-0.19999999999999996
Hypertensive crisis,0.8,1.0,47,5,-0.19999999999999996
Bromotrifluoromethane,0.8,1.0,16,25,-0.19999999999999996
Senescence,0.8,1.0,42,5,-0.19999999999999996
List of Schedule 2 substances (CWC),0.8,1.0,82,25,-0.19999999999999996
Stock footage,0.8,1.0,82,5,-0.19999999999999996
Reporter gene,0.8,1.0,68,120,-0.19999999999999996
Bacterial secretion system,0.8,1.0,31,55,-0.19999999999999996
Anesthetic,0.8,1.0,85,5,-0.19999999999999996
Nasal cannula,0.8,1.0,42,5,-0.19999999999999996
Nasal consonant,0.8,1.0,67,5,-0.19999999999999996
Stenotrophomonas,0.8,1.0,53,50,-0.19999999999999996
Internet outage,0.8,1.0,38,5,-0.19999999999999996
Preferred IUPAC name,0.6,0.8,91,5,-0.20000000000000007
Browser engine,0.6,0.8,60,5,-0.20000000000000007
Iron metabolism disorder,0.6,0.8,80,55,-0.20000000000000007
Drug metabolism,0.6,0.8,100,10,-0.20000000000000007
Lockheed WC-130,0.6,0.8,26,5,-0.20000000000000007
Pleurotus eryngii,0.6,0.8,48,10,-0.20000000000000007
Chimpanzee–human last common ancestor,0.6,0.8,68,10,-0.20000000000000007
List of physical properties of glass,0.6,0.8,53,5,-0.20000000000000007
Budd–Chiari syndrome,0.6,0.8,38,5,-0.20000000000000007
List of potentially habitable exoplanets,0.6,0.8,73,10,-0.20000000000000007
Arthur Harris,0.6,0.8,45,5,-0.20000000000000007
Wolinella,0.6,0.8,70,15,-0.20000000000000007
Web archiving,0.6,0.8,77,5,-0.20000000000000007
Internet censorship and surveillance in the Americas,0.6,0.8,47,5,-0.20000000000000007
Brodifacoum,0.6,0.8,28,5,-0.20000000000000007
Diastrophic dysplasia,0.6,0.8,92,5,-0.20000000000000007
Asthma,0.6,0.8,68,10,-0.20000000000000007
List of misidentified chemical elements,0.6,0.8,40,20,-0.20000000000000007
Yellow-headed day gecko,0.6,0.8,82,5,-0.20000000000000007
Ptaquiloside,0.6,0.8,65,65,-0.20000000000000007
Inverted repeat-lacking clade,0.6,0.8,89,5,-0.20000000000000007
List of most-visited museums in the United States,0.6,0.8,76,5,-0.20000000000000007
Dinitrogen tetroxide,0.6,0.8,59,5,-0.20000000000000007
Pith,0.6,0.8,83,5,-0.20000000000000007
Psilocybe subaeruginosa,0.6,0.8,99,5,-0.20000000000000007
Chestnut (horse color),0.6,0.8,98,5,-0.20000000000000007
1954–55 La Liga,0.6,0.8,27,45,-0.20000000000000007
Bromine,0.6,0.8,55,5,-0.20000000000000007
Dihydrofolate reductase,0.6,0.8,81,50,-0.20000000000000007
Index of Windows games (E),0.6,0.8,21,50,-0.20000000000000007
Loxapine,0.6,0.8,39,5,-0.20000000000000007
Electrical disruptions caused by squirrels,0.6,0.8,69,5,-0.20000000000000007
Broselow tape,0.6,0.8,79,10,-0.20000000000000007
Bronchiolitis obliterans,0.6,0.8,42,5,-0.20000000000000007
2002 Tampa Cessna 172 crash,0.6,0.8,64,10,-0.20000000000000007
Vitamin deficiency,0.6,0.8,88,5,-0.20000000000000007
Pseudomonadota,0.6,0.8,36,45,-0.20000000000000007
Losses in electrical systems,0.6,0.8,80,5,-0.20000000000000007
Phytophthora infestans,0.6,0.8,36,10,-0.20000000000000007
Artemisia (plant),0.6,0.8,73,5,-0.20000000000000007
Durophagy,0.6,0.8,15,5,-0.20000000000000007
List of mathematical examples,0.6,0.8,83,30,-0.20000000000000007
Intracerebral hemorrhage,0.6,0.8,23,5,-0.20000000000000007
List of mass spectrometry software,0.6,0.8,5,65,-0.20000000000000007
Drugs and sexual desire,0.6,0.8,35,5,-0.20000000000000007
Diazinon,0.6,0.8,73,25,-0.20000000000000007
List of rampage killers,0.6,0.8,53,10,-0.20000000000000007
Sleep in bipolar disorder,0.6,0.8,87,5,-0.20000000000000007
Melatonin receptor,0.6,0.8,6,10,-0.20000000000000007
MERS,0.6,0.8,100,70,-0.20000000000000007
Ordination of women and the Catholic Church,0.6,0.8,85,5,-0.20000000000000007
Systemic primary carnitine deficiency,0.6,0.8,70,5,-0.20000000000000007
Orthogonal Procrustes problem,0.6,0.8,83,5,-0.20000000000000007
Mozilla Application Suite,0.6,0.8,96,5,-0.20000000000000007
Synthetic radioisotope,0.6,0.8,61,5,-0.20000000000000007
Cell-free protein synthesis,0.6,0.8,0,5,-0.20000000000000007
Synthesis of nucleosides,0.6,0.8,55,45,-0.20000000000000007
Biomechanics,0.6,0.8,27,10,-0.20000000000000007
Himyaritic language,0.6,0.8,56,5,-0.20000000000000007
LIM domain,0.6,0.8,83,30,-0.20000000000000007
Scombroid food poisoning,0.6,0.8,23,10,-0.20000000000000007
Immunotoxin,0.6,0.8,4,115,-0.20000000000000007
Agaricus xanthodermus,0.6,0.8,89,10,-0.20000000000000007
Covariance and contravariance (computer science),0.6,0.8,68,5,-0.20000000000000007
Scutelleridae,0.6,0.8,32,5,-0.20000000000000007
Opioid peptide,0.6,0.8,72,5,-0.20000000000000007
Cantharellus,0.6,0.8,30,55,-0.20000000000000007
Suicide terminology,0.6,0.8,101,15,-0.20000000000000007
Operation Deliberate Force,0.6,0.8,94,5,-0.20000000000000007
Secondary treatment,0.6,0.8,67,5,-0.20000000000000007
Oocystis,0.6,0.8,61,10,-0.20000000000000007
History of herbalism,0.6,0.8,89,5,-0.20000000000000007
Comparison of data modeling tools,0.6,0.8,39,30,-0.20000000000000007
Angiosarcoma,0.6,0.8,73,5,-0.20000000000000007
Cannabinoid receptor 1,0.6,0.8,39,5,-0.20000000000000007
Cryopreservation,0.6,0.8,87,15,-0.20000000000000007
Tetrodotoxin,0.6,0.8,29,15,-0.20000000000000007
Hughes–Stovin syndrome,0.6,0.8,25,15,-0.20000000000000007
Rubinstein–Taybi syndrome,0.6,0.8,90,10,-0.20000000000000007
Mine reclamation,0.6,0.8,23,5,-0.20000000000000007
Food protein-induced enterocolitis syndrome,0.6,0.8,92,55,-0.20000000000000007
List of WHO regions,0.6,0.8,69,40,-0.20000000000000007
Anthocyanin,0.6,0.8,98,10,-0.20000000000000007
Color terminology for race,0.6,0.8,54,10,-0.20000000000000007
Kidney trade in Iran,0.6,0.8,81,5,-0.20000000000000007
Fructose malabsorption,0.6,0.8,88,20,-0.20000000000000007
Oxygen therapy,0.6,0.8,6,5,-0.20000000000000007
Model of computation,0.6,0.8,93,5,-0.20000000000000007
Hoogsteen base pair,0.6,0.8,71,70,-0.20000000000000007
Aequorin,0.6,0.8,33,25,-0.20000000000000007
Mold health issues,0.6,0.8,3,70,-0.20000000000000007
Anion gap,0.6,0.8,92,5,-0.20000000000000007
GIFT (file format),0.6,0.8,79,10,-0.20000000000000007
Cephalosporin,0.6,0.8,45,20,-0.20000000000000007
List of Anglo-Saxon deities,0.6,0.8,14,5,-0.20000000000000007
Myristicin,0.6,0.8,46,40,-0.20000000000000007
List of 40 mm grenades,0.6,0.8,21,5,-0.20000000000000007
Corneal transplantation,0.6,0.8,22,5,-0.20000000000000007
Berkeley Packet Filter,0.6,0.8,46,10,-0.20000000000000007
Sieve,0.6,0.8,76,5,-0.20000000000000007
Sigma receptor,0.6,0.8,8,5,-0.20000000000000007
Noxious weed,0.6,0.8,67,5,-0.20000000000000007
Neurosyphilis,0.6,0.8,88,15,-0.20000000000000007
Somatostatin,0.6,0.8,48,5,-0.20000000000000007
Leuconostoc mesenteroides,0.6,0.8,86,50,-0.20000000000000007
Lees (fermentation),0.6,0.8,64,5,-0.20000000000000007
Allotransplantation,0.6,0.8,4,5,-0.20000000000000007
Neutropenia,0.6,0.8,97,5,-0.20000000000000007
Simmons' citrate agar,0.6,0.8,99,130,-0.20000000000000007
Northwest Orient Airlines Flight 2501,0.6,0.8,74,5,-0.20000000000000007
Leronlimab,0.6,0.8,92,25,-0.20000000000000007
Nicotinamide,0.6,0.8,97,5,-0.20000000000000007
Cataplexy,0.6,0.8,53,5,-0.20000000000000007
Halobacterium salinarum,0.6,0.8,77,30,-0.20000000000000007
Snyder–Robinson syndrome,0.6,0.8,72,5,-0.20000000000000007
HLA-B7,0.6,0.8,37,115,-0.20000000000000007
Bellman–Ford algorithm,0.6,0.8,84,5,-0.20000000000000007
Grayanotoxin,0.6,0.8,54,20,-0.20000000000000007
Lhermitte–Duclos disease,0.6,0.8,72,10,-0.20000000000000007
Hereditary fructose intolerance,0.6,0.8,74,15,-0.20000000000000007
Nucleotide base,0.6,0.8,32,30,-0.20000000000000007
Streptococcus mutans,0.6,0.8,87,40,-0.20000000000000007
Gibson assembly,0.6,0.8,0,5,-0.20000000000000007
Bats language,0.6,0.8,77,10,-0.20000000000000007
Cefixime,0.6,0.8,81,5,-0.20000000000000007
Albertosaurus,0.6,0.8,77,5,-0.20000000000000007
Naphthylaminopropane,0.6,0.8,50,15,-0.20000000000000007
Narcolepsy,0.6,0.8,78,10,-0.20000000000000007
Old Italic (Unicode block),0.6,0.8,46,5,-0.20000000000000007
Glufosinate,0.6,0.8,83,10,-0.20000000000000007
Cortinarius,0.6,0.8,33,20,-0.20000000000000007
Bickerstaff brainstem encephalitis,0.6,0.8,14,5,-0.20000000000000007
Glycine,0.6,0.8,11,15,-0.20000000000000007
Spit hood,0.6,0.8,95,10,-0.20000000000000007
Height and intelligence,0.6,0.8,31,10,-0.20000000000000007
Healy (bioresonance device),0.6,0.8,87,5,-0.20000000000000007
Latent inhibition,0.6,0.8,70,5,-0.20000000000000007
Species description,0.6,0.8,62,5,-0.20000000000000007
Hazel,0.6,0.8,21,5,-0.20000000000000007
Latin square,0.6,0.8,46,15,-0.20000000000000007
Ketanserin,0.6,0.8,35,5,-0.20000000000000007
Midichloria,0.6,0.8,61,210,-0.20000000000000007
Bacterial outer membrane,0.6,0.8,0,5,-0.20000000000000007
Esophageal achalasia,0.6,0.8,75,5,-0.20000000000000007
Peter Piot,0.6,0.8,10,5,-0.20000000000000007
Malignant hyperthermia,0.6,0.8,76,30,-0.20000000000000007
Rafflesia arnoldii,0.6,0.8,5,10,-0.20000000000000007
Apollo (spacecraft),0.6,0.8,87,5,-0.20000000000000007
Jamovi,0.6,0.8,68,10,-0.20000000000000007
Ubiquitin-conjugating enzyme,0.6,0.8,62,80,-0.20000000000000007
Janthinobacterium lividum,0.6,0.8,32,50,-0.20000000000000007
Boston keratoprosthesis,0.6,0.8,73,5,-0.20000000000000007
Japanese godan and ichidan verbs,0.6,0.8,87,5,-0.20000000000000007
List of herbivorous animals,0.6,0.8,81,20,-0.20000000000000007
704th Military Intelligence Brigade,0.6,0.8,40,5,-0.20000000000000007
Peptoid,0.6,0.8,15,65,-0.20000000000000007
Marginal value theorem,0.6,0.8,23,5,-0.20000000000000007
Autophagy,0.6,0.8,87,5,-0.20000000000000007
ICP4,0.6,0.8,0,5,-0.20000000000000007
Trioxidane,0.6,0.8,75,10,-0.20000000000000007
Theophylline,0.6,0.8,57,5,-0.20000000000000007
Reducing sugar,0.6,0.8,82,5,-0.20000000000000007
Peziza domiciliana,0.6,0.8,22,10,-0.20000000000000007
2024–25 Fehérvár FC season,0.6,0.8,78,15,-0.20000000000000007
Reference work,0.6,0.8,90,10,-0.20000000000000007
Enhancer (genetics),0.6,0.8,60,55,-0.20000000000000007
Phospholipid,0.6,0.8,47,15,-0.20000000000000007
MMLU,0.6,0.8,101,30,-0.20000000000000007
Vasospasm,0.6,0.8,56,5,-0.20000000000000007
List of largest snakes,0.6,0.8,100,5,-0.20000000000000007
MTORC1,0.6,0.8,44,20,-0.20000000000000007
Variant angina,0.6,0.8,94,5,-0.20000000000000007
2023–24 South Pacific cyclone season,0.6,0.8,63,10,-0.20000000000000007
Enhanced interrogation techniques,0.6,0.8,55,5,-0.20000000000000007
Phlegm,0.6,0.8,50,20,-0.20000000000000007
Pharmacogenomics,0.6,0.8,54,70,-0.20000000000000007
Chemical oxygen generator,0.6,0.8,98,5,-0.20000000000000007
Ivosidenib,0.6,0.8,14,15,-0.20000000000000007
RNA methylation,0.6,0.8,0,5,-0.20000000000000007
Maggot farming,0.6,0.8,96,5,-0.20000000000000007
ROUGE (metric),0.6,0.8,98,30,-0.20000000000000007
Pharmacometrics,0.6,0.8,39,5,-0.20000000000000007
Magnesium in biology,0.6,0.8,82,5,-0.20000000000000007
Magnetic energy,0.6,0.8,12,5,-0.20000000000000007
Blood–testis barrier,0.6,0.8,20,15,-0.20000000000000007
Jet (mathematics),0.6,0.8,51,5,-0.20000000000000007
Curing (food preservation),0.6,0.8,20,5,-0.20000000000000007
Calprotectin,0.6,0.8,68,60,-0.20000000000000007
Hyalocyte,0.6,0.8,18,10,-0.20000000000000007
Fetal viability,0.6,0.8,18,5,-0.20000000000000007
List of birds of Colorado,0.6,0.8,4,5,-0.20000000000000007
Humoral immunity,0.6,0.8,71,40,-0.20000000000000007
Metabolome,0.6,0.8,89,185,-0.20000000000000007
Timeline of DOS operating systems,0.6,0.8,83,10,-0.20000000000000007
Rhizobia,0.6,0.8,51,45,-0.20000000000000007
Kangri cancer,0.6,0.8,92,5,-0.20000000000000007
Pangalliformes,0.6,0.8,1,5,-0.20000000000000007
Methanosarcina acetivorans,0.6,0.8,40,25,-0.20000000000000007
Antiestrogen,0.6,0.8,34,5,-0.20000000000000007
Palmomental reflex,0.6,0.8,45,5,-0.20000000000000007
Methylmalonic acidemias,0.6,0.8,100,25,-0.20000000000000007
List of antiandrogens,0.6,0.8,61,5,-0.20000000000000007
Richter's transformation,0.6,0.8,87,5,-0.20000000000000007
Thioredoxin reductase,0.6,0.8,65,50,-0.20000000000000007
Cogan syndrome,0.6,0.8,16,5,-0.20000000000000007
Pain tolerance,0.6,0.8,61,35,-0.20000000000000007
Bacterial conjugation,0.6,0.8,0,5,-0.20000000000000007
Theridion grallator,0.6,0.8,53,5,-0.20000000000000007
Floxing,0.6,0.8,1,40,-0.20000000000000007
MassMatrix,0.6,0.8,96,30,-0.20000000000000007
Linear Aerospike SR-71 Experiment,0.6,0.8,84,5,-0.20000000000000007
Reversal test,0.6,0.8,92,5,-0.20000000000000007
Exercise-induced bronchoconstriction,0.6,0.8,23,55,-0.20000000000000007
Membrane fluidity,0.6,0.8,100,5,-0.20000000000000007
Hymenolepis nana,0.6,0.8,64,5,-0.20000000000000007
Patient-Reported Outcomes Measurement Information System,0.6,0.8,62,5,-0.20000000000000007
Familial natural short sleep,0.6,0.8,70,10,-0.20000000000000007
Trichoderma cornu-damae,0.6,0.8,53,35,-0.20000000000000007
Jurkat cells,0.6,0.8,93,25,-0.20000000000000007
Transfer learning,0.6,0.8,29,5,-0.20000000000000007
Mast cell leukemia,0.6,0.8,44,10,-0.20000000000000007
Religious and political symbols in Unicode,0.6,0.8,56,5,-0.20000000000000007
Research data archiving,0.6,0.8,33,15,-0.20000000000000007
Clotrimazole,0.6,0.8,70,5,-0.20000000000000007
Exercise Alice,0.6,0.8,39,5,-0.20000000000000007
Travel during the COVID-19 pandemic,0.6,0.8,100,5,-0.20000000000000007
Cagrilintide,0.5,0.75,24,4,-0.25
Reassortment,0.5,0.75,0,4,-0.25
Cystine,0.6666666666666666,1.0,5,3,-0.33333333333333337
FASTQ format,0.6,1.0,48,305,-0.4
List of monastic houses in Dorset,0.6,1.0,44,255,-0.4
Neighbor Discovery Protocol,0.6,1.0,59,10,-0.4
Aloin,0.6,1.0,20,20,-0.4
Brevetoxin,0.6,1.0,0,5,-0.4
Evolution of sexual reproduction,0.6,1.0,77,10,-0.4
Peroxisome proliferator-activated receptor alpha,0.5,1.0,89,16,-0.5
